order_id,customer_id,payment_id,shipping_id,order_date
1,558,1,1,2025-12-03
2,185,2,2,2026-06-29
3,798,3,3,2026-03-06
4,599,4,4,2025-06-11
5,247,5,5,2025-03-14
6,867,6,6,2025-11-08
7,607,7,7,2026-04-25
8,578,8,8,2026-08-02
9,317,9,9,2026-01-22
10,239,10,10,2026-05-14
11,340,11,11,2025-09-26
12,182,12,12,2026-06-21
13,722,13,13,2025-01-09
14,722,14,14,2025-03-04
15,331,15,15,2025-02-20
16,325,16,16,2026-03-23
17,604,17,17,2026-07-15
18,182,18,18,2025-10-18
19,617,19,19,2025-02-09
20,145,20,20,2025-12-30
21,172,21,21,2025-10-04
22,215,22,22,2024-12-11
23,111,23,23,2024-12-22
24,430,24,24,2025-10-09
25,560,25,25,2026-03-28
26,463,26,26,2025-01-26
27,268,27,27,2024-10-21
28,165,28,28,2025-05-14
29,629,29,29,2026-07-04
30,912,30,30,2026-05-16
31,211,31,31,2025-09-22
32,244,32,32,2025-09-20
33,56,33,33,2025-09-21
34,844,34,34,2025-08-15
35,212,35,35,2026-03-14
36,119,36,36,2026-02-24
37,272,37,37,2026-07-06
38,907,38,38,2025-09-05
39,270,39,39,2025-07-07
40,276,40,40,2026-05-10
41,685,41,41,2025-10-17
42,63,42,42,2025-04-03
43,903,43,43,2024-11-16
44,925,44,44,2025-09-08
45,460,45,45,2026-07-13
46,44,46,46,2025-02-12
47,643,47,47,2025-03-26
48,937,48,48,2026-05-01
49,334,49,49,2025-11-08
50,718,50,50,2026-07-17
51,154,51,51,2026-04-22
52,799,52,52,2024-08-22
53,393,53,53,2024-11-15
54,283,54,54,2024-12-17
55,911,55,55,2025-10-07
56,919,56,56,2025-11-02
57,288,57,57,2026-05-16
58,998,58,58,2025-06-20
59,662,59,59,2025-04-28
60,417,60,60,2025-01-09
61,811,61,61,2026-05-20
62,139,62,62,2025-08-05
63,897,63,63,2025-04-20
64,52,64,64,2025-10-06
65,476,65,65,2026-03-24
66,382,66,66,2025-06-04
67,486,67,67,2025-09-07
68,858,68,68,2025-09-16
69,51,69,69,2024-09-24
70,231,70,70,2026-06-01
71,800,71,71,2025-09-06
72,821,72,72,2025-11-22
73,991,73,73,2026-03-17
74,259,74,74,2026-03-12
75,105,75,75,2025-03-05
76,701,76,76,2025-07-12
77,656,77,77,2025-09-08
78,154,78,78,2024-12-22
79,328,79,79,2026-03-08
80,929,80,80,2025-02-14
81,726,81,81,2025-08-01
82,548,82,82,2026-04-17
83,674,83,83,2026-07-28
84,132,84,84,2024-10-22
85,92,85,85,2025-11-02
86,808,86,86,2026-07-19
87,872,87,87,2026-06-15
88,911,88,88,2026-01-31
89,306,89,89,2025-04-29
90,351,90,90,2025-12-14
91,884,91,91,2026-04-04
92,182,92,92,2025-11-14
93,215,93,93,2025-03-25
94,782,94,94,2024-11-01
95,440,95,95,2025-01-16
96,205,96,96,2025-10-07
97,693,97,97,2026-05-04
98,133,98,98,2025-09-17
99,844,99,99,2026-07-17
100,533,100,100,2026-06-04
101,138,101,101,2025-03-02
102,971,102,102,2026-03-01
103,135,103,103,2026-03-01
104,729,104,104,2025-01-08
105,50,105,105,2026-03-11
106,455,106,106,2025-08-23
107,157,107,107,2025-11-19
108,104,108,108,2026-03-25
109,921,109,109,2024-10-30
110,804,110,110,2025-02-27
111,270,111,111,2024-12-17
112,165,112,112,2025-08-17
113,956,113,113,2026-05-16
114,688,114,114,2024-08-29
115,799,115,115,2026-03-18
116,237,116,116,2024-09-24
117,103,117,117,2025-03-10
118,694,118,118,2025-09-23
119,777,119,119,2024-08-21
120,367,120,120,2026-07-28
121,835,121,121,2025-01-10
122,986,122,122,2024-12-28
123,432,123,123,2026-06-19
124,164,124,124,2024-09-20
125,626,125,125,2025-03-07
126,943,126,126,2026-05-29
127,65,127,127,2025-12-15
128,895,128,128,2024-12-21
129,745,129,129,2024-11-02
130,860,130,130,2025-06-13
131,957,131,131,2025-11-28
132,170,132,132,2025-02-03
133,994,133,133,2026-02-23
134,837,134,134,2025-01-04
135,587,135,135,2025-12-05
136,122,136,136,2024-08-21
137,37,137,137,2024-10-13
138,619,138,138,2026-04-19
139,373,139,139,2024-11-05
140,786,140,140,2026-01-14
141,464,141,141,2025-02-18
142,364,142,142,2026-05-09
143,919,143,143,2026-02-16
144,261,144,144,2024-12-18
145,403,145,145,2025-02-24
146,776,146,146,2025-10-27
147,675,147,147,2024-12-04
148,544,148,148,2026-02-21
149,800,149,149,2025-03-12
150,397,150,150,2025-03-20
151,429,151,151,2025-01-20
152,994,152,152,2026-02-15
153,617,153,153,2024-10-23
154,215,154,154,2026-06-02
155,666,155,155,2026-05-15
156,361,156,156,2025-06-28
157,433,157,157,2026-06-20
158,149,158,158,2025-05-22
159,805,159,159,2026-06-07
160,64,160,160,2026-02-02
161,464,161,161,2025-09-28
162,524,162,162,2024-10-13
163,980,163,163,2025-12-12
164,258,164,164,2026-01-12
165,722,165,165,2025-08-20
166,460,166,166,2025-03-15
167,527,167,167,2026-03-19
168,570,168,168,2026-01-08
169,339,169,169,2026-07-12
170,612,170,170,2026-04-03
171,587,171,171,2025-08-12
172,226,172,172,2025-03-21
173,426,173,173,2025-02-21
174,227,174,174,2026-02-22
175,224,175,175,2025-12-15
176,685,176,176,2026-06-11
177,699,177,177,2024-12-09
178,554,178,178,2025-02-12
179,499,179,179,2026-07-17
180,85,180,180,2024-11-10
181,687,181,181,2025-02-02
182,849,182,182,2026-06-29
183,735,183,183,2025-12-19
184,183,184,184,2025-03-29
185,418,185,185,2026-05-29
186,18,186,186,2024-11-20
187,764,187,187,2025-11-01
188,109,188,188,2026-03-27
189,949,189,189,2025-10-01
190,161,190,190,2026-03-16
191,817,191,191,2026-04-24
192,909,192,192,2025-06-24
193,6,193,193,2026-03-02
194,216,194,194,2025-05-26
195,189,195,195,2024-08-27
196,186,196,196,2025-06-15
197,688,197,197,2025-07-24
198,595,198,198,2026-07-03
199,672,199,199,2025-09-06
200,326,200,200,2024-09-16
201,599,201,201,2025-02-13
202,173,202,202,2024-08-29
203,758,203,203,2025-05-31
204,751,204,204,2024-09-08
205,794,205,205,2025-04-26
206,622,206,206,2026-02-26
207,752,207,207,2025-01-24
208,32,208,208,2026-03-10
209,565,209,209,2025-05-23
210,402,210,210,2024-09-01
211,514,211,211,2025-12-07
212,11,212,212,2025-06-21
213,164,213,213,2024-11-07
214,42,214,214,2026-01-24
215,379,215,215,2026-06-25
216,481,216,216,2025-10-23
217,721,217,217,2025-06-22
218,670,218,218,2025-01-01
219,997,219,219,2024-08-06
220,889,220,220,2025-08-10
221,904,221,221,2024-08-25
222,527,222,222,2026-05-16
223,371,223,223,2024-11-26
224,339,224,224,2026-05-21
225,605,225,225,2025-02-17
226,131,226,226,2025-12-21
227,525,227,227,2025-04-22
228,265,228,228,2026-03-25
229,746,229,229,2025-10-22
230,483,230,230,2024-09-07
231,147,231,231,2024-10-13
232,703,232,232,2025-12-05
233,395,233,233,2026-02-10
234,881,234,234,2026-04-08
235,488,235,235,2026-07-08
236,121,236,236,2024-09-27
237,695,237,237,2026-01-26
238,45,238,238,2025-03-01
239,788,239,239,2025-11-22
240,261,240,240,2025-08-07
241,898,241,241,2025-10-03
242,727,242,242,2025-11-06
243,671,243,243,2024-09-07
244,159,244,244,2026-02-11
245,549,245,245,2024-10-02
246,407,246,246,2025-05-06
247,573,247,247,2025-03-21
248,353,248,248,2026-06-13
249,802,249,249,2025-07-12
250,805,250,250,2025-05-06
251,988,251,251,2025-07-24
252,446,252,252,2024-08-21
253,82,253,253,2024-10-14
254,672,254,254,2025-04-08
255,507,255,255,2026-03-04
256,35,256,256,2025-01-25
257,37,257,257,2024-10-25
258,283,258,258,2024-09-21
259,206,259,259,2024-10-02
260,292,260,260,2025-07-10
261,284,261,261,2026-04-28
262,589,262,262,2025-10-31
263,110,263,263,2026-05-31
264,823,264,264,2026-04-20
265,577,265,265,2026-04-03
266,472,266,266,2026-04-04
267,70,267,267,2025-06-22
268,979,268,268,2026-06-06
269,295,269,269,2025-11-14
270,954,270,270,2024-09-17
271,916,271,271,2026-04-02
272,755,272,272,2025-12-14
273,235,273,273,2024-09-09
274,110,274,274,2024-09-23
275,878,275,275,2025-12-21
276,323,276,276,2025-07-05
277,783,277,277,2024-10-19
278,591,278,278,2025-10-22
279,34,279,279,2025-10-13
280,1000,280,280,2025-11-11
281,9,281,281,2025-02-23
282,371,282,282,2025-12-18
283,276,283,283,2024-08-26
284,511,284,284,2025-12-27
285,875,285,285,2025-02-03
286,135,286,286,2026-05-27
287,242,287,287,2024-08-22
288,820,288,288,2025-02-22
289,512,289,289,2025-12-16
290,257,290,290,2024-09-18
291,708,291,291,2025-01-29
292,860,292,292,2026-03-30
293,369,293,293,2024-11-23
294,422,294,294,2026-01-04
295,292,295,295,2026-06-10
296,391,296,296,2026-07-24
297,172,297,297,2024-12-20
298,166,298,298,2025-07-05
299,299,299,299,2026-03-30
300,800,300,300,2024-09-30
301,189,301,301,2024-12-23
302,718,302,302,2025-05-10
303,98,303,303,2026-02-03
304,407,304,304,2026-03-19
305,160,305,305,2024-10-29
306,756,306,306,2025-06-25
307,859,307,307,2025-11-21
308,938,308,308,2026-07-07
309,456,309,309,2025-01-20
310,767,310,310,2025-11-16
311,553,311,311,2024-10-29
312,423,312,312,2026-06-05
313,536,313,313,2024-11-26
314,9,314,314,2026-02-26
315,441,315,315,2026-04-16
316,383,316,316,2026-04-26
317,168,317,317,2025-12-30
318,433,318,318,2026-05-02
319,761,319,319,2025-12-12
320,71,320,320,2026-02-23
321,467,321,321,2024-10-15
322,329,322,322,2025-04-07
323,996,323,323,2024-12-19
324,449,324,324,2025-03-20
325,506,325,325,2025-10-04
326,819,326,326,2026-06-24
327,83,327,327,2025-08-08
328,557,328,328,2025-01-14
329,391,329,329,2025-01-12
330,999,330,330,2026-04-10
331,753,331,331,2025-03-19
332,698,332,332,2026-07-23
333,960,333,333,2024-10-13
334,654,334,334,2025-11-19
335,683,335,335,2026-07-26
336,16,336,336,2025-04-23
337,249,337,337,2025-04-21
338,790,338,338,2026-03-06
339,703,339,339,2025-10-05
340,661,340,340,2026-05-01
341,239,341,341,2024-12-01
342,198,342,342,2025-10-21
343,921,343,343,2026-07-27
344,714,344,344,2026-06-23
345,750,345,345,2024-10-23
346,159,346,346,2026-03-25
347,1,347,347,2026-01-07
348,878,348,348,2025-08-14
349,65,349,349,2026-07-03
350,565,350,350,2025-05-16
351,657,351,351,2026-03-21
352,856,352,352,2024-12-23
353,498,353,353,2025-05-23
354,502,354,354,2025-05-02
355,227,355,355,2026-06-22
356,504,356,356,2026-02-16
357,762,357,357,2024-10-23
358,42,358,358,2025-02-21
359,100,359,359,2025-05-21
360,539,360,360,2024-10-03
361,109,361,361,2026-01-10
362,171,362,362,2024-12-24
363,674,363,363,2026-05-19
364,564,364,364,2026-07-03
365,744,365,365,2025-10-19
366,785,366,366,2025-07-23
367,983,367,367,2025-12-14
368,17,368,368,2026-07-12
369,228,369,369,2025-08-31
370,524,370,370,2025-07-04
371,472,371,371,2025-11-28
372,911,372,372,2025-02-27
373,308,373,373,2024-11-15
374,80,374,374,2026-07-14
375,921,375,375,2025-10-30
376,828,376,376,2026-04-07
377,343,377,377,2026-07-09
378,789,378,378,2025-03-20
379,313,379,379,2025-12-22
380,515,380,380,2025-11-08
381,771,381,381,2026-02-10
382,297,382,382,2024-09-06
383,488,383,383,2025-02-11
384,409,384,384,2024-12-03
385,573,385,385,2025-05-11
386,631,386,386,2026-05-01
387,796,387,387,2026-06-04
388,424,388,388,2025-10-01
389,353,389,389,2026-06-04
390,632,390,390,2025-07-12
391,947,391,391,2025-01-14
392,746,392,392,2026-05-15
393,949,393,393,2025-12-08
394,824,394,394,2024-11-12
395,340,395,395,2024-11-06
396,536,396,396,2025-03-08
397,716,397,397,2025-04-27
398,62,398,398,2026-05-27
399,671,399,399,2026-05-04
400,873,400,400,2025-12-31
401,905,401,401,2025-03-02
402,102,402,402,2025-02-23
403,513,403,403,2024-10-19
404,945,404,404,2024-11-28
405,763,405,405,2025-10-04
406,641,406,406,2025-12-23
407,264,407,407,2026-07-21
408,350,408,408,2024-10-30
409,984,409,409,2026-01-29
410,157,410,410,2026-01-09
411,135,411,411,2025-07-18
412,706,412,412,2026-02-12
413,956,413,413,2026-03-15
414,546,414,414,2025-11-28
415,31,415,415,2025-08-28
416,764,416,416,2025-03-30
417,190,417,417,2026-01-16
418,238,418,418,2026-06-29
419,799,419,419,2025-02-27
420,873,420,420,2024-11-07
421,198,421,421,2025-07-05
422,974,422,422,2026-03-31
423,182,423,423,2026-05-25
424,469,424,424,2025-05-09
425,753,425,425,2024-08-16
426,112,426,426,2024-12-26
427,551,427,427,2025-06-01
428,299,428,428,2026-06-07
429,171,429,429,2025-12-13
430,850,430,430,2025-10-10
431,600,431,431,2025-10-22
432,462,432,432,2025-10-12
433,93,433,433,2025-02-05
434,117,434,434,2024-11-24
435,811,435,435,2025-09-05
436,390,436,436,2024-10-26
437,890,437,437,2024-09-16
438,317,438,438,2025-03-02
439,984,439,439,2026-06-22
440,510,440,440,2026-06-21
441,223,441,441,2026-02-26
442,82,442,442,2025-11-22
443,285,443,443,2025-03-05
444,152,444,444,2026-01-21
445,34,445,445,2024-08-06
446,51,446,446,2025-05-26
447,292,447,447,2026-01-23
448,593,448,448,2026-04-25
449,378,449,449,2024-08-31
450,483,450,450,2025-08-09
451,424,451,451,2026-08-02
452,586,452,452,2025-11-05
453,624,453,453,2026-07-14
454,577,454,454,2026-03-06
455,185,455,455,2026-06-09
456,122,456,456,2025-05-16
457,631,457,457,2025-07-16
458,574,458,458,2024-08-08
459,810,459,459,2025-08-24
460,332,460,460,2026-01-22
461,742,461,461,2025-03-13
462,339,462,462,2025-05-17
463,140,463,463,2026-01-15
464,803,464,464,2024-10-21
465,549,465,465,2025-11-19
466,993,466,466,2025-10-08
467,642,467,467,2026-07-26
468,120,468,468,2026-06-25
469,89,469,469,2025-05-16
470,974,470,470,2026-07-11
471,384,471,471,2026-02-27
472,26,472,472,2025-05-28
473,946,473,473,2025-11-15
474,788,474,474,2026-06-18
475,38,475,475,2024-09-24
476,955,476,476,2026-04-24
477,911,477,477,2025-05-11
478,777,478,478,2026-04-28
479,294,479,479,2025-11-21
480,121,480,480,2025-03-08
481,16,481,481,2026-05-17
482,359,482,482,2025-01-29
483,824,483,483,2025-03-02
484,319,484,484,2025-08-23
485,30,485,485,2026-04-16
486,89,486,486,2025-04-30
487,365,487,487,2026-01-01
488,783,488,488,2025-06-06
489,822,489,489,2025-03-21
490,660,490,490,2024-09-15
491,882,491,491,2026-05-24
492,717,492,492,2026-05-30
493,67,493,493,2026-03-09
494,867,494,494,2025-04-02
495,106,495,495,2026-03-04
496,310,496,496,2024-11-24
497,636,497,497,2025-04-08
498,68,498,498,2025-09-25
499,807,499,499,2025-11-20
500,686,500,500,2026-03-09
501,611,501,501,2026-04-27
502,316,502,502,2025-08-12
503,507,503,503,2025-06-16
504,925,504,504,2026-07-06
505,299,505,505,2026-07-14
506,698,506,506,2025-03-06
507,938,507,507,2026-04-04
508,131,508,508,2026-03-09
509,721,509,509,2026-02-02
510,32,510,510,2025-12-09
511,392,511,511,2025-03-15
512,178,512,512,2025-10-27
513,947,513,513,2025-03-24
514,687,514,514,2026-01-04
515,17,515,515,2025-08-03
516,141,516,516,2025-06-20
517,522,517,517,2025-12-19
518,232,518,518,2026-04-27
519,749,519,519,2026-05-05
520,591,520,520,2025-09-26
521,378,521,521,2025-07-11
522,748,522,522,2026-04-15
523,912,523,523,2025-11-12
524,760,524,524,2025-12-08
525,548,525,525,2026-01-04
526,752,526,526,2024-11-27
527,172,527,527,2026-05-29
528,645,528,528,2026-07-07
529,299,529,529,2025-07-15
530,130,530,530,2026-04-07
531,631,531,531,2026-04-19
532,115,532,532,2024-08-21
533,828,533,533,2025-01-07
534,819,534,534,2026-04-26
535,610,535,535,2024-11-07
536,677,536,536,2026-07-31
537,658,537,537,2026-01-13
538,409,538,538,2026-08-03
539,700,539,539,2025-04-17
540,892,540,540,2026-07-17
541,695,541,541,2026-06-03
542,653,542,542,2025-02-25
543,274,543,543,2025-03-22
544,692,544,544,2024-08-31
545,707,545,545,2025-03-13
546,70,546,546,2024-08-31
547,457,547,547,2025-03-07
548,35,548,548,2025-07-01
549,673,549,549,2025-02-24
550,877,550,550,2025-05-15
551,713,551,551,2025-12-07
552,959,552,552,2026-01-25
553,926,553,553,2025-01-11
554,796,554,554,2024-10-18
555,265,555,555,2024-10-16
556,951,556,556,2025-07-29
557,504,557,557,2025-12-29
558,659,558,558,2025-01-09
559,75,559,559,2025-10-05
560,919,560,560,2025-02-16
561,400,561,561,2024-12-24
562,4,562,562,2025-03-30
563,865,563,563,2026-02-25
564,978,564,564,2026-06-29
565,311,565,565,2026-04-14
566,874,566,566,2026-05-25
567,208,567,567,2024-09-17
568,196,568,568,2025-09-18
569,87,569,569,2025-10-19
570,26,570,570,2025-02-21
571,812,571,571,2025-03-11
572,38,572,572,2026-04-02
573,122,573,573,2025-04-05
574,594,574,574,2025-07-07
575,670,575,575,2025-08-13
576,665,576,576,2025-09-14
577,841,577,577,2026-04-23
578,838,578,578,2025-04-02
579,824,579,579,2025-12-08
580,124,580,580,2026-04-04
581,988,581,581,2025-02-27
582,124,582,582,2025-09-27
583,379,583,583,2025-04-02
584,42,584,584,2025-12-22
585,901,585,585,2026-02-08
586,949,586,586,2024-09-05
587,827,587,587,2026-05-27
588,278,588,588,2024-09-02
589,626,589,589,2025-11-09
590,974,590,590,2026-01-30
591,572,591,591,2025-12-17
592,371,592,592,2025-03-22
593,642,593,593,2026-07-08
594,816,594,594,2026-04-27
595,687,595,595,2025-07-05
596,446,596,596,2025-03-30
597,759,597,597,2024-10-11
598,30,598,598,2026-01-02
599,739,599,599,2026-06-16
600,766,600,600,2025-11-18
601,101,601,601,2025-01-02
602,76,602,602,2025-02-14
603,149,603,603,2025-03-21
604,383,604,604,2025-06-17
605,208,605,605,2025-11-25
606,140,606,606,2026-03-07
607,779,607,607,2024-08-19
608,814,608,608,2024-11-23
609,878,609,609,2026-07-26
610,474,610,610,2024-11-21
611,336,611,611,2026-03-05
612,920,612,612,2026-07-21
613,752,613,613,2024-10-26
614,830,614,614,2026-05-06
615,572,615,615,2025-01-01
616,303,616,616,2026-07-04
617,313,617,617,2024-08-17
618,791,618,618,2026-06-06
619,476,619,619,2026-02-05
620,34,620,620,2024-10-20
621,702,621,621,2024-11-08
622,969,622,622,2025-03-12
623,477,623,623,2024-09-26
624,664,624,624,2025-04-22
625,245,625,625,2025-01-03
626,763,626,626,2026-07-18
627,697,627,627,2026-04-05
628,354,628,628,2025-05-29
629,545,629,629,2025-11-10
630,690,630,630,2025-07-25
631,401,631,631,2025-07-05
632,283,632,632,2026-07-09
633,210,633,633,2026-01-16
634,555,634,634,2025-11-05
635,756,635,635,2025-10-03
636,893,636,636,2025-05-04
637,352,637,637,2025-03-03
638,581,638,638,2026-05-01
639,496,639,639,2026-07-28
640,292,640,640,2025-03-15
641,997,641,641,2026-01-15
642,43,642,642,2024-10-12
643,379,643,643,2025-12-21
644,152,644,644,2025-11-21
645,943,645,645,2026-01-09
646,951,646,646,2025-09-07
647,663,647,647,2025-05-28
648,579,648,648,2024-12-15
649,143,649,649,2026-01-08
650,633,650,650,2025-01-27
651,57,651,651,2026-07-19
652,24,652,652,2026-05-28
653,404,653,653,2026-01-05
654,370,654,654,2026-07-29
655,382,655,655,2024-12-03
656,457,656,656,2025-08-20
657,426,657,657,2026-04-21
658,918,658,658,2026-04-04
659,311,659,659,2026-06-13
660,775,660,660,2026-07-01
661,937,661,661,2024-12-01
662,582,662,662,2026-05-29
663,568,663,663,2024-10-05
664,573,664,664,2026-01-18
665,269,665,665,2025-08-09
666,184,666,666,2025-04-15
667,284,667,667,2024-08-06
668,447,668,668,2024-11-30
669,751,669,669,2025-06-12
670,60,670,670,2025-08-29
671,168,671,671,2025-11-23
672,934,672,672,2026-06-26
673,655,673,673,2026-01-12
674,97,674,674,2025-03-22
675,866,675,675,2024-10-09
676,594,676,676,2024-09-01
677,289,677,677,2025-06-03
678,105,678,678,2026-03-24
679,919,679,679,2025-03-15
680,939,680,680,2024-08-27
681,357,681,681,2026-02-26
682,536,682,682,2025-09-01
683,835,683,683,2026-01-06
684,233,684,684,2025-12-15
685,436,685,685,2024-11-01
686,442,686,686,2025-01-11
687,676,687,687,2024-12-29
688,931,688,688,2026-07-01
689,11,689,689,2025-08-10
690,687,690,690,2025-05-20
691,765,691,691,2025-12-18
692,876,692,692,2025-10-04
693,70,693,693,2026-01-11
694,197,694,694,2026-03-26
695,943,695,695,2025-03-17
696,690,696,696,2025-01-14
697,220,697,697,2026-03-08
698,322,698,698,2024-11-17
699,781,699,699,2026-01-11
700,506,700,700,2025-03-25
701,754,701,701,2026-01-21
702,876,702,702,2025-11-16
703,377,703,703,2026-02-17
704,449,704,704,2025-01-27
705,411,705,705,2026-02-10
706,999,706,706,2025-10-28
707,239,707,707,2026-04-19
708,809,708,708,2024-09-19
709,524,709,709,2024-12-21
710,257,710,710,2025-11-29
711,102,711,711,2025-06-29
712,392,712,712,2025-04-06
713,639,713,713,2026-03-30
714,301,714,714,2025-02-11
715,881,715,715,2024-09-19
716,902,716,716,2025-03-22
717,386,717,717,2024-10-09
718,571,718,718,2025-01-03
719,320,719,719,2025-04-03
720,568,720,720,2025-06-15
721,875,721,721,2025-09-20
722,507,722,722,2025-06-07
723,63,723,723,2024-09-22
724,376,724,724,2024-10-03
725,100,725,725,2025-09-24
726,58,726,726,2025-01-29
727,87,727,727,2026-02-26
728,21,728,728,2025-03-04
729,885,729,729,2025-11-10
730,713,730,730,2025-10-06
731,585,731,731,2025-10-16
732,708,732,732,2025-10-23
733,784,733,733,2025-04-16
734,207,734,734,2026-05-18
735,49,735,735,2026-01-23
736,761,736,736,2024-09-14
737,69,737,737,2025-08-14
738,356,738,738,2026-05-05
739,553,739,739,2025-06-03
740,640,740,740,2025-09-21
741,721,741,741,2026-05-22
742,986,742,742,2024-08-26
743,206,743,743,2025-08-16
744,765,744,744,2024-11-05
745,851,745,745,2025-11-23
746,294,746,746,2025-06-02
747,117,747,747,2024-10-16
748,848,748,748,2024-09-17
749,663,749,749,2024-12-02
750,30,750,750,2025-12-12
751,498,751,751,2024-09-02
752,306,752,752,2025-04-27
753,966,753,753,2025-02-09
754,535,754,754,2025-08-14
755,244,755,755,2025-02-07
756,599,756,756,2025-07-08
757,110,757,757,2025-06-18
758,261,758,758,2024-12-27
759,972,759,759,2026-06-20
760,253,760,760,2025-06-18
761,377,761,761,2026-01-08
762,940,762,762,2025-12-26
763,982,763,763,2025-09-23
764,9,764,764,2025-10-29
765,775,765,765,2026-07-14
766,647,766,766,2024-12-03
767,83,767,767,2026-01-30
768,433,768,768,2024-11-12
769,361,769,769,2026-05-13
770,29,770,770,2025-07-30
771,411,771,771,2024-11-19
772,162,772,772,2025-07-08
773,962,773,773,2025-08-05
774,178,774,774,2025-11-24
775,425,775,775,2025-11-11
776,906,776,776,2024-12-07
777,663,777,777,2026-03-25
778,269,778,778,2025-11-19
779,267,779,779,2024-10-09
780,121,780,780,2025-05-30
781,690,781,781,2025-05-14
782,969,782,782,2026-03-10
783,442,783,783,2024-10-08
784,694,784,784,2026-01-18
785,150,785,785,2024-09-13
786,462,786,786,2025-10-26
787,481,787,787,2025-07-09
788,393,788,788,2026-03-14
789,571,789,789,2025-07-01
790,931,790,790,2024-10-21
791,517,791,791,2025-02-17
792,380,792,792,2025-07-20
793,174,793,793,2026-04-06
794,92,794,794,2025-04-21
795,120,795,795,2024-12-23
796,997,796,796,2026-05-05
797,628,797,797,2025-08-11
798,324,798,798,2025-08-19
799,153,799,799,2025-05-03
800,267,800,800,2026-05-09
801,42,801,801,2026-04-01
802,116,802,802,2024-11-01
803,890,803,803,2025-04-13
804,280,804,804,2026-03-29
805,786,805,805,2025-10-31
806,787,806,806,2026-05-05
807,698,807,807,2026-06-05
808,332,808,808,2024-12-28
809,725,809,809,2025-12-25
810,994,810,810,2024-11-23
811,752,811,811,2024-12-19
812,660,812,812,2025-09-13
813,975,813,813,2024-11-13
814,183,814,814,2025-08-16
815,214,815,815,2026-03-30
816,771,816,816,2026-05-12
817,443,817,817,2025-01-26
818,99,818,818,2026-07-11
819,907,819,819,2025-09-11
820,775,820,820,2025-01-07
821,437,821,821,2025-12-07
822,230,822,822,2026-03-16
823,448,823,823,2024-11-28
824,701,824,824,2024-12-31
825,49,825,825,2025-04-03
826,436,826,826,2025-01-16
827,261,827,827,2024-10-06
828,678,828,828,2025-02-03
829,86,829,829,2025-11-20
830,687,830,830,2025-12-11
831,830,831,831,2025-11-28
832,619,832,832,2024-12-24
833,405,833,833,2024-09-04
834,709,834,834,2025-10-14
835,833,835,835,2025-01-08
836,129,836,836,2025-08-28
837,17,837,837,2026-03-02
838,149,838,838,2024-11-21
839,789,839,839,2025-03-31
840,120,840,840,2024-09-08
841,21,841,841,2025-09-01
842,584,842,842,2025-12-03
843,646,843,843,2026-06-29
844,500,844,844,2025-10-06
845,63,845,845,2025-08-16
846,66,846,846,2026-07-17
847,638,847,847,2026-01-13
848,295,848,848,2026-06-16
849,520,849,849,2024-09-03
850,905,850,850,2026-04-02
851,484,851,851,2025-06-10
852,768,852,852,2026-06-03
853,161,853,853,2024-12-09
854,311,854,854,2024-11-30
855,903,855,855,2026-04-15
856,881,856,856,2025-07-09
857,117,857,857,2026-04-07
858,265,858,858,2024-11-09
859,874,859,859,2024-08-20
860,819,860,860,2024-08-11
861,576,861,861,2025-04-17
862,121,862,862,2025-03-23
863,453,863,863,2024-08-31
864,373,864,864,2024-11-03
865,993,865,865,2024-09-04
866,294,866,866,2026-05-27
867,733,867,867,2025-03-16
868,772,868,868,2025-02-23
869,440,869,869,2025-09-27
870,454,870,870,2024-11-01
871,323,871,871,2024-11-26
872,778,872,872,2025-02-24
873,412,873,873,2025-12-16
874,847,874,874,2025-07-31
875,660,875,875,2024-08-22
876,801,876,876,2025-03-16
877,551,877,877,2026-04-25
878,96,878,878,2025-08-13
879,651,879,879,2025-07-17
880,853,880,880,2025-08-30
881,382,881,881,2024-08-07
882,775,882,882,2025-09-28
883,348,883,883,2025-11-26
884,292,884,884,2025-02-15
885,336,885,885,2026-02-05
886,101,886,886,2025-06-23
887,64,887,887,2024-12-05
888,80,888,888,2025-04-11
889,271,889,889,2024-11-23
890,954,890,890,2024-11-03
891,131,891,891,2025-12-03
892,218,892,892,2024-09-12
893,379,893,893,2024-11-02
894,379,894,894,2024-08-10
895,381,895,895,2026-05-19
896,29,896,896,2025-10-25
897,911,897,897,2024-08-17
898,126,898,898,2025-11-22
899,493,899,899,2025-05-14
900,387,900,900,2025-12-15
901,652,901,901,2025-02-28
902,746,902,902,2024-12-22
903,922,903,903,2025-04-04
904,285,904,904,2026-02-22
905,661,905,905,2026-02-06
906,555,906,906,2025-01-02
907,919,907,907,2025-04-17
908,806,908,908,2026-02-15
909,547,909,909,2024-09-17
910,883,910,910,2025-04-01
911,25,911,911,2024-09-20
912,118,912,912,2024-10-19
913,188,913,913,2026-03-30
914,695,914,914,2026-02-13
915,731,915,915,2026-06-08
916,146,916,916,2024-08-17
917,922,917,917,2025-02-05
918,612,918,918,2025-06-27
919,517,919,919,2026-01-12
920,476,920,920,2025-03-18
921,418,921,921,2025-07-31
922,782,922,922,2025-10-19
923,86,923,923,2024-09-14
924,173,924,924,2025-01-13
925,2,925,925,2025-05-07
926,62,926,926,2026-06-13
927,863,927,927,2025-10-08
928,757,928,928,2025-02-14
929,405,929,929,2026-07-26
930,626,930,930,2026-01-26
931,725,931,931,2026-07-24
932,216,932,932,2025-06-25
933,137,933,933,2025-07-01
934,689,934,934,2025-03-16
935,84,935,935,2025-07-29
936,127,936,936,2024-12-29
937,860,937,937,2024-12-18
938,456,938,938,2025-02-01
939,944,939,939,2024-09-26
940,736,940,940,2026-07-31
941,288,941,941,2025-04-01
942,841,942,942,2024-12-23
943,175,943,943,2024-09-14
944,132,944,944,2026-04-06
945,747,945,945,2026-07-08
946,574,946,946,2025-04-17
947,962,947,947,2025-03-10
948,697,948,948,2026-05-04
949,778,949,949,2025-09-22
950,546,950,950,2025-09-11
951,343,951,951,2025-05-05
952,434,952,952,2025-08-13
953,319,953,953,2026-06-30
954,828,954,954,2025-11-26
955,111,955,955,2024-08-16
956,342,956,956,2025-11-29
957,98,957,957,2024-12-25
958,939,958,958,2025-10-24
959,131,959,959,2026-04-04
960,642,960,960,2025-05-01
961,54,961,961,2026-01-30
962,771,962,962,2025-05-06
963,476,963,963,2026-08-03
964,961,964,964,2026-07-27
965,106,965,965,2025-10-04
966,130,966,966,2025-04-10
967,743,967,967,2026-03-20
968,817,968,968,2024-12-29
969,447,969,969,2025-05-23
970,481,970,970,2026-03-11
971,994,971,971,2025-10-02
972,520,972,972,2025-10-02
973,1000,973,973,2026-03-04
974,684,974,974,2025-01-22
975,307,975,975,2024-09-08
976,898,976,976,2024-11-27
977,229,977,977,2025-06-21
978,753,978,978,2026-04-17
979,846,979,979,2024-12-31
980,31,980,980,2024-08-18
981,200,981,981,2024-11-22
982,203,982,982,2025-01-25
983,179,983,983,2025-01-20
984,23,984,984,2025-06-28
985,694,985,985,2024-10-05
986,313,986,986,2025-05-09
987,176,987,987,2026-03-02
988,148,988,988,2026-06-19
989,384,989,989,2025-09-01
990,782,990,990,2026-04-15
991,153,991,991,2025-04-04
992,130,992,992,2025-02-23
993,84,993,993,2024-09-11
994,398,994,994,2025-07-04
995,330,995,995,2024-10-08
996,275,996,996,2026-05-29
997,917,997,997,2024-12-15
998,314,998,998,2025-05-21
999,564,999,999,2024-11-04
1000,532,1000,1000,2026-03-15
1001,637,1001,1001,2026-07-25
1002,419,1002,1002,2025-01-22
1003,26,1003,1003,2026-06-04
1004,78,1004,1004,2026-04-01
1005,560,1005,1005,2025-10-31
1006,74,1006,1006,2025-12-28
1007,692,1007,1007,2026-02-22
1008,723,1008,1008,2024-11-20
1009,307,1009,1009,2026-06-16
1010,594,1010,1010,2024-11-26
1011,233,1011,1011,2026-02-27
1012,834,1012,1012,2025-08-10
1013,193,1013,1013,2025-01-01
1014,874,1014,1014,2025-08-04
1015,895,1015,1015,2026-05-19
1016,675,1016,1016,2025-04-19
1017,703,1017,1017,2025-09-12
1018,24,1018,1018,2024-12-31
1019,582,1019,1019,2025-01-12
1020,972,1020,1020,2026-03-10
1021,112,1021,1021,2025-12-13
1022,176,1022,1022,2025-01-13
1023,706,1023,1023,2024-09-01
1024,72,1024,1024,2025-02-05
1025,676,1025,1025,2025-10-03
1026,531,1026,1026,2024-11-26
1027,161,1027,1027,2024-11-11
1028,71,1028,1028,2025-02-05
1029,443,1029,1029,2025-12-17
1030,734,1030,1030,2025-09-11
1031,457,1031,1031,2025-12-06
1032,901,1032,1032,2026-07-10
1033,94,1033,1033,2025-03-15
1034,628,1034,1034,2025-04-08
1035,751,1035,1035,2025-09-06
1036,583,1036,1036,2026-05-06
1037,162,1037,1037,2026-05-03
1038,744,1038,1038,2026-03-10
1039,79,1039,1039,2026-07-21
1040,169,1040,1040,2026-02-27
1041,75,1041,1041,2025-11-07
1042,200,1042,1042,2026-04-17
1043,727,1043,1043,2024-08-11
1044,70,1044,1044,2025-07-04
1045,483,1045,1045,2025-05-15
1046,103,1046,1046,2025-09-15
1047,80,1047,1047,2024-09-10
1048,183,1048,1048,2025-07-17
1049,49,1049,1049,2026-01-06
1050,54,1050,1050,2026-04-16
1051,207,1051,1051,2026-05-16
1052,17,1052,1052,2026-02-25
1053,197,1053,1053,2025-01-15
1054,172,1054,1054,2025-02-25
1055,576,1055,1055,2025-09-06
1056,124,1056,1056,2025-12-21
1057,178,1057,1057,2025-03-14
1058,218,1058,1058,2025-02-19
1059,639,1059,1059,2026-02-25
1060,309,1060,1060,2025-04-10
1061,983,1061,1061,2024-11-09
1062,947,1062,1062,2024-11-15
1063,683,1063,1063,2025-05-28
1064,934,1064,1064,2025-10-03
1065,602,1065,1065,2025-04-13
1066,243,1066,1066,2025-11-22
1067,384,1067,1067,2026-01-05
1068,210,1068,1068,2024-09-26
1069,285,1069,1069,2025-10-24
1070,25,1070,1070,2025-05-15
1071,553,1071,1071,2025-04-17
1072,330,1072,1072,2026-07-08
1073,504,1073,1073,2025-12-14
1074,129,1074,1074,2025-12-10
1075,81,1075,1075,2026-05-11
1076,203,1076,1076,2025-10-19
1077,293,1077,1077,2025-07-01
1078,801,1078,1078,2025-06-06
1079,172,1079,1079,2025-08-11
1080,753,1080,1080,2026-04-05
1081,391,1081,1081,2025-06-23
1082,745,1082,1082,2025-12-26
1083,465,1083,1083,2024-11-23
1084,140,1084,1084,2026-08-02
1085,14,1085,1085,2026-02-02
1086,963,1086,1086,2025-10-27
1087,657,1087,1087,2025-11-13
1088,395,1088,1088,2026-07-03
1089,790,1089,1089,2025-01-13
1090,60,1090,1090,2024-08-27
1091,36,1091,1091,2025-06-01
1092,467,1092,1092,2024-11-20
1093,120,1093,1093,2024-10-19
1094,932,1094,1094,2025-08-25
1095,709,1095,1095,2024-10-02
1096,422,1096,1096,2025-07-17
1097,767,1097,1097,2025-10-25
1098,836,1098,1098,2026-07-18
1099,714,1099,1099,2026-06-24
1100,442,1100,1100,2024-08-14
1101,138,1101,1101,2024-10-20
1102,462,1102,1102,2025-04-17
1103,768,1103,1103,2024-09-20
1104,642,1104,1104,2026-03-14
1105,88,1105,1105,2025-09-10
1106,31,1106,1106,2025-07-08
1107,779,1107,1107,2026-07-10
1108,979,1108,1108,2024-08-19
1109,535,1109,1109,2025-01-15
1110,776,1110,1110,2026-04-30
1111,699,1111,1111,2025-04-08
1112,409,1112,1112,2026-06-17
1113,339,1113,1113,2025-05-22
1114,856,1114,1114,2025-04-06
1115,770,1115,1115,2025-05-15
1116,424,1116,1116,2025-05-27
1117,369,1117,1117,2026-03-25
1118,497,1118,1118,2026-01-06
1119,962,1119,1119,2024-09-13
1120,200,1120,1120,2025-10-06
1121,816,1121,1121,2024-08-10
1122,978,1122,1122,2024-10-22
1123,175,1123,1123,2024-09-27
1124,952,1124,1124,2025-08-06
1125,264,1125,1125,2025-05-01
1126,815,1126,1126,2024-11-26
1127,933,1127,1127,2026-03-13
1128,266,1128,1128,2024-11-05
1129,349,1129,1129,2025-03-01
1130,874,1130,1130,2025-12-06
1131,605,1131,1131,2024-12-03
1132,790,1132,1132,2025-09-01
1133,10,1133,1133,2025-07-04
1134,966,1134,1134,2025-05-25
1135,616,1135,1135,2025-04-02
1136,515,1136,1136,2026-01-05
1137,299,1137,1137,2024-12-04
1138,734,1138,1138,2025-07-02
1139,500,1139,1139,2025-04-26
1140,402,1140,1140,2026-02-28
1141,401,1141,1141,2025-03-26
1142,946,1142,1142,2026-06-13
1143,332,1143,1143,2026-02-17
1144,168,1144,1144,2026-07-05
1145,919,1145,1145,2024-09-18
1146,667,1146,1146,2025-10-27
1147,974,1147,1147,2025-10-23
1148,998,1148,1148,2026-03-23
1149,666,1149,1149,2024-10-01
1150,740,1150,1150,2026-06-18
1151,407,1151,1151,2025-01-12
1152,709,1152,1152,2025-08-09
1153,669,1153,1153,2025-10-10
1154,85,1154,1154,2025-09-12
1155,587,1155,1155,2024-09-20
1156,608,1156,1156,2025-05-19
1157,586,1157,1157,2026-01-28
1158,931,1158,1158,2025-09-27
1159,570,1159,1159,2026-08-04
1160,858,1160,1160,2025-11-02
1161,920,1161,1161,2026-02-22
1162,458,1162,1162,2026-01-01
1163,212,1163,1163,2025-09-24
1164,128,1164,1164,2024-11-05
1165,968,1165,1165,2026-04-03
1166,927,1166,1166,2025-08-02
1167,503,1167,1167,2026-07-23
1168,102,1168,1168,2025-03-27
1169,307,1169,1169,2024-11-04
1170,132,1170,1170,2026-08-04
1171,391,1171,1171,2025-02-02
1172,693,1172,1172,2024-08-11
1173,751,1173,1173,2025-03-27
1174,842,1174,1174,2026-03-22
1175,988,1175,1175,2026-05-19
1176,545,1176,1176,2025-04-13
1177,656,1177,1177,2026-03-26
1178,890,1178,1178,2025-07-21
1179,993,1179,1179,2025-06-06
1180,540,1180,1180,2026-05-20
1181,358,1181,1181,2025-09-01
1182,175,1182,1182,2024-10-23
1183,760,1183,1183,2024-09-07
1184,131,1184,1184,2025-02-20
1185,388,1185,1185,2025-08-19
1186,797,1186,1186,2025-08-23
1187,450,1187,1187,2025-02-17
1188,534,1188,1188,2026-04-26
1189,790,1189,1189,2025-04-21
1190,246,1190,1190,2025-05-30
1191,293,1191,1191,2025-06-19
1192,521,1192,1192,2025-09-05
1193,15,1193,1193,2025-06-18
1194,548,1194,1194,2025-06-09
1195,691,1195,1195,2024-12-19
1196,860,1196,1196,2025-08-01
1197,508,1197,1197,2026-06-07
1198,936,1198,1198,2025-03-12
1199,495,1199,1199,2025-06-12
1200,647,1200,1200,2025-01-13
1201,528,1201,1201,2026-03-15
1202,7,1202,1202,2025-07-07
1203,110,1203,1203,2025-06-23
1204,10,1204,1204,2025-02-05
1205,542,1205,1205,2024-09-06
1206,8,1206,1206,2026-07-29
1207,384,1207,1207,2024-09-09
1208,832,1208,1208,2025-08-26
1209,144,1209,1209,2025-05-19
1210,727,1210,1210,2025-10-06
1211,137,1211,1211,2025-11-02
1212,683,1212,1212,2025-06-22
1213,501,1213,1213,2025-07-10
1214,783,1214,1214,2025-12-27
1215,981,1215,1215,2025-09-23
1216,513,1216,1216,2025-06-26
1217,1000,1217,1217,2026-05-30
1218,289,1218,1218,2025-03-07
1219,157,1219,1219,2026-07-04
1220,118,1220,1220,2026-04-02
1221,724,1221,1221,2024-08-09
1222,606,1222,1222,2025-03-18
1223,40,1223,1223,2024-10-17
1224,632,1224,1224,2024-11-08
1225,538,1225,1225,2025-05-16
1226,491,1226,1226,2025-06-16
1227,113,1227,1227,2025-04-30
1228,429,1228,1228,2025-05-19
1229,1,1229,1229,2025-09-12
1230,287,1230,1230,2024-12-27
1231,972,1231,1231,2025-08-04
1232,100,1232,1232,2025-10-28
1233,760,1233,1233,2025-10-17
1234,283,1234,1234,2025-08-02
1235,134,1235,1235,2025-12-13
1236,722,1236,1236,2025-07-03
1237,743,1237,1237,2026-05-18
1238,197,1238,1238,2025-07-16
1239,460,1239,1239,2025-05-10
1240,537,1240,1240,2026-03-03
1241,991,1241,1241,2024-12-16
1242,996,1242,1242,2025-12-30
1243,449,1243,1243,2025-11-18
1244,279,1244,1244,2025-01-06
1245,224,1245,1245,2024-10-04
1246,738,1246,1246,2026-06-30
1247,726,1247,1247,2024-08-13
1248,47,1248,1248,2024-09-05
1249,152,1249,1249,2024-11-14
1250,255,1250,1250,2024-12-26
1251,356,1251,1251,2025-02-27
1252,906,1252,1252,2026-05-27
1253,302,1253,1253,2026-02-26
1254,749,1254,1254,2025-09-15
1255,674,1255,1255,2024-08-11
1256,642,1256,1256,2024-08-11
1257,333,1257,1257,2026-01-01
1258,238,1258,1258,2025-05-31
1259,508,1259,1259,2025-12-18
1260,584,1260,1260,2026-06-09
1261,167,1261,1261,2025-08-26
1262,74,1262,1262,2026-04-21
1263,742,1263,1263,2025-05-08
1264,394,1264,1264,2025-07-30
1265,255,1265,1265,2026-06-24
1266,990,1266,1266,2025-06-05
1267,143,1267,1267,2025-12-15
1268,340,1268,1268,2025-06-12
1269,709,1269,1269,2025-11-14
1270,46,1270,1270,2025-06-30
1271,908,1271,1271,2026-02-04
1272,233,1272,1272,2026-05-19
1273,294,1273,1273,2026-03-27
1274,113,1274,1274,2025-11-26
1275,631,1275,1275,2025-11-25
1276,620,1276,1276,2026-07-30
1277,186,1277,1277,2026-02-24
1278,897,1278,1278,2025-02-12
1279,831,1279,1279,2026-05-25
1280,152,1280,1280,2024-08-25
1281,592,1281,1281,2025-10-28
1282,131,1282,1282,2025-06-05
1283,435,1283,1283,2026-03-18
1284,967,1284,1284,2025-07-08
1285,547,1285,1285,2025-07-03
1286,595,1286,1286,2025-03-17
1287,371,1287,1287,2026-05-24
1288,486,1288,1288,2024-11-27
1289,870,1289,1289,2025-06-19
1290,874,1290,1290,2026-04-17
1291,230,1291,1291,2025-05-05
1292,751,1292,1292,2026-02-14
1293,109,1293,1293,2026-07-02
1294,151,1294,1294,2024-08-31
1295,13,1295,1295,2024-11-22
1296,762,1296,1296,2024-11-20
1297,740,1297,1297,2025-12-14
1298,160,1298,1298,2024-08-17
1299,12,1299,1299,2026-02-11
1300,514,1300,1300,2025-08-18
1301,997,1301,1301,2026-06-26
1302,217,1302,1302,2026-02-09
1303,189,1303,1303,2025-05-30
1304,321,1304,1304,2025-03-04
1305,381,1305,1305,2024-11-25
1306,80,1306,1306,2026-05-02
1307,289,1307,1307,2024-11-05
1308,612,1308,1308,2024-10-14
1309,952,1309,1309,2025-07-18
1310,579,1310,1310,2026-04-16
1311,323,1311,1311,2026-07-25
1312,290,1312,1312,2025-09-11
1313,401,1313,1313,2025-05-13
1314,919,1314,1314,2025-01-20
1315,816,1315,1315,2026-02-01
1316,156,1316,1316,2025-09-23
1317,827,1317,1317,2026-07-14
1318,135,1318,1318,2026-04-18
1319,913,1319,1319,2026-03-21
1320,581,1320,1320,2026-07-19
1321,892,1321,1321,2024-11-02
1322,466,1322,1322,2024-08-31
1323,287,1323,1323,2026-04-27
1324,184,1324,1324,2025-09-15
1325,898,1325,1325,2025-11-06
1326,373,1326,1326,2026-06-22
1327,376,1327,1327,2025-06-06
1328,699,1328,1328,2025-11-19
1329,44,1329,1329,2025-12-20
1330,874,1330,1330,2024-11-22
1331,409,1331,1331,2025-06-20
1332,96,1332,1332,2025-02-27
1333,88,1333,1333,2026-06-10
1334,412,1334,1334,2026-05-17
1335,498,1335,1335,2025-10-29
1336,40,1336,1336,2024-10-19
1337,219,1337,1337,2024-08-28
1338,959,1338,1338,2024-11-25
1339,217,1339,1339,2025-07-24
1340,181,1340,1340,2025-07-21
1341,84,1341,1341,2025-05-21
1342,915,1342,1342,2025-09-16
1343,351,1343,1343,2025-07-08
1344,494,1344,1344,2026-02-28
1345,935,1345,1345,2025-08-11
1346,741,1346,1346,2026-06-28
1347,844,1347,1347,2025-12-10
1348,512,1348,1348,2025-04-14
1349,740,1349,1349,2025-11-21
1350,993,1350,1350,2025-11-19
1351,193,1351,1351,2024-11-24
1352,357,1352,1352,2025-08-18
1353,373,1353,1353,2025-06-04
1354,889,1354,1354,2025-09-03
1355,361,1355,1355,2025-05-08
1356,949,1356,1356,2024-11-19
1357,567,1357,1357,2024-11-05
1358,866,1358,1358,2026-02-11
1359,858,1359,1359,2026-02-14
1360,509,1360,1360,2025-05-23
1361,596,1361,1361,2026-01-18
1362,796,1362,1362,2025-12-06
1363,877,1363,1363,2025-09-07
1364,930,1364,1364,2025-06-05
1365,291,1365,1365,2026-04-15
1366,248,1366,1366,2026-07-17
1367,158,1367,1367,2026-05-19
1368,983,1368,1368,2026-04-25
1369,632,1369,1369,2026-07-10
1370,400,1370,1370,2025-02-26
1371,237,1371,1371,2025-01-16
1372,781,1372,1372,2025-02-25
1373,96,1373,1373,2025-12-26
1374,789,1374,1374,2025-02-22
1375,392,1375,1375,2026-01-30
1376,246,1376,1376,2025-07-22
1377,799,1377,1377,2025-05-28
1378,958,1378,1378,2025-08-31
1379,950,1379,1379,2025-12-01
1380,269,1380,1380,2026-08-03
1381,371,1381,1381,2026-07-18
1382,23,1382,1382,2026-08-04
1383,704,1383,1383,2025-03-01
1384,165,1384,1384,2026-04-22
1385,581,1385,1385,2025-11-05
1386,496,1386,1386,2025-10-18
1387,760,1387,1387,2026-04-20
1388,24,1388,1388,2026-06-21
1389,374,1389,1389,2024-09-14
1390,226,1390,1390,2024-10-28
1391,205,1391,1391,2024-10-06
1392,829,1392,1392,2025-11-04
1393,178,1393,1393,2025-01-15
1394,813,1394,1394,2025-11-22
1395,500,1395,1395,2026-05-19
1396,327,1396,1396,2026-06-13
1397,581,1397,1397,2026-02-05
1398,911,1398,1398,2025-01-20
1399,619,1399,1399,2025-11-14
1400,185,1400,1400,2025-12-06
1401,75,1401,1401,2026-03-07
1402,322,1402,1402,2024-09-05
1403,337,1403,1403,2026-04-23
1404,68,1404,1404,2025-04-21
1405,575,1405,1405,2026-06-28
1406,775,1406,1406,2025-12-12
1407,51,1407,1407,2025-06-19
1408,123,1408,1408,2026-02-18
1409,393,1409,1409,2025-08-10
1410,660,1410,1410,2026-05-28
1411,862,1411,1411,2026-02-04
1412,17,1412,1412,2026-02-14
1413,309,1413,1413,2024-12-31
1414,570,1414,1414,2026-02-10
1415,714,1415,1415,2024-11-27
1416,106,1416,1416,2025-10-12
1417,108,1417,1417,2025-02-08
1418,196,1418,1418,2025-03-29
1419,905,1419,1419,2026-02-23
1420,271,1420,1420,2025-10-05
1421,175,1421,1421,2025-11-11
1422,327,1422,1422,2024-11-26
1423,126,1423,1423,2025-08-31
1424,502,1424,1424,2026-01-21
1425,271,1425,1425,2024-10-15
1426,663,1426,1426,2025-10-29
1427,218,1427,1427,2025-06-03
1428,500,1428,1428,2025-02-02
1429,968,1429,1429,2025-11-20
1430,937,1430,1430,2026-07-29
1431,889,1431,1431,2024-10-10
1432,71,1432,1432,2026-07-14
1433,592,1433,1433,2025-10-12
1434,113,1434,1434,2026-06-28
1435,30,1435,1435,2024-10-05
1436,122,1436,1436,2025-02-15
1437,155,1437,1437,2024-11-13
1438,55,1438,1438,2025-01-30
1439,665,1439,1439,2025-08-13
1440,413,1440,1440,2026-01-05
1441,444,1441,1441,2025-12-08
1442,118,1442,1442,2025-02-20
1443,545,1443,1443,2025-02-10
1444,403,1444,1444,2026-06-23
1445,176,1445,1445,2025-04-28
1446,4,1446,1446,2025-10-06
1447,929,1447,1447,2024-12-07
1448,192,1448,1448,2024-12-15
1449,486,1449,1449,2024-08-10
1450,903,1450,1450,2024-12-02
1451,598,1451,1451,2026-01-22
1452,47,1452,1452,2025-09-25
1453,516,1453,1453,2025-03-07
1454,824,1454,1454,2026-03-29
1455,264,1455,1455,2026-02-01
1456,848,1456,1456,2026-06-22
1457,277,1457,1457,2025-02-20
1458,226,1458,1458,2024-10-02
1459,592,1459,1459,2025-02-10
1460,943,1460,1460,2024-11-19
1461,180,1461,1461,2026-04-21
1462,428,1462,1462,2024-11-26
1463,533,1463,1463,2025-06-29
1464,466,1464,1464,2024-12-10
1465,511,1465,1465,2025-01-06
1466,572,1466,1466,2025-06-01
1467,819,1467,1467,2026-05-12
1468,290,1468,1468,2025-12-06
1469,6,1469,1469,2026-07-19
1470,142,1470,1470,2025-08-27
1471,278,1471,1471,2024-10-08
1472,225,1472,1472,2025-06-10
1473,695,1473,1473,2024-12-08
1474,943,1474,1474,2025-01-24
1475,447,1475,1475,2026-01-27
1476,139,1476,1476,2025-01-06
1477,88,1477,1477,2025-01-02
1478,802,1478,1478,2024-12-13
1479,321,1479,1479,2025-12-26
1480,478,1480,1480,2026-04-14
1481,28,1481,1481,2026-03-21
1482,249,1482,1482,2026-01-25
1483,557,1483,1483,2025-06-30
1484,413,1484,1484,2025-06-05
1485,57,1485,1485,2025-12-26
1486,298,1486,1486,2025-11-08
1487,759,1487,1487,2025-12-02
1488,148,1488,1488,2026-04-23
1489,656,1489,1489,2025-04-16
1490,497,1490,1490,2025-06-08
1491,157,1491,1491,2025-05-03
1492,107,1492,1492,2026-03-27
1493,949,1493,1493,2025-01-13
1494,840,1494,1494,2025-10-23
1495,674,1495,1495,2025-10-13
1496,23,1496,1496,2025-06-25
1497,760,1497,1497,2025-03-01
1498,297,1498,1498,2025-05-04
1499,282,1499,1499,2026-07-15
1500,834,1500,1500,2025-06-03
1501,124,1501,1501,2025-10-21
1502,661,1502,1502,2024-12-27
1503,480,1503,1503,2025-03-24
1504,513,1504,1504,2025-02-04
1505,65,1505,1505,2026-04-28
1506,733,1506,1506,2026-06-04
1507,939,1507,1507,2025-12-31
1508,726,1508,1508,2026-06-23
1509,332,1509,1509,2024-11-25
1510,47,1510,1510,2025-09-27
1511,109,1511,1511,2026-02-19
1512,828,1512,1512,2026-05-04
1513,997,1513,1513,2025-04-04
1514,39,1514,1514,2025-10-09
1515,329,1515,1515,2024-10-04
1516,588,1516,1516,2026-01-03
1517,449,1517,1517,2024-12-11
1518,834,1518,1518,2024-10-12
1519,983,1519,1519,2025-03-30
1520,369,1520,1520,2025-02-24
1521,699,1521,1521,2025-12-22
1522,848,1522,1522,2026-03-06
1523,922,1523,1523,2026-07-21
1524,641,1524,1524,2024-12-08
1525,530,1525,1525,2026-02-10
1526,53,1526,1526,2025-11-30
1527,842,1527,1527,2025-07-23
1528,894,1528,1528,2025-09-02
1529,531,1529,1529,2026-04-04
1530,59,1530,1530,2025-10-18
1531,31,1531,1531,2026-06-28
1532,343,1532,1532,2024-10-20
1533,680,1533,1533,2025-03-29
1534,971,1534,1534,2025-10-08
1535,973,1535,1535,2025-01-28
1536,278,1536,1536,2026-03-18
1537,231,1537,1537,2025-09-28
1538,871,1538,1538,2025-09-28
1539,801,1539,1539,2026-06-24
1540,494,1540,1540,2025-06-20
1541,719,1541,1541,2025-06-24
1542,121,1542,1542,2025-03-10
1543,448,1543,1543,2025-12-29
1544,11,1544,1544,2024-08-17
1545,738,1545,1545,2025-12-05
1546,450,1546,1546,2024-12-16
1547,617,1547,1547,2026-04-29
1548,674,1548,1548,2025-06-10
1549,211,1549,1549,2026-07-10
1550,310,1550,1550,2025-02-20
1551,915,1551,1551,2025-09-24
1552,923,1552,1552,2024-08-17
1553,209,1553,1553,2025-03-16
1554,567,1554,1554,2026-07-21
1555,241,1555,1555,2024-09-19
1556,857,1556,1556,2026-07-29
1557,848,1557,1557,2024-10-03
1558,20,1558,1558,2026-04-14
1559,211,1559,1559,2026-06-23
1560,313,1560,1560,2025-10-26
1561,773,1561,1561,2025-02-28
1562,744,1562,1562,2026-06-02
1563,112,1563,1563,2026-01-29
1564,587,1564,1564,2024-09-13
1565,479,1565,1565,2025-08-24
1566,699,1566,1566,2026-05-02
1567,585,1567,1567,2025-02-27
1568,676,1568,1568,2026-06-29
1569,583,1569,1569,2024-11-03
1570,18,1570,1570,2024-09-08
1571,492,1571,1571,2025-02-04
1572,962,1572,1572,2025-07-10
1573,185,1573,1573,2025-02-25
1574,233,1574,1574,2024-08-27
1575,671,1575,1575,2024-11-13
1576,567,1576,1576,2024-08-05
1577,695,1577,1577,2025-01-09
1578,112,1578,1578,2025-11-21
1579,80,1579,1579,2025-07-26
1580,843,1580,1580,2025-12-14
1581,26,1581,1581,2026-04-10
1582,919,1582,1582,2026-02-17
1583,378,1583,1583,2024-09-01
1584,624,1584,1584,2025-04-18
1585,851,1585,1585,2024-10-28
1586,665,1586,1586,2025-01-22
1587,646,1587,1587,2026-04-03
1588,484,1588,1588,2025-05-15
1589,200,1589,1589,2025-08-20
1590,819,1590,1590,2025-02-25
1591,996,1591,1591,2025-04-26
1592,82,1592,1592,2025-07-17
1593,496,1593,1593,2025-03-23
1594,584,1594,1594,2025-10-01
1595,599,1595,1595,2025-10-30
1596,322,1596,1596,2025-03-31
1597,152,1597,1597,2025-01-27
1598,16,1598,1598,2026-01-02
1599,568,1599,1599,2026-07-12
1600,442,1600,1600,2024-11-22
1601,888,1601,1601,2024-10-26
1602,412,1602,1602,2026-05-26
1603,919,1603,1603,2024-08-29
1604,757,1604,1604,2025-12-24
1605,855,1605,1605,2026-03-16
1606,188,1606,1606,2025-01-13
1607,608,1607,1607,2025-05-23
1608,450,1608,1608,2024-09-04
1609,305,1609,1609,2024-11-24
1610,951,1610,1610,2026-06-20
1611,776,1611,1611,2025-07-04
1612,532,1612,1612,2024-10-09
1613,292,1613,1613,2025-02-05
1614,450,1614,1614,2026-07-02
1615,772,1615,1615,2026-08-05
1616,212,1616,1616,2025-03-19
1617,925,1617,1617,2025-07-10
1618,853,1618,1618,2024-08-07
1619,437,1619,1619,2025-08-26
1620,941,1620,1620,2026-04-25
1621,270,1621,1621,2024-09-17
1622,823,1622,1622,2024-10-16
1623,520,1623,1623,2025-05-22
1624,705,1624,1624,2025-06-21
1625,814,1625,1625,2024-12-29
1626,643,1626,1626,2025-02-21
1627,966,1627,1627,2024-10-09
1628,497,1628,1628,2024-08-24
1629,651,1629,1629,2025-11-18
1630,69,1630,1630,2026-01-21
1631,429,1631,1631,2026-04-19
1632,358,1632,1632,2026-04-25
1633,238,1633,1633,2024-10-17
1634,366,1634,1634,2024-12-23
1635,116,1635,1635,2024-10-03
1636,679,1636,1636,2025-09-11
1637,677,1637,1637,2025-02-10
1638,904,1638,1638,2025-08-01
1639,298,1639,1639,2026-07-02
1640,576,1640,1640,2024-09-06
1641,829,1641,1641,2025-06-30
1642,275,1642,1642,2025-12-23
1643,459,1643,1643,2026-06-27
1644,641,1644,1644,2026-06-21
1645,553,1645,1645,2025-01-08
1646,722,1646,1646,2026-03-09
1647,216,1647,1647,2025-05-24
1648,549,1648,1648,2025-09-03
1649,340,1649,1649,2025-08-27
1650,866,1650,1650,2026-06-30
1651,811,1651,1651,2024-10-12
1652,25,1652,1652,2024-12-18
1653,127,1653,1653,2025-06-06
1654,87,1654,1654,2024-09-16
1655,761,1655,1655,2026-04-24
1656,603,1656,1656,2026-03-28
1657,525,1657,1657,2025-11-08
1658,103,1658,1658,2024-11-28
1659,440,1659,1659,2026-03-08
1660,292,1660,1660,2025-02-08
1661,509,1661,1661,2024-09-17
1662,592,1662,1662,2026-03-08
1663,489,1663,1663,2025-04-19
1664,830,1664,1664,2025-02-16
1665,965,1665,1665,2025-01-08
1666,413,1666,1666,2025-10-17
1667,506,1667,1667,2025-07-23
1668,155,1668,1668,2024-09-10
1669,707,1669,1669,2025-08-25
1670,983,1670,1670,2026-05-15
1671,569,1671,1671,2025-03-21
1672,131,1672,1672,2026-03-30
1673,449,1673,1673,2025-07-27
1674,642,1674,1674,2026-02-26
1675,10,1675,1675,2025-04-20
1676,945,1676,1676,2026-07-25
1677,666,1677,1677,2024-09-28
1678,629,1678,1678,2026-03-03
1679,216,1679,1679,2024-11-03
1680,326,1680,1680,2025-05-06
1681,6,1681,1681,2026-05-13
1682,470,1682,1682,2025-02-20
1683,161,1683,1683,2025-03-09
1684,15,1684,1684,2025-09-16
1685,747,1685,1685,2026-02-10
1686,555,1686,1686,2025-01-14
1687,222,1687,1687,2025-01-15
1688,817,1688,1688,2025-06-23
1689,791,1689,1689,2026-04-13
1690,173,1690,1690,2025-05-11
1691,630,1691,1691,2024-10-03
1692,1,1692,1692,2026-01-30
1693,827,1693,1693,2025-04-25
1694,513,1694,1694,2026-02-17
1695,395,1695,1695,2025-02-17
1696,81,1696,1696,2025-07-11
1697,147,1697,1697,2024-08-22
1698,808,1698,1698,2025-12-31
1699,26,1699,1699,2026-03-15
1700,632,1700,1700,2024-08-12
1701,956,1701,1701,2025-11-10
1702,200,1702,1702,2024-10-18
1703,933,1703,1703,2024-10-16
1704,663,1704,1704,2025-01-06
1705,722,1705,1705,2024-12-14
1706,736,1706,1706,2024-12-22
1707,485,1707,1707,2026-02-25
1708,628,1708,1708,2025-02-01
1709,855,1709,1709,2025-02-17
1710,100,1710,1710,2025-12-25
1711,858,1711,1711,2025-11-27
1712,413,1712,1712,2026-01-13
1713,780,1713,1713,2025-12-25
1714,455,1714,1714,2025-03-30
1715,178,1715,1715,2025-07-26
1716,350,1716,1716,2024-10-20
1717,120,1717,1717,2026-01-06
1718,606,1718,1718,2024-09-18
1719,384,1719,1719,2025-11-29
1720,698,1720,1720,2024-08-28
1721,723,1721,1721,2024-12-11
1722,324,1722,1722,2025-07-11
1723,182,1723,1723,2025-11-24
1724,502,1724,1724,2026-03-18
1725,658,1725,1725,2025-08-16
1726,600,1726,1726,2025-12-17
1727,662,1727,1727,2025-09-17
1728,850,1728,1728,2024-09-02
1729,479,1729,1729,2025-05-03
1730,144,1730,1730,2025-12-01
1731,387,1731,1731,2025-01-01
1732,368,1732,1732,2024-10-19
1733,345,1733,1733,2024-12-11
1734,479,1734,1734,2026-03-06
1735,632,1735,1735,2026-04-04
1736,855,1736,1736,2025-11-10
1737,695,1737,1737,2026-01-22
1738,958,1738,1738,2026-01-15
1739,276,1739,1739,2026-04-12
1740,171,1740,1740,2025-12-09
1741,680,1741,1741,2025-07-03
1742,785,1742,1742,2025-01-14
1743,472,1743,1743,2025-07-05
1744,315,1744,1744,2025-07-01
1745,93,1745,1745,2025-02-27
1746,164,1746,1746,2025-02-23
1747,218,1747,1747,2026-02-23
1748,939,1748,1748,2026-03-18
1749,958,1749,1749,2025-05-04
1750,691,1750,1750,2024-12-17
1751,501,1751,1751,2025-06-16
1752,241,1752,1752,2026-05-24
1753,2,1753,1753,2025-04-02
1754,236,1754,1754,2025-11-11
1755,310,1755,1755,2025-07-24
1756,185,1756,1756,2025-01-23
1757,692,1757,1757,2026-03-27
1758,168,1758,1758,2025-11-24
1759,85,1759,1759,2026-05-11
1760,327,1760,1760,2024-09-15
1761,498,1761,1761,2025-01-28
1762,265,1762,1762,2025-02-08
1763,800,1763,1763,2024-11-06
1764,184,1764,1764,2025-06-04
1765,8,1765,1765,2025-12-19
1766,833,1766,1766,2025-06-14
1767,289,1767,1767,2024-11-04
1768,52,1768,1768,2025-10-02
1769,692,1769,1769,2025-11-21
1770,366,1770,1770,2026-03-01
1771,652,1771,1771,2025-12-15
1772,38,1772,1772,2025-11-25
1773,548,1773,1773,2025-05-01
1774,915,1774,1774,2026-06-09
1775,926,1775,1775,2025-10-24
1776,335,1776,1776,2024-08-12
1777,525,1777,1777,2025-01-12
1778,23,1778,1778,2025-02-21
1779,813,1779,1779,2025-10-27
1780,527,1780,1780,2026-06-26
1781,485,1781,1781,2024-08-18
1782,514,1782,1782,2024-12-27
1783,292,1783,1783,2024-10-17
1784,801,1784,1784,2026-02-25
1785,614,1785,1785,2026-03-25
1786,727,1786,1786,2024-11-11
1787,730,1787,1787,2025-09-07
1788,399,1788,1788,2025-04-01
1789,328,1789,1789,2024-11-10
1790,761,1790,1790,2025-04-26
1791,413,1791,1791,2025-07-02
1792,354,1792,1792,2026-06-01
1793,769,1793,1793,2026-04-14
1794,640,1794,1794,2025-06-01
1795,784,1795,1795,2026-05-21
1796,944,1796,1796,2025-07-05
1797,406,1797,1797,2025-11-27
1798,886,1798,1798,2025-12-26
1799,223,1799,1799,2025-06-26
1800,372,1800,1800,2025-06-11
1801,414,1801,1801,2024-09-16
1802,947,1802,1802,2024-08-17
1803,850,1803,1803,2024-12-14
1804,595,1804,1804,2026-05-06
1805,30,1805,1805,2025-04-01
1806,614,1806,1806,2025-03-25
1807,256,1807,1807,2024-09-15
1808,24,1808,1808,2024-11-08
1809,378,1809,1809,2024-10-15
1810,136,1810,1810,2026-04-12
1811,473,1811,1811,2025-08-17
1812,182,1812,1812,2026-05-12
1813,943,1813,1813,2025-11-20
1814,767,1814,1814,2024-08-13
1815,802,1815,1815,2025-02-27
1816,493,1816,1816,2025-03-04
1817,410,1817,1817,2025-01-07
1818,150,1818,1818,2025-10-17
1819,423,1819,1819,2025-01-30
1820,271,1820,1820,2024-11-25
1821,504,1821,1821,2024-08-14
1822,456,1822,1822,2025-04-21
1823,37,1823,1823,2024-11-18
1824,902,1824,1824,2025-10-16
1825,968,1825,1825,2026-02-22
1826,451,1826,1826,2025-10-29
1827,300,1827,1827,2025-07-14
1828,217,1828,1828,2025-01-28
1829,373,1829,1829,2026-06-16
1830,922,1830,1830,2026-06-01
1831,536,1831,1831,2025-01-13
1832,538,1832,1832,2026-05-18
1833,685,1833,1833,2025-02-08
1834,230,1834,1834,2024-10-13
1835,511,1835,1835,2026-01-21
1836,208,1836,1836,2025-10-17
1837,520,1837,1837,2024-11-17
1838,581,1838,1838,2026-04-28
1839,758,1839,1839,2025-03-04
1840,42,1840,1840,2026-06-04
1841,195,1841,1841,2026-03-03
1842,234,1842,1842,2025-05-19
1843,550,1843,1843,2026-02-02
1844,120,1844,1844,2026-02-03
1845,556,1845,1845,2025-04-04
1846,10,1846,1846,2025-03-25
1847,659,1847,1847,2024-09-12
1848,773,1848,1848,2026-06-15
1849,181,1849,1849,2025-06-10
1850,307,1850,1850,2025-03-24
1851,695,1851,1851,2024-11-24
1852,775,1852,1852,2024-10-09
1853,482,1853,1853,2025-10-01
1854,443,1854,1854,2026-06-04
1855,704,1855,1855,2025-09-27
1856,238,1856,1856,2025-03-04
1857,544,1857,1857,2026-05-04
1858,689,1858,1858,2024-09-30
1859,406,1859,1859,2024-11-20
1860,486,1860,1860,2025-10-19
1861,484,1861,1861,2025-06-27
1862,745,1862,1862,2025-11-17
1863,577,1863,1863,2024-08-20
1864,992,1864,1864,2026-06-23
1865,281,1865,1865,2024-08-11
1866,853,1866,1866,2024-09-01
1867,392,1867,1867,2025-02-25
1868,516,1868,1868,2026-02-28
1869,165,1869,1869,2026-03-26
1870,676,1870,1870,2025-05-25
1871,601,1871,1871,2025-03-11
1872,351,1872,1872,2025-08-09
1873,114,1873,1873,2025-10-22
1874,751,1874,1874,2025-01-07
1875,205,1875,1875,2026-05-05
1876,587,1876,1876,2026-08-05
1877,791,1877,1877,2025-01-20
1878,906,1878,1878,2026-04-29
1879,472,1879,1879,2025-08-21
1880,619,1880,1880,2025-09-11
1881,406,1881,1881,2025-05-22
1882,580,1882,1882,2024-09-12
1883,589,1883,1883,2026-06-16
1884,800,1884,1884,2025-01-19
1885,945,1885,1885,2025-01-27
1886,701,1886,1886,2026-03-08
1887,156,1887,1887,2024-09-05
1888,541,1888,1888,2024-12-11
1889,639,1889,1889,2024-12-15
1890,438,1890,1890,2024-10-08
1891,469,1891,1891,2025-12-18
1892,792,1892,1892,2025-06-23
1893,27,1893,1893,2025-12-19
1894,357,1894,1894,2024-09-09
1895,214,1895,1895,2026-04-06
1896,239,1896,1896,2024-08-10
1897,127,1897,1897,2025-11-18
1898,51,1898,1898,2024-10-12
1899,790,1899,1899,2025-10-26
1900,519,1900,1900,2025-11-10
1901,215,1901,1901,2024-12-29
1902,196,1902,1902,2026-02-16
1903,521,1903,1903,2025-07-06
1904,823,1904,1904,2025-03-20
1905,969,1905,1905,2026-06-01
1906,719,1906,1906,2026-05-18
1907,748,1907,1907,2026-04-09
1908,579,1908,1908,2025-03-11
1909,482,1909,1909,2025-06-07
1910,633,1910,1910,2025-06-28
1911,959,1911,1911,2024-12-24
1912,806,1912,1912,2026-06-05
1913,414,1913,1913,2025-09-08
1914,27,1914,1914,2025-07-19
1915,893,1915,1915,2026-05-30
1916,613,1916,1916,2025-08-20
1917,358,1917,1917,2025-02-09
1918,992,1918,1918,2024-08-21
1919,878,1919,1919,2025-05-30
1920,922,1920,1920,2025-05-05
1921,685,1921,1921,2026-06-12
1922,225,1922,1922,2026-06-23
1923,85,1923,1923,2024-12-18
1924,232,1924,1924,2025-02-16
1925,998,1925,1925,2024-10-17
1926,433,1926,1926,2024-09-18
1927,50,1927,1927,2025-05-09
1928,35,1928,1928,2026-02-19
1929,586,1929,1929,2024-09-20
1930,891,1930,1930,2025-01-24
1931,637,1931,1931,2025-04-12
1932,287,1932,1932,2025-04-03
1933,350,1933,1933,2025-03-25
1934,877,1934,1934,2024-09-05
1935,375,1935,1935,2025-08-05
1936,999,1936,1936,2025-08-15
1937,895,1937,1937,2025-05-22
1938,963,1938,1938,2024-12-22
1939,964,1939,1939,2026-01-17
1940,18,1940,1940,2026-07-02
1941,546,1941,1941,2025-06-03
1942,163,1942,1942,2026-04-03
1943,965,1943,1943,2024-10-05
1944,983,1944,1944,2025-01-19
1945,480,1945,1945,2026-01-23
1946,258,1946,1946,2024-09-12
1947,774,1947,1947,2025-09-22
1948,165,1948,1948,2025-07-27
1949,606,1949,1949,2025-08-16
1950,987,1950,1950,2025-08-26
1951,758,1951,1951,2026-02-04
1952,689,1952,1952,2025-11-03
1953,319,1953,1953,2025-10-25
1954,449,1954,1954,2024-12-05
1955,902,1955,1955,2025-11-04
1956,913,1956,1956,2026-01-21
1957,173,1957,1957,2025-07-07
1958,750,1958,1958,2025-02-14
1959,871,1959,1959,2024-09-19
1960,108,1960,1960,2025-04-14
1961,430,1961,1961,2025-05-08
1962,731,1962,1962,2025-04-28
1963,445,1963,1963,2025-06-30
1964,532,1964,1964,2025-01-06
1965,98,1965,1965,2026-05-08
1966,404,1966,1966,2025-10-04
1967,885,1967,1967,2025-02-02
1968,930,1968,1968,2025-12-02
1969,969,1969,1969,2026-03-22
1970,30,1970,1970,2026-05-15
1971,997,1971,1971,2024-11-06
1972,470,1972,1972,2025-01-16
1973,411,1973,1973,2025-10-29
1974,361,1974,1974,2025-08-13
1975,314,1975,1975,2025-06-22
1976,510,1976,1976,2026-01-07
1977,725,1977,1977,2025-05-06
1978,773,1978,1978,2025-12-24
1979,195,1979,1979,2026-03-31
1980,634,1980,1980,2025-01-04
1981,613,1981,1981,2026-06-11
1982,363,1982,1982,2024-09-16
1983,980,1983,1983,2025-04-04
1984,454,1984,1984,2025-01-27
1985,507,1985,1985,2025-08-19
1986,664,1986,1986,2024-12-30
1987,988,1987,1987,2024-09-29
1988,570,1988,1988,2024-11-01
1989,869,1989,1989,2024-09-11
1990,268,1990,1990,2024-12-10
1991,922,1991,1991,2024-10-01
1992,138,1992,1992,2024-11-18
1993,520,1993,1993,2026-03-10
1994,847,1994,1994,2024-09-14
1995,276,1995,1995,2025-04-24
1996,606,1996,1996,2025-01-05
1997,460,1997,1997,2024-11-03
1998,724,1998,1998,2025-01-05
1999,283,1999,1999,2025-01-17
2000,722,2000,2000,2024-10-05
2001,552,2001,2001,2025-08-19
2002,148,2002,2002,2026-01-27
2003,55,2003,2003,2024-12-28
2004,66,2004,2004,2026-06-17
2005,616,2005,2005,2025-09-08
2006,123,2006,2006,2026-02-09
2007,718,2007,2007,2026-04-22
2008,868,2008,2008,2025-11-11
2009,182,2009,2009,2025-01-21
2010,267,2010,2010,2026-01-18
2011,649,2011,2011,2025-03-09
2012,264,2012,2012,2025-03-24
2013,383,2013,2013,2026-01-31
2014,335,2014,2014,2024-12-04
2015,72,2015,2015,2026-05-20
2016,224,2016,2016,2025-11-20
2017,182,2017,2017,2024-09-28
2018,638,2018,2018,2025-10-03
2019,111,2019,2019,2025-08-11
2020,198,2020,2020,2025-12-16
2021,562,2021,2021,2024-10-13
2022,253,2022,2022,2026-06-18
2023,814,2023,2023,2025-09-24
2024,831,2024,2024,2024-08-16
2025,577,2025,2025,2026-05-17
2026,329,2026,2026,2025-12-10
2027,437,2027,2027,2026-03-27
2028,25,2028,2028,2026-05-12
2029,399,2029,2029,2026-02-05
2030,852,2030,2030,2025-11-13
2031,766,2031,2031,2024-08-16
2032,50,2032,2032,2025-05-22
2033,193,2033,2033,2024-11-24
2034,521,2034,2034,2024-10-11
2035,102,2035,2035,2026-03-24
2036,732,2036,2036,2026-07-06
2037,945,2037,2037,2025-10-20
2038,927,2038,2038,2026-04-27
2039,234,2039,2039,2025-10-02
2040,614,2040,2040,2026-07-22
2041,585,2041,2041,2026-07-11
2042,11,2042,2042,2026-06-05
2043,923,2043,2043,2024-10-27
2044,710,2044,2044,2024-08-14
2045,707,2045,2045,2025-05-02
2046,924,2046,2046,2025-08-06
2047,967,2047,2047,2024-09-12
2048,877,2048,2048,2025-11-04
2049,843,2049,2049,2025-06-02
2050,531,2050,2050,2025-07-30
2051,235,2051,2051,2026-06-25
2052,711,2052,2052,2026-01-08
2053,757,2053,2053,2026-06-06
2054,998,2054,2054,2025-07-11
2055,15,2055,2055,2024-08-30
2056,474,2056,2056,2026-02-16
2057,970,2057,2057,2024-12-16
2058,643,2058,2058,2025-07-17
2059,452,2059,2059,2026-01-31
2060,561,2060,2060,2025-09-06
2061,531,2061,2061,2026-07-04
2062,40,2062,2062,2025-03-19
2063,4,2063,2063,2026-05-13
2064,230,2064,2064,2026-03-28
2065,844,2065,2065,2025-02-16
2066,631,2066,2066,2025-09-14
2067,257,2067,2067,2025-07-07
2068,550,2068,2068,2025-02-10
2069,749,2069,2069,2026-01-30
2070,758,2070,2070,2025-12-06
2071,471,2071,2071,2026-06-25
2072,861,2072,2072,2024-10-14
2073,472,2073,2073,2026-05-11
2074,346,2074,2074,2026-04-30
2075,223,2075,2075,2024-12-19
2076,562,2076,2076,2025-12-15
2077,145,2077,2077,2026-03-09
2078,979,2078,2078,2025-05-05
2079,346,2079,2079,2025-10-05
2080,966,2080,2080,2026-05-13
2081,684,2081,2081,2024-10-19
2082,801,2082,2082,2025-03-17
2083,252,2083,2083,2025-10-02
2084,100,2084,2084,2025-08-03
2085,891,2085,2085,2025-01-29
2086,208,2086,2086,2025-11-04
2087,639,2087,2087,2025-03-18
2088,721,2088,2088,2025-06-15
2089,576,2089,2089,2024-11-12
2090,546,2090,2090,2025-04-08
2091,288,2091,2091,2026-07-17
2092,774,2092,2092,2025-01-05
2093,489,2093,2093,2024-08-30
2094,586,2094,2094,2025-08-15
2095,581,2095,2095,2024-12-17
2096,182,2096,2096,2026-07-07
2097,114,2097,2097,2025-09-28
2098,618,2098,2098,2026-03-09
2099,872,2099,2099,2024-09-27
2100,327,2100,2100,2025-12-12
2101,460,2101,2101,2025-06-26
2102,778,2102,2102,2025-06-17
2103,893,2103,2103,2026-04-27
2104,205,2104,2104,2025-02-03
2105,689,2105,2105,2025-10-06
2106,525,2106,2106,2026-04-06
2107,737,2107,2107,2025-12-17
2108,274,2108,2108,2025-01-14
2109,522,2109,2109,2025-07-13
2110,77,2110,2110,2026-04-06
2111,821,2111,2111,2025-09-01
2112,14,2112,2112,2025-12-15
2113,642,2113,2113,2026-01-12
2114,722,2114,2114,2025-03-07
2115,736,2115,2115,2026-06-13
2116,52,2116,2116,2025-07-12
2117,838,2117,2117,2024-10-16
2118,750,2118,2118,2025-09-16
2119,7,2119,2119,2026-04-11
2120,900,2120,2120,2025-04-10
2121,780,2121,2121,2025-12-07
2122,234,2122,2122,2026-06-14
2123,656,2123,2123,2026-06-07
2124,354,2124,2124,2025-01-09
2125,773,2125,2125,2026-04-22
2126,353,2126,2126,2024-11-18
2127,783,2127,2127,2024-09-07
2128,790,2128,2128,2024-09-25
2129,860,2129,2129,2026-01-25
2130,512,2130,2130,2025-06-22
2131,602,2131,2131,2025-11-01
2132,902,2132,2132,2026-01-24
2133,921,2133,2133,2024-12-16
2134,769,2134,2134,2025-04-24
2135,325,2135,2135,2024-10-10
2136,445,2136,2136,2025-12-16
2137,17,2137,2137,2026-02-13
2138,203,2138,2138,2026-03-15
2139,850,2139,2139,2025-05-23
2140,622,2140,2140,2026-07-21
2141,993,2141,2141,2025-05-19
2142,723,2142,2142,2026-04-06
2143,532,2143,2143,2026-02-16
2144,980,2144,2144,2025-02-02
2145,634,2145,2145,2024-11-09
2146,289,2146,2146,2026-01-18
2147,994,2147,2147,2024-11-01
2148,428,2148,2148,2026-06-23
2149,925,2149,2149,2026-07-18
2150,813,2150,2150,2025-10-03
2151,648,2151,2151,2026-02-13
2152,577,2152,2152,2026-04-04
2153,769,2153,2153,2025-09-30
2154,503,2154,2154,2025-12-13
2155,399,2155,2155,2026-06-25
2156,797,2156,2156,2025-04-30
2157,4,2157,2157,2025-06-17
2158,280,2158,2158,2025-06-24
2159,831,2159,2159,2026-06-20
2160,63,2160,2160,2026-03-09
2161,386,2161,2161,2024-12-12
2162,148,2162,2162,2024-10-03
2163,378,2163,2163,2025-12-23
2164,161,2164,2164,2026-06-20
2165,467,2165,2165,2025-09-22
2166,601,2166,2166,2026-02-09
2167,889,2167,2167,2025-12-24
2168,323,2168,2168,2026-08-02
2169,332,2169,2169,2024-10-23
2170,290,2170,2170,2025-05-29
2171,735,2171,2171,2024-10-30
2172,156,2172,2172,2025-10-21
2173,773,2173,2173,2025-04-24
2174,352,2174,2174,2025-05-09
2175,427,2175,2175,2025-02-18
2176,163,2176,2176,2025-02-15
2177,661,2177,2177,2025-11-20
2178,44,2178,2178,2025-07-10
2179,141,2179,2179,2025-05-07
2180,650,2180,2180,2025-06-27
2181,686,2181,2181,2025-03-03
2182,604,2182,2182,2026-02-26
2183,358,2183,2183,2024-08-31
2184,169,2184,2184,2024-10-13
2185,763,2185,2185,2025-08-09
2186,398,2186,2186,2024-08-23
2187,335,2187,2187,2026-03-04
2188,30,2188,2188,2025-08-06
2189,116,2189,2189,2025-03-31
2190,778,2190,2190,2025-05-29
2191,475,2191,2191,2025-02-28
2192,25,2192,2192,2024-09-26
2193,342,2193,2193,2024-10-13
2194,401,2194,2194,2025-03-27
2195,612,2195,2195,2025-10-18
2196,874,2196,2196,2024-09-18
2197,953,2197,2197,2025-11-10
2198,582,2198,2198,2025-12-20
2199,662,2199,2199,2024-10-25
2200,428,2200,2200,2025-08-28
2201,146,2201,2201,2025-09-15
2202,763,2202,2202,2025-12-26
2203,89,2203,2203,2025-10-23
2204,720,2204,2204,2025-08-02
2205,67,2205,2205,2025-08-02
2206,443,2206,2206,2025-08-20
2207,919,2207,2207,2025-07-10
2208,491,2208,2208,2024-08-28
2209,193,2209,2209,2025-03-10
2210,577,2210,2210,2026-05-20
2211,869,2211,2211,2026-03-08
2212,377,2212,2212,2025-12-25
2213,924,2213,2213,2025-05-08
2214,655,2214,2214,2025-03-25
2215,479,2215,2215,2025-03-07
2216,556,2216,2216,2025-06-04
2217,260,2217,2217,2025-04-18
2218,772,2218,2218,2025-12-01
2219,941,2219,2219,2025-07-30
2220,818,2220,2220,2025-04-13
2221,844,2221,2221,2025-02-16
2222,5,2222,2222,2026-04-30
2223,727,2223,2223,2025-01-22
2224,857,2224,2224,2025-10-02
2225,591,2225,2225,2026-03-03
2226,660,2226,2226,2024-09-14
2227,993,2227,2227,2025-01-27
2228,712,2228,2228,2025-10-30
2229,215,2229,2229,2025-10-30
2230,32,2230,2230,2024-11-18
2231,795,2231,2231,2025-04-16
2232,433,2232,2232,2026-02-03
2233,398,2233,2233,2025-03-28
2234,604,2234,2234,2025-10-29
2235,512,2235,2235,2026-02-21
2236,485,2236,2236,2026-07-24
2237,602,2237,2237,2024-12-12
2238,40,2238,2238,2024-09-22
2239,95,2239,2239,2024-08-30
2240,768,2240,2240,2025-01-05
2241,318,2241,2241,2025-07-15
2242,11,2242,2242,2025-06-13
2243,71,2243,2243,2025-04-06
2244,579,2244,2244,2025-08-24
2245,121,2245,2245,2026-02-09
2246,875,2246,2246,2025-11-15
2247,113,2247,2247,2026-02-05
2248,256,2248,2248,2025-09-17
2249,310,2249,2249,2025-10-03
2250,731,2250,2250,2026-05-25
2251,136,2251,2251,2025-11-07
2252,376,2252,2252,2026-07-09
2253,486,2253,2253,2025-05-22
2254,67,2254,2254,2026-03-12
2255,520,2255,2255,2025-08-14
2256,89,2256,2256,2026-07-24
2257,560,2257,2257,2026-07-24
2258,995,2258,2258,2024-09-09
2259,41,2259,2259,2024-12-29
2260,765,2260,2260,2025-12-24
2261,808,2261,2261,2025-12-16
2262,902,2262,2262,2025-05-27
2263,219,2263,2263,2026-05-30
2264,102,2264,2264,2025-05-10
2265,131,2265,2265,2024-09-08
2266,75,2266,2266,2026-03-26
2267,641,2267,2267,2025-10-08
2268,771,2268,2268,2025-07-21
2269,198,2269,2269,2025-06-14
2270,930,2270,2270,2024-10-06
2271,614,2271,2271,2025-06-13
2272,615,2272,2272,2025-12-03
2273,914,2273,2273,2025-06-11
2274,288,2274,2274,2026-02-15
2275,876,2275,2275,2024-09-29
2276,893,2276,2276,2024-12-26
2277,94,2277,2277,2026-01-22
2278,275,2278,2278,2024-12-19
2279,929,2279,2279,2025-03-04
2280,197,2280,2280,2025-04-19
2281,613,2281,2281,2026-01-02
2282,704,2282,2282,2025-10-23
2283,474,2283,2283,2024-11-15
2284,741,2284,2284,2024-12-26
2285,909,2285,2285,2025-08-21
2286,735,2286,2286,2024-11-04
2287,261,2287,2287,2026-04-06
2288,833,2288,2288,2024-12-09
2289,832,2289,2289,2026-06-05
2290,582,2290,2290,2025-01-05
2291,644,2291,2291,2025-09-09
2292,397,2292,2292,2024-09-24
2293,371,2293,2293,2024-10-10
2294,562,2294,2294,2025-06-10
2295,704,2295,2295,2024-10-11
2296,115,2296,2296,2025-10-18
2297,247,2297,2297,2026-05-23
2298,243,2298,2298,2025-07-04
2299,826,2299,2299,2025-07-10
2300,585,2300,2300,2025-01-16
2301,253,2301,2301,2025-01-26
2302,170,2302,2302,2025-09-30
2303,245,2303,2303,2025-11-11
2304,238,2304,2304,2026-04-01
2305,154,2305,2305,2025-01-06
2306,784,2306,2306,2024-12-25
2307,897,2307,2307,2025-01-20
2308,520,2308,2308,2025-12-29
2309,148,2309,2309,2024-08-13
2310,414,2310,2310,2025-06-24
2311,281,2311,2311,2024-10-20
2312,899,2312,2312,2025-08-11
2313,731,2313,2313,2025-06-26
2314,21,2314,2314,2025-05-08
2315,448,2315,2315,2025-02-08
2316,934,2316,2316,2026-04-18
2317,875,2317,2317,2025-04-12
2318,374,2318,2318,2026-05-22
2319,631,2319,2319,2025-01-07
2320,955,2320,2320,2025-06-01
2321,880,2321,2321,2025-06-24
2322,320,2322,2322,2025-02-18
2323,95,2323,2323,2024-12-03
2324,482,2324,2324,2025-09-03
2325,985,2325,2325,2026-06-11
2326,104,2326,2326,2025-11-06
2327,780,2327,2327,2024-09-02
2328,806,2328,2328,2025-11-04
2329,833,2329,2329,2025-01-22
2330,172,2330,2330,2025-12-10
2331,883,2331,2331,2025-07-20
2332,466,2332,2332,2024-10-31
2333,621,2333,2333,2024-08-31
2334,295,2334,2334,2025-09-12
2335,555,2335,2335,2025-09-24
2336,621,2336,2336,2025-08-14
2337,516,2337,2337,2024-11-02
2338,615,2338,2338,2025-07-28
2339,385,2339,2339,2026-04-21
2340,204,2340,2340,2025-02-14
2341,886,2341,2341,2025-02-17
2342,146,2342,2342,2025-06-20
2343,409,2343,2343,2026-01-04
2344,134,2344,2344,2024-09-20
2345,945,2345,2345,2025-09-30
2346,477,2346,2346,2025-06-05
2347,841,2347,2347,2024-09-08
2348,868,2348,2348,2026-05-09
2349,318,2349,2349,2025-05-20
2350,763,2350,2350,2025-10-28
2351,224,2351,2351,2025-12-05
2352,343,2352,2352,2024-11-01
2353,377,2353,2353,2026-02-01
2354,500,2354,2354,2024-08-05
2355,992,2355,2355,2024-08-31
2356,740,2356,2356,2025-03-11
2357,632,2357,2357,2025-02-04
2358,46,2358,2358,2025-07-01
2359,583,2359,2359,2025-11-27
2360,582,2360,2360,2026-05-24
2361,880,2361,2361,2025-09-24
2362,480,2362,2362,2025-06-26
2363,471,2363,2363,2025-06-03
2364,591,2364,2364,2025-05-11
2365,160,2365,2365,2024-09-01
2366,835,2366,2366,2026-06-21
2367,963,2367,2367,2026-05-31
2368,975,2368,2368,2026-01-08
2369,152,2369,2369,2025-02-17
2370,927,2370,2370,2025-12-31
2371,410,2371,2371,2026-07-27
2372,249,2372,2372,2025-05-29
2373,322,2373,2373,2026-06-26
2374,425,2374,2374,2025-07-03
2375,316,2375,2375,2025-08-05
2376,220,2376,2376,2025-04-11
2377,626,2377,2377,2025-04-21
2378,386,2378,2378,2025-02-04
2379,756,2379,2379,2025-03-02
2380,957,2380,2380,2024-09-22
2381,34,2381,2381,2025-09-05
2382,586,2382,2382,2026-05-21
2383,103,2383,2383,2025-07-17
2384,1,2384,2384,2026-03-19
2385,274,2385,2385,2026-03-14
2386,67,2386,2386,2025-05-29
2387,795,2387,2387,2025-12-04
2388,291,2388,2388,2026-06-06
2389,485,2389,2389,2024-10-14
2390,723,2390,2390,2025-03-30
2391,335,2391,2391,2026-07-25
2392,159,2392,2392,2024-11-19
2393,111,2393,2393,2024-12-18
2394,789,2394,2394,2025-04-15
2395,420,2395,2395,2026-02-27
2396,672,2396,2396,2025-10-25
2397,354,2397,2397,2025-05-20
2398,192,2398,2398,2025-08-11
2399,137,2399,2399,2025-01-11
2400,891,2400,2400,2025-01-15
2401,897,2401,2401,2026-05-10
2402,526,2402,2402,2025-12-20
2403,185,2403,2403,2025-05-21
2404,352,2404,2404,2024-09-16
2405,495,2405,2405,2026-05-21
2406,697,2406,2406,2025-12-18
2407,789,2407,2407,2025-09-06
2408,292,2408,2408,2026-05-05
2409,850,2409,2409,2024-08-09
2410,606,2410,2410,2026-06-04
2411,873,2411,2411,2025-05-04
2412,5,2412,2412,2025-07-31
2413,461,2413,2413,2024-09-15
2414,982,2414,2414,2024-09-19
2415,890,2415,2415,2024-09-21
2416,219,2416,2416,2025-02-19
2417,241,2417,2417,2025-10-19
2418,672,2418,2418,2024-12-26
2419,663,2419,2419,2025-02-07
2420,954,2420,2420,2025-08-03
2421,166,2421,2421,2024-12-14
2422,784,2422,2422,2025-02-10
2423,895,2423,2423,2025-07-17
2424,789,2424,2424,2025-01-06
2425,125,2425,2425,2025-01-18
2426,685,2426,2426,2026-07-26
2427,95,2427,2427,2026-04-15
2428,968,2428,2428,2025-07-23
2429,150,2429,2429,2026-01-23
2430,647,2430,2430,2024-11-16
2431,775,2431,2431,2024-10-23
2432,195,2432,2432,2026-07-25
2433,673,2433,2433,2025-08-18
2434,658,2434,2434,2026-02-09
2435,193,2435,2435,2026-04-29
2436,957,2436,2436,2026-06-08
2437,883,2437,2437,2025-01-18
2438,534,2438,2438,2025-04-15
2439,567,2439,2439,2025-06-08
2440,856,2440,2440,2025-06-22
2441,40,2441,2441,2025-05-14
2442,265,2442,2442,2025-09-28
2443,422,2443,2443,2026-07-30
2444,316,2444,2444,2025-07-01
2445,336,2445,2445,2026-05-19
2446,117,2446,2446,2025-09-16
2447,188,2447,2447,2025-06-22
2448,284,2448,2448,2025-12-08
2449,674,2449,2449,2026-03-17
2450,941,2450,2450,2024-12-20
2451,54,2451,2451,2024-12-01
2452,913,2452,2452,2026-02-20
2453,555,2453,2453,2025-07-17
2454,343,2454,2454,2025-07-31
2455,224,2455,2455,2025-02-06
2456,698,2456,2456,2024-08-24
2457,244,2457,2457,2026-04-26
2458,845,2458,2458,2024-08-21
2459,998,2459,2459,2026-01-23
2460,632,2460,2460,2026-01-26
2461,118,2461,2461,2025-07-25
2462,132,2462,2462,2024-09-03
2463,729,2463,2463,2025-01-24
2464,74,2464,2464,2026-04-27
2465,589,2465,2465,2026-07-11
2466,110,2466,2466,2026-06-09
2467,742,2467,2467,2025-04-01
2468,676,2468,2468,2026-02-02
2469,651,2469,2469,2025-06-29
2470,891,2470,2470,2025-03-14
2471,51,2471,2471,2025-11-19
2472,63,2472,2472,2026-08-03
2473,114,2473,2473,2025-12-03
2474,437,2474,2474,2025-09-19
2475,311,2475,2475,2025-01-21
2476,489,2476,2476,2026-03-07
2477,449,2477,2477,2026-02-18
2478,225,2478,2478,2025-09-07
2479,739,2479,2479,2025-09-04
2480,883,2480,2480,2024-11-27
2481,581,2481,2481,2025-03-24
2482,251,2482,2482,2025-03-03
2483,4,2483,2483,2025-05-16
2484,350,2484,2484,2024-09-01
2485,751,2485,2485,2024-09-09
2486,205,2486,2486,2025-02-25
2487,484,2487,2487,2025-05-13
2488,879,2488,2488,2026-05-25
2489,342,2489,2489,2026-02-08
2490,79,2490,2490,2024-10-18
2491,888,2491,2491,2024-08-27
2492,757,2492,2492,2026-05-12
2493,756,2493,2493,2025-09-19
2494,263,2494,2494,2026-05-30
2495,659,2495,2495,2025-06-15
2496,946,2496,2496,2025-08-31
2497,257,2497,2497,2025-12-24
2498,706,2498,2498,2024-10-16
2499,502,2499,2499,2025-03-31
2500,516,2500,2500,2025-11-12
2501,714,2501,2501,2026-01-09
2502,757,2502,2502,2025-04-05
2503,177,2503,2503,2025-04-14
2504,848,2504,2504,2025-11-14
2505,63,2505,2505,2026-04-03
2506,744,2506,2506,2025-06-24
2507,705,2507,2507,2025-07-02
2508,176,2508,2508,2025-07-12
2509,87,2509,2509,2026-02-03
2510,112,2510,2510,2025-08-11
2511,533,2511,2511,2025-08-25
2512,849,2512,2512,2026-07-06
2513,177,2513,2513,2025-04-25
2514,621,2514,2514,2026-01-29
2515,385,2515,2515,2026-05-07
2516,712,2516,2516,2025-06-06
2517,491,2517,2517,2025-10-29
2518,185,2518,2518,2025-08-29
2519,521,2519,2519,2026-07-07
2520,566,2520,2520,2025-05-07
2521,341,2521,2521,2026-04-15
2522,503,2522,2522,2026-03-24
2523,152,2523,2523,2025-07-28
2524,650,2524,2524,2026-03-05
2525,698,2525,2525,2026-01-03
2526,12,2526,2526,2025-10-19
2527,169,2527,2527,2025-03-06
2528,976,2528,2528,2024-10-16
2529,646,2529,2529,2025-01-25
2530,389,2530,2530,2025-04-12
2531,164,2531,2531,2025-04-17
2532,503,2532,2532,2026-06-08
2533,782,2533,2533,2026-06-05
2534,481,2534,2534,2025-04-25
2535,46,2535,2535,2025-10-20
2536,387,2536,2536,2025-06-20
2537,529,2537,2537,2026-07-09
2538,577,2538,2538,2025-06-18
2539,276,2539,2539,2025-07-21
2540,51,2540,2540,2025-11-15
2541,43,2541,2541,2026-03-20
2542,213,2542,2542,2025-04-30
2543,18,2543,2543,2024-11-28
2544,63,2544,2544,2026-06-09
2545,855,2545,2545,2026-03-22
2546,751,2546,2546,2025-09-19
2547,529,2547,2547,2024-09-12
2548,275,2548,2548,2025-06-07
2549,410,2549,2549,2026-05-04
2550,305,2550,2550,2025-04-21
2551,735,2551,2551,2026-02-10
2552,318,2552,2552,2025-03-24
2553,400,2553,2553,2025-03-28
2554,383,2554,2554,2025-07-26
2555,235,2555,2555,2025-11-06
2556,983,2556,2556,2025-01-19
2557,422,2557,2557,2025-06-20
2558,112,2558,2558,2025-03-25
2559,743,2559,2559,2025-04-28
2560,297,2560,2560,2025-07-18
2561,214,2561,2561,2026-05-05
2562,126,2562,2562,2025-06-29
2563,97,2563,2563,2026-06-24
2564,50,2564,2564,2026-06-26
2565,696,2565,2565,2025-11-30
2566,660,2566,2566,2026-07-26
2567,36,2567,2567,2025-06-12
2568,98,2568,2568,2025-09-14
2569,934,2569,2569,2026-06-05
2570,110,2570,2570,2024-09-29
2571,612,2571,2571,2025-06-12
2572,484,2572,2572,2026-05-05
2573,930,2573,2573,2025-12-09
2574,625,2574,2574,2025-08-15
2575,619,2575,2575,2025-04-12
2576,300,2576,2576,2024-09-27
2577,859,2577,2577,2025-09-26
2578,175,2578,2578,2025-06-17
2579,463,2579,2579,2026-03-15
2580,95,2580,2580,2026-05-13
2581,549,2581,2581,2024-10-22
2582,812,2582,2582,2025-08-07
2583,446,2583,2583,2025-02-28
2584,132,2584,2584,2024-08-30
2585,57,2585,2585,2025-10-27
2586,906,2586,2586,2025-06-20
2587,702,2587,2587,2025-06-24
2588,976,2588,2588,2025-07-17
2589,54,2589,2589,2025-05-28
2590,112,2590,2590,2024-10-13
2591,216,2591,2591,2026-02-28
2592,248,2592,2592,2026-07-06
2593,199,2593,2593,2024-11-10
2594,684,2594,2594,2024-10-01
2595,218,2595,2595,2026-04-03
2596,684,2596,2596,2025-06-13
2597,378,2597,2597,2024-08-12
2598,588,2598,2598,2025-09-24
2599,827,2599,2599,2025-12-17
2600,800,2600,2600,2026-07-19
2601,303,2601,2601,2024-10-10
2602,975,2602,2602,2025-02-15
2603,106,2603,2603,2025-11-21
2604,912,2604,2604,2025-11-08
2605,800,2605,2605,2024-12-17
2606,638,2606,2606,2024-09-17
2607,656,2607,2607,2026-05-01
2608,453,2608,2608,2025-05-11
2609,622,2609,2609,2026-07-23
2610,142,2610,2610,2026-08-01
2611,984,2611,2611,2026-02-03
2612,31,2612,2612,2025-05-20
2613,693,2613,2613,2025-05-05
2614,564,2614,2614,2024-08-22
2615,646,2615,2615,2024-08-30
2616,437,2616,2616,2025-04-12
2617,345,2617,2617,2024-08-31
2618,555,2618,2618,2026-01-12
2619,642,2619,2619,2025-06-05
2620,230,2620,2620,2026-05-17
2621,65,2621,2621,2024-11-18
2622,77,2622,2622,2025-07-02
2623,969,2623,2623,2024-09-02
2624,301,2624,2624,2025-12-25
2625,418,2625,2625,2026-01-05
2626,422,2626,2626,2025-03-20
2627,287,2627,2627,2024-10-18
2628,614,2628,2628,2024-09-10
2629,966,2629,2629,2025-08-23
2630,134,2630,2630,2026-04-28
2631,818,2631,2631,2025-11-29
2632,165,2632,2632,2025-06-16
2633,407,2633,2633,2026-02-16
2634,204,2634,2634,2026-02-02
2635,978,2635,2635,2024-12-22
2636,938,2636,2636,2025-04-18
2637,11,2637,2637,2026-07-31
2638,168,2638,2638,2025-03-18
2639,433,2639,2639,2025-11-29
2640,508,2640,2640,2025-07-29
2641,195,2641,2641,2025-03-06
2642,271,2642,2642,2024-08-29
2643,145,2643,2643,2024-12-01
2644,283,2644,2644,2024-12-24
2645,699,2645,2645,2025-05-14
2646,111,2646,2646,2026-01-09
2647,77,2647,2647,2025-05-30
2648,604,2648,2648,2024-08-29
2649,532,2649,2649,2025-01-01
2650,749,2650,2650,2024-10-10
2651,847,2651,2651,2025-09-06
2652,528,2652,2652,2026-03-16
2653,347,2653,2653,2025-07-07
2654,805,2654,2654,2025-08-26
2655,950,2655,2655,2024-10-19
2656,882,2656,2656,2024-08-27
2657,812,2657,2657,2026-06-26
2658,148,2658,2658,2025-12-10
2659,358,2659,2659,2025-10-16
2660,895,2660,2660,2025-08-09
2661,704,2661,2661,2025-04-05
2662,667,2662,2662,2024-12-26
2663,408,2663,2663,2025-12-07
2664,441,2664,2664,2026-07-04
2665,130,2665,2665,2025-08-04
2666,862,2666,2666,2024-10-17
2667,664,2667,2667,2025-06-05
2668,87,2668,2668,2025-11-22
2669,986,2669,2669,2026-01-04
2670,241,2670,2670,2026-07-05
2671,201,2671,2671,2025-08-03
2672,390,2672,2672,2025-07-20
2673,626,2673,2673,2025-10-11
2674,639,2674,2674,2024-08-24
2675,855,2675,2675,2025-06-03
2676,40,2676,2676,2024-11-12
2677,191,2677,2677,2025-10-27
2678,680,2678,2678,2025-09-24
2679,468,2679,2679,2025-06-11
2680,287,2680,2680,2024-11-13
2681,258,2681,2681,2025-08-23
2682,404,2682,2682,2025-04-29
2683,654,2683,2683,2025-02-03
2684,888,2684,2684,2026-05-18
2685,169,2685,2685,2024-11-01
2686,780,2686,2686,2025-11-26
2687,172,2687,2687,2025-06-19
2688,712,2688,2688,2026-04-15
2689,882,2689,2689,2026-02-02
2690,27,2690,2690,2024-11-18
2691,573,2691,2691,2025-04-29
2692,697,2692,2692,2025-01-24
2693,314,2693,2693,2024-12-27
2694,614,2694,2694,2026-05-16
2695,854,2695,2695,2024-11-04
2696,39,2696,2696,2025-03-18
2697,91,2697,2697,2025-10-18
2698,848,2698,2698,2024-11-26
2699,178,2699,2699,2024-08-30
2700,746,2700,2700,2025-02-05
2701,872,2701,2701,2026-06-22
2702,154,2702,2702,2026-03-03
2703,363,2703,2703,2025-07-06
2704,606,2704,2704,2026-02-22
2705,490,2705,2705,2025-01-28
2706,865,2706,2706,2026-02-04
2707,912,2707,2707,2025-05-12
2708,979,2708,2708,2025-01-05
2709,453,2709,2709,2026-06-01
2710,724,2710,2710,2025-12-10
2711,648,2711,2711,2025-06-26
2712,888,2712,2712,2026-02-15
2713,132,2713,2713,2026-04-05
2714,710,2714,2714,2024-10-16
2715,7,2715,2715,2026-01-02
2716,655,2716,2716,2025-03-19
2717,135,2717,2717,2024-09-29
2718,6,2718,2718,2026-05-09
2719,209,2719,2719,2025-04-28
2720,311,2720,2720,2024-09-17
2721,635,2721,2721,2026-04-22
2722,460,2722,2722,2025-02-19
2723,7,2723,2723,2026-04-14
2724,215,2724,2724,2024-11-09
2725,557,2725,2725,2025-04-20
2726,205,2726,2726,2025-10-10
2727,95,2727,2727,2024-08-26
2728,251,2728,2728,2025-03-21
2729,735,2729,2729,2025-09-21
2730,170,2730,2730,2026-01-27
2731,806,2731,2731,2026-05-17
2732,267,2732,2732,2025-04-22
2733,389,2733,2733,2025-04-24
2734,634,2734,2734,2025-02-13
2735,568,2735,2735,2024-11-01
2736,890,2736,2736,2026-02-11
2737,65,2737,2737,2024-11-29
2738,735,2738,2738,2025-05-04
2739,187,2739,2739,2026-01-23
2740,979,2740,2740,2025-11-14
2741,311,2741,2741,2025-02-27
2742,333,2742,2742,2025-03-17
2743,963,2743,2743,2024-08-14
2744,743,2744,2744,2025-07-22
2745,403,2745,2745,2024-12-15
2746,887,2746,2746,2025-12-13
2747,915,2747,2747,2025-12-06
2748,585,2748,2748,2024-11-04
2749,340,2749,2749,2024-10-24
2750,116,2750,2750,2025-06-21
2751,975,2751,2751,2026-01-18
2752,29,2752,2752,2025-08-04
2753,810,2753,2753,2025-09-26
2754,905,2754,2754,2025-12-06
2755,516,2755,2755,2026-04-22
2756,216,2756,2756,2025-01-27
2757,653,2757,2757,2025-12-01
2758,18,2758,2758,2026-01-18
2759,84,2759,2759,2025-11-27
2760,69,2760,2760,2026-03-06
2761,798,2761,2761,2025-11-27
2762,25,2762,2762,2025-12-06
2763,670,2763,2763,2026-04-14
2764,591,2764,2764,2024-09-16
2765,608,2765,2765,2026-05-11
2766,50,2766,2766,2024-08-26
2767,121,2767,2767,2025-06-19
2768,118,2768,2768,2025-10-26
2769,413,2769,2769,2025-11-21
2770,633,2770,2770,2024-11-22
2771,761,2771,2771,2025-12-26
2772,765,2772,2772,2025-03-24
2773,390,2773,2773,2024-09-29
2774,667,2774,2774,2026-04-19
2775,804,2775,2775,2025-09-15
2776,24,2776,2776,2024-12-30
2777,9,2777,2777,2026-08-05
2778,294,2778,2778,2026-07-06
2779,868,2779,2779,2025-06-13
2780,760,2780,2780,2025-12-13
2781,712,2781,2781,2025-03-11
2782,993,2782,2782,2024-08-15
2783,435,2783,2783,2025-02-01
2784,315,2784,2784,2025-10-12
2785,910,2785,2785,2025-05-07
2786,433,2786,2786,2025-08-03
2787,571,2787,2787,2025-11-27
2788,635,2788,2788,2026-07-03
2789,883,2789,2789,2025-03-18
2790,130,2790,2790,2026-05-17
2791,268,2791,2791,2025-05-19
2792,256,2792,2792,2025-04-04
2793,980,2793,2793,2026-02-15
2794,915,2794,2794,2026-06-11
2795,605,2795,2795,2024-10-30
2796,177,2796,2796,2024-11-11
2797,857,2797,2797,2025-04-29
2798,46,2798,2798,2025-07-13
2799,213,2799,2799,2025-04-06
2800,409,2800,2800,2025-06-18
2801,529,2801,2801,2024-10-15
2802,745,2802,2802,2025-09-16
2803,32,2803,2803,2025-08-28
2804,201,2804,2804,2025-03-25
2805,253,2805,2805,2025-07-17
2806,993,2806,2806,2025-12-01
2807,308,2807,2807,2026-06-27
2808,202,2808,2808,2025-07-06
2809,545,2809,2809,2025-02-03
2810,440,2810,2810,2025-12-05
2811,124,2811,2811,2026-07-10
2812,823,2812,2812,2025-02-12
2813,830,2813,2813,2024-08-17
2814,843,2814,2814,2024-12-02
2815,247,2815,2815,2026-04-24
2816,273,2816,2816,2024-10-22
2817,989,2817,2817,2026-04-01
2818,120,2818,2818,2025-05-22
2819,936,2819,2819,2025-03-02
2820,242,2820,2820,2024-10-30
2821,4,2821,2821,2026-02-22
2822,177,2822,2822,2026-04-07
2823,851,2823,2823,2026-06-30
2824,230,2824,2824,2025-11-28
2825,124,2825,2825,2024-09-05
2826,930,2826,2826,2026-06-24
2827,294,2827,2827,2026-06-14
2828,239,2828,2828,2026-01-05
2829,755,2829,2829,2025-05-10
2830,457,2830,2830,2026-08-03
2831,869,2831,2831,2026-06-26
2832,528,2832,2832,2025-05-11
2833,421,2833,2833,2025-06-22
2834,871,2834,2834,2025-08-12
2835,719,2835,2835,2025-11-17
2836,86,2836,2836,2025-01-23
2837,835,2837,2837,2025-04-20
2838,548,2838,2838,2026-08-05
2839,535,2839,2839,2024-08-19
2840,449,2840,2840,2026-07-07
2841,27,2841,2841,2025-11-16
2842,328,2842,2842,2025-06-16
2843,577,2843,2843,2024-12-13
2844,664,2844,2844,2025-08-27
2845,170,2845,2845,2026-06-12
2846,771,2846,2846,2025-02-25
2847,45,2847,2847,2026-05-10
2848,927,2848,2848,2025-03-25
2849,438,2849,2849,2025-08-15
2850,291,2850,2850,2025-02-10
2851,387,2851,2851,2024-08-28
2852,300,2852,2852,2026-02-09
2853,625,2853,2853,2025-10-30
2854,440,2854,2854,2026-05-12
2855,67,2855,2855,2025-05-20
2856,396,2856,2856,2025-11-16
2857,646,2857,2857,2025-04-18
2858,991,2858,2858,2026-02-04
2859,714,2859,2859,2024-09-21
2860,265,2860,2860,2025-07-22
2861,590,2861,2861,2026-01-12
2862,308,2862,2862,2025-04-13
2863,678,2863,2863,2025-02-05
2864,239,2864,2864,2025-12-31
2865,192,2865,2865,2025-02-09
2866,524,2866,2866,2024-11-14
2867,369,2867,2867,2024-11-29
2868,128,2868,2868,2025-07-25
2869,33,2869,2869,2025-07-07
2870,581,2870,2870,2025-05-01
2871,759,2871,2871,2026-03-19
2872,552,2872,2872,2025-01-12
2873,411,2873,2873,2025-08-05
2874,82,2874,2874,2025-08-03
2875,232,2875,2875,2026-05-29
2876,386,2876,2876,2025-11-02
2877,999,2877,2877,2024-08-13
2878,391,2878,2878,2024-10-23
2879,603,2879,2879,2025-09-23
2880,629,2880,2880,2024-12-14
2881,704,2881,2881,2025-02-12
2882,46,2882,2882,2025-12-14
2883,433,2883,2883,2025-07-19
2884,322,2884,2884,2024-12-02
2885,594,2885,2885,2025-10-15
2886,498,2886,2886,2025-12-23
2887,140,2887,2887,2025-08-08
2888,301,2888,2888,2025-04-14
2889,510,2889,2889,2025-07-10
2890,166,2890,2890,2025-06-10
2891,373,2891,2891,2025-11-21
2892,462,2892,2892,2025-07-04
2893,519,2893,2893,2026-03-12
2894,878,2894,2894,2025-07-23
2895,134,2895,2895,2025-12-30
2896,112,2896,2896,2025-02-02
2897,10,2897,2897,2025-05-15
2898,156,2898,2898,2025-11-01
2899,711,2899,2899,2026-07-26
2900,324,2900,2900,2026-01-03
2901,81,2901,2901,2024-12-25
2902,933,2902,2902,2025-06-20
2903,779,2903,2903,2025-02-06
2904,529,2904,2904,2026-07-23
2905,896,2905,2905,2026-03-17
2906,919,2906,2906,2025-12-21
2907,419,2907,2907,2025-05-26
2908,748,2908,2908,2026-07-09
2909,258,2909,2909,2025-03-16
2910,355,2910,2910,2025-03-24
2911,359,2911,2911,2024-11-20
2912,131,2912,2912,2026-06-30
2913,900,2913,2913,2024-08-25
2914,693,2914,2914,2025-09-08
2915,668,2915,2915,2025-02-10
2916,902,2916,2916,2024-08-06
2917,958,2917,2917,2026-03-06
2918,449,2918,2918,2025-12-27
2919,657,2919,2919,2026-01-23
2920,889,2920,2920,2025-12-24
2921,75,2921,2921,2025-02-12
2922,868,2922,2922,2025-11-23
2923,43,2923,2923,2026-05-22
2924,624,2924,2924,2025-03-06
2925,916,2925,2925,2026-04-16
2926,37,2926,2926,2025-09-04
2927,486,2927,2927,2025-11-02
2928,177,2928,2928,2026-05-09
2929,269,2929,2929,2024-12-09
2930,68,2930,2930,2025-10-12
2931,804,2931,2931,2026-02-14
2932,660,2932,2932,2026-03-06
2933,525,2933,2933,2025-10-26
2934,541,2934,2934,2025-10-06
2935,493,2935,2935,2026-04-15
2936,860,2936,2936,2026-05-27
2937,38,2937,2937,2026-07-18
2938,275,2938,2938,2024-09-03
2939,534,2939,2939,2024-08-05
2940,662,2940,2940,2024-08-26
2941,161,2941,2941,2024-10-28
2942,592,2942,2942,2025-09-10
2943,46,2943,2943,2026-07-19
2944,911,2944,2944,2026-04-20
2945,445,2945,2945,2026-03-29
2946,862,2946,2946,2025-06-29
2947,12,2947,2947,2024-09-27
2948,393,2948,2948,2025-06-24
2949,297,2949,2949,2026-06-19
2950,495,2950,2950,2024-08-22
2951,317,2951,2951,2025-02-23
2952,4,2952,2952,2024-10-09
2953,4,2953,2953,2024-09-20
2954,855,2954,2954,2025-06-22
2955,444,2955,2955,2025-06-22
2956,14,2956,2956,2025-08-30
2957,93,2957,2957,2025-04-06
2958,332,2958,2958,2025-08-05
2959,536,2959,2959,2025-02-20
2960,430,2960,2960,2025-04-17
2961,548,2961,2961,2025-02-04
2962,622,2962,2962,2025-03-05
2963,569,2963,2963,2026-05-15
2964,699,2964,2964,2026-04-07
2965,380,2965,2965,2026-01-07
2966,865,2966,2966,2025-06-27
2967,710,2967,2967,2025-09-15
2968,136,2968,2968,2024-11-04
2969,16,2969,2969,2025-12-01
2970,964,2970,2970,2024-11-29
2971,322,2971,2971,2025-01-01
2972,724,2972,2972,2026-05-17
2973,617,2973,2973,2024-08-09
2974,95,2974,2974,2025-04-16
2975,273,2975,2975,2026-01-20
2976,525,2976,2976,2024-09-06
2977,725,2977,2977,2026-06-02
2978,844,2978,2978,2024-11-29
2979,854,2979,2979,2026-02-26
2980,3,2980,2980,2025-07-25
2981,851,2981,2981,2025-08-26
2982,648,2982,2982,2025-04-21
2983,974,2983,2983,2026-06-21
2984,140,2984,2984,2025-05-02
2985,942,2985,2985,2026-03-04
2986,60,2986,2986,2026-01-09
2987,269,2987,2987,2025-05-16
2988,75,2988,2988,2025-06-08
2989,68,2989,2989,2024-12-02
2990,589,2990,2990,2025-08-28
2991,112,2991,2991,2025-01-03
2992,766,2992,2992,2026-07-16
2993,841,2993,2993,2024-10-27
2994,474,2994,2994,2025-09-04
2995,980,2995,2995,2024-08-22
2996,805,2996,2996,2024-11-17
2997,831,2997,2997,2024-09-20
2998,569,2998,2998,2024-10-26
2999,610,2999,2999,2026-04-30
3000,857,3000,3000,2026-05-28
3001,825,3001,3001,2025-08-06
3002,743,3002,3002,2026-04-10
3003,158,3003,3003,2025-01-27
3004,188,3004,3004,2024-11-27
3005,810,3005,3005,2025-09-17
3006,893,3006,3006,2025-01-09
3007,280,3007,3007,2026-02-23
3008,199,3008,3008,2026-02-16
3009,954,3009,3009,2025-06-20
3010,326,3010,3010,2025-12-12
3011,554,3011,3011,2024-12-22
3012,836,3012,3012,2026-02-28
3013,460,3013,3013,2026-04-02
3014,984,3014,3014,2026-07-05
3015,845,3015,3015,2025-01-30
3016,333,3016,3016,2025-09-02
3017,29,3017,3017,2025-11-24
3018,103,3018,3018,2025-12-12
3019,704,3019,3019,2024-10-25
3020,966,3020,3020,2024-08-22
3021,650,3021,3021,2025-07-26
3022,838,3022,3022,2025-08-22
3023,683,3023,3023,2026-07-10
3024,813,3024,3024,2025-07-05
3025,881,3025,3025,2024-08-27
3026,346,3026,3026,2026-07-25
3027,649,3027,3027,2026-01-14
3028,45,3028,3028,2026-07-18
3029,133,3029,3029,2025-12-10
3030,761,3030,3030,2025-02-26
3031,770,3031,3031,2026-05-19
3032,981,3032,3032,2025-02-10
3033,707,3033,3033,2024-11-04
3034,130,3034,3034,2024-11-26
3035,627,3035,3035,2024-09-25
3036,629,3036,3036,2024-11-19
3037,368,3037,3037,2026-05-22
3038,47,3038,3038,2025-01-27
3039,418,3039,3039,2025-11-07
3040,585,3040,3040,2026-03-16
3041,397,3041,3041,2025-05-14
3042,713,3042,3042,2025-09-17
3043,912,3043,3043,2025-11-02
3044,716,3044,3044,2025-04-03
3045,503,3045,3045,2026-04-27
3046,9,3046,3046,2026-04-01
3047,506,3047,3047,2024-11-26
3048,921,3048,3048,2024-10-21
3049,551,3049,3049,2025-12-09
3050,970,3050,3050,2025-10-12
3051,339,3051,3051,2025-12-24
3052,41,3052,3052,2024-10-22
3053,653,3053,3053,2024-12-17
3054,15,3054,3054,2026-01-06
3055,455,3055,3055,2025-12-27
3056,343,3056,3056,2024-12-12
3057,580,3057,3057,2025-09-24
3058,172,3058,3058,2026-08-02
3059,688,3059,3059,2026-01-03
3060,363,3060,3060,2024-09-01
3061,475,3061,3061,2026-01-08
3062,118,3062,3062,2025-04-13
3063,770,3063,3063,2024-09-18
3064,718,3064,3064,2025-05-25
3065,929,3065,3065,2025-07-16
3066,375,3066,3066,2025-09-07
3067,115,3067,3067,2026-01-03
3068,564,3068,3068,2025-06-28
3069,997,3069,3069,2025-11-16
3070,530,3070,3070,2025-10-10
3071,548,3071,3071,2026-05-10
3072,966,3072,3072,2025-04-27
3073,522,3073,3073,2025-08-26
3074,99,3074,3074,2025-01-04
3075,2,3075,3075,2026-07-23
3076,131,3076,3076,2025-01-30
3077,91,3077,3077,2025-07-25
3078,217,3078,3078,2026-07-09
3079,998,3079,3079,2024-10-04
3080,130,3080,3080,2025-12-30
3081,284,3081,3081,2025-11-28
3082,450,3082,3082,2025-10-08
3083,382,3083,3083,2026-07-04
3084,428,3084,3084,2025-03-20
3085,202,3085,3085,2024-12-28
3086,451,3086,3086,2025-05-06
3087,99,3087,3087,2025-04-14
3088,73,3088,3088,2025-11-20
3089,905,3089,3089,2024-10-04
3090,623,3090,3090,2026-03-18
3091,30,3091,3091,2025-09-07
3092,397,3092,3092,2025-08-12
3093,890,3093,3093,2025-07-26
3094,514,3094,3094,2025-04-20
3095,428,3095,3095,2026-06-14
3096,718,3096,3096,2025-04-04
3097,371,3097,3097,2025-05-23
3098,672,3098,3098,2025-12-19
3099,702,3099,3099,2026-03-22
3100,427,3100,3100,2025-03-04
3101,465,3101,3101,2025-03-09
3102,445,3102,3102,2025-11-10
3103,222,3103,3103,2026-02-13
3104,690,3104,3104,2026-05-18
3105,974,3105,3105,2026-05-20
3106,246,3106,3106,2025-06-10
3107,206,3107,3107,2025-11-15
3108,989,3108,3108,2026-03-22
3109,59,3109,3109,2026-07-31
3110,267,3110,3110,2025-05-19
3111,724,3111,3111,2026-04-29
3112,383,3112,3112,2025-03-07
3113,578,3113,3113,2025-07-06
3114,601,3114,3114,2026-03-23
3115,448,3115,3115,2026-01-06
3116,396,3116,3116,2024-11-18
3117,214,3117,3117,2026-04-30
3118,293,3118,3118,2024-12-12
3119,960,3119,3119,2026-01-03
3120,779,3120,3120,2026-08-01
3121,963,3121,3121,2026-08-01
3122,865,3122,3122,2025-08-12
3123,465,3123,3123,2025-07-23
3124,735,3124,3124,2026-07-03
3125,126,3125,3125,2026-06-26
3126,812,3126,3126,2024-09-27
3127,325,3127,3127,2025-10-12
3128,423,3128,3128,2025-12-04
3129,926,3129,3129,2025-04-22
3130,842,3130,3130,2026-07-05
3131,378,3131,3131,2026-02-26
3132,161,3132,3132,2025-07-31
3133,911,3133,3133,2025-03-29
3134,697,3134,3134,2025-03-30
3135,659,3135,3135,2025-08-09
3136,841,3136,3136,2026-06-16
3137,136,3137,3137,2025-07-06
3138,193,3138,3138,2025-03-19
3139,933,3139,3139,2025-07-09
3140,450,3140,3140,2026-02-24
3141,665,3141,3141,2026-03-28
3142,496,3142,3142,2026-02-25
3143,328,3143,3143,2025-06-18
3144,619,3144,3144,2025-10-29
3145,408,3145,3145,2025-07-21
3146,204,3146,3146,2025-11-10
3147,727,3147,3147,2025-03-30
3148,28,3148,3148,2025-02-11
3149,131,3149,3149,2024-10-22
3150,152,3150,3150,2026-03-13
3151,631,3151,3151,2025-11-24
3152,373,3152,3152,2025-06-14
3153,233,3153,3153,2025-12-24
3154,996,3154,3154,2026-07-08
3155,565,3155,3155,2025-09-20
3156,510,3156,3156,2025-10-28
3157,40,3157,3157,2024-12-10
3158,406,3158,3158,2025-04-12
3159,92,3159,3159,2025-09-02
3160,413,3160,3160,2025-02-01
3161,269,3161,3161,2024-09-28
3162,157,3162,3162,2026-01-09
3163,623,3163,3163,2025-10-11
3164,687,3164,3164,2026-03-02
3165,982,3165,3165,2026-06-18
3166,841,3166,3166,2025-12-16
3167,51,3167,3167,2025-09-29
3168,876,3168,3168,2025-10-20
3169,701,3169,3169,2026-04-23
3170,498,3170,3170,2026-04-06
3171,576,3171,3171,2025-05-04
3172,794,3172,3172,2026-06-21
3173,804,3173,3173,2026-07-04
3174,375,3174,3174,2025-03-28
3175,488,3175,3175,2025-07-20
3176,75,3176,3176,2026-01-26
3177,738,3177,3177,2025-05-08
3178,439,3178,3178,2025-08-04
3179,217,3179,3179,2025-09-08
3180,825,3180,3180,2026-06-13
3181,141,3181,3181,2026-03-11
3182,683,3182,3182,2025-05-06
3183,747,3183,3183,2025-06-25
3184,586,3184,3184,2024-09-22
3185,581,3185,3185,2025-11-28
3186,76,3186,3186,2026-04-07
3187,82,3187,3187,2026-07-12
3188,399,3188,3188,2025-07-10
3189,558,3189,3189,2025-04-11
3190,702,3190,3190,2025-07-09
3191,94,3191,3191,2025-05-15
3192,977,3192,3192,2026-01-13
3193,128,3193,3193,2025-02-03
3194,71,3194,3194,2025-07-03
3195,388,3195,3195,2025-06-24
3196,8,3196,3196,2026-04-08
3197,476,3197,3197,2024-09-09
3198,411,3198,3198,2025-09-15
3199,907,3199,3199,2024-10-13
3200,437,3200,3200,2026-07-29
3201,417,3201,3201,2026-03-21
3202,204,3202,3202,2026-05-19
3203,437,3203,3203,2025-11-13
3204,113,3204,3204,2024-11-23
3205,329,3205,3205,2025-12-11
3206,9,3206,3206,2025-05-23
3207,542,3207,3207,2024-10-19
3208,307,3208,3208,2025-11-07
3209,636,3209,3209,2025-01-21
3210,945,3210,3210,2025-10-26
3211,996,3211,3211,2025-05-01
3212,727,3212,3212,2024-09-10
3213,584,3213,3213,2026-07-22
3214,723,3214,3214,2025-11-22
3215,589,3215,3215,2025-05-11
3216,778,3216,3216,2025-04-19
3217,608,3217,3217,2024-12-29
3218,741,3218,3218,2026-02-10
3219,162,3219,3219,2025-11-30
3220,708,3220,3220,2025-04-28
3221,335,3221,3221,2024-11-22
3222,646,3222,3222,2025-02-05
3223,600,3223,3223,2025-06-07
3224,44,3224,3224,2026-05-05
3225,952,3225,3225,2024-08-08
3226,29,3226,3226,2025-03-22
3227,118,3227,3227,2026-03-01
3228,365,3228,3228,2025-07-20
3229,597,3229,3229,2025-10-06
3230,81,3230,3230,2024-11-24
3231,723,3231,3231,2025-09-06
3232,713,3232,3232,2025-11-27
3233,75,3233,3233,2025-06-04
3234,304,3234,3234,2026-03-16
3235,759,3235,3235,2025-02-05
3236,469,3236,3236,2025-03-02
3237,672,3237,3237,2024-11-24
3238,462,3238,3238,2025-03-20
3239,566,3239,3239,2025-02-07
3240,597,3240,3240,2026-02-07
3241,911,3241,3241,2025-08-29
3242,39,3242,3242,2026-01-08
3243,234,3243,3243,2025-09-28
3244,835,3244,3244,2024-11-07
3245,347,3245,3245,2025-06-12
3246,206,3246,3246,2025-03-15
3247,140,3247,3247,2026-06-23
3248,111,3248,3248,2026-05-06
3249,225,3249,3249,2025-04-04
3250,70,3250,3250,2025-04-08
3251,11,3251,3251,2025-07-16
3252,625,3252,3252,2025-11-10
3253,285,3253,3253,2026-05-05
3254,933,3254,3254,2025-09-17
3255,241,3255,3255,2025-08-12
3256,131,3256,3256,2025-06-07
3257,596,3257,3257,2025-04-16
3258,678,3258,3258,2024-10-28
3259,450,3259,3259,2026-07-15
3260,940,3260,3260,2025-11-10
3261,109,3261,3261,2025-07-25
3262,396,3262,3262,2024-11-22
3263,808,3263,3263,2026-07-26
3264,954,3264,3264,2025-05-10
3265,42,3265,3265,2025-04-22
3266,547,3266,3266,2024-10-19
3267,256,3267,3267,2025-04-01
3268,134,3268,3268,2026-06-13
3269,469,3269,3269,2026-02-22
3270,567,3270,3270,2025-05-19
3271,876,3271,3271,2025-06-07
3272,645,3272,3272,2026-04-10
3273,602,3273,3273,2025-02-07
3274,613,3274,3274,2025-09-02
3275,180,3275,3275,2025-10-07
3276,226,3276,3276,2025-02-27
3277,370,3277,3277,2024-10-06
3278,181,3278,3278,2025-05-06
3279,982,3279,3279,2025-05-31
3280,1000,3280,3280,2025-08-02
3281,19,3281,3281,2026-03-28
3282,595,3282,3282,2024-12-22
3283,824,3283,3283,2026-03-01
3284,520,3284,3284,2026-07-04
3285,699,3285,3285,2025-10-01
3286,438,3286,3286,2024-11-11
3287,275,3287,3287,2024-08-26
3288,814,3288,3288,2025-02-20
3289,429,3289,3289,2025-03-07
3290,829,3290,3290,2024-11-27
3291,743,3291,3291,2025-04-19
3292,331,3292,3292,2024-09-03
3293,326,3293,3293,2026-02-19
3294,251,3294,3294,2025-12-31
3295,638,3295,3295,2025-07-06
3296,78,3296,3296,2026-04-06
3297,200,3297,3297,2024-10-20
3298,280,3298,3298,2025-01-28
3299,839,3299,3299,2025-05-09
3300,178,3300,3300,2026-05-07
3301,382,3301,3301,2026-05-16
3302,512,3302,3302,2025-08-26
3303,597,3303,3303,2025-04-18
3304,551,3304,3304,2025-08-30
3305,137,3305,3305,2026-03-10
3306,951,3306,3306,2025-11-11
3307,852,3307,3307,2025-10-13
3308,412,3308,3308,2026-03-29
3309,446,3309,3309,2026-05-13
3310,626,3310,3310,2026-07-16
3311,198,3311,3311,2026-02-26
3312,292,3312,3312,2024-09-24
3313,996,3313,3313,2025-10-27
3314,483,3314,3314,2026-01-17
3315,625,3315,3315,2025-04-26
3316,165,3316,3316,2024-12-19
3317,225,3317,3317,2025-08-26
3318,705,3318,3318,2025-12-24
3319,959,3319,3319,2025-03-23
3320,406,3320,3320,2025-07-29
3321,48,3321,3321,2025-06-21
3322,921,3322,3322,2025-05-25
3323,706,3323,3323,2025-11-07
3324,462,3324,3324,2024-08-21
3325,469,3325,3325,2025-04-27
3326,570,3326,3326,2025-03-18
3327,835,3327,3327,2024-12-13
3328,651,3328,3328,2024-12-25
3329,466,3329,3329,2026-02-22
3330,112,3330,3330,2025-07-26
3331,518,3331,3331,2025-12-26
3332,690,3332,3332,2025-06-29
3333,473,3333,3333,2026-06-11
3334,961,3334,3334,2026-01-11
3335,98,3335,3335,2026-06-26
3336,651,3336,3336,2025-04-02
3337,789,3337,3337,2026-05-20
3338,456,3338,3338,2025-12-04
3339,114,3339,3339,2026-06-27
3340,710,3340,3340,2026-05-31
3341,692,3341,3341,2025-07-27
3342,713,3342,3342,2024-08-28
3343,891,3343,3343,2025-04-16
3344,459,3344,3344,2026-06-08
3345,229,3345,3345,2025-03-19
3346,456,3346,3346,2025-07-27
3347,643,3347,3347,2026-05-31
3348,312,3348,3348,2026-01-10
3349,576,3349,3349,2026-06-19
3350,697,3350,3350,2026-05-30
3351,283,3351,3351,2026-04-29
3352,310,3352,3352,2025-02-14
3353,860,3353,3353,2026-04-22
3354,751,3354,3354,2025-07-11
3355,796,3355,3355,2026-01-01
3356,324,3356,3356,2026-05-19
3357,335,3357,3357,2025-10-10
3358,143,3358,3358,2025-09-12
3359,567,3359,3359,2026-01-15
3360,548,3360,3360,2025-11-21
3361,570,3361,3361,2025-01-14
3362,495,3362,3362,2025-01-26
3363,854,3363,3363,2026-04-20
3364,243,3364,3364,2026-07-31
3365,49,3365,3365,2026-06-14
3366,400,3366,3366,2024-10-29
3367,934,3367,3367,2025-02-17
3368,268,3368,3368,2025-04-09
3369,460,3369,3369,2025-08-06
3370,122,3370,3370,2025-08-28
3371,823,3371,3371,2024-11-08
3372,382,3372,3372,2025-10-14
3373,311,3373,3373,2026-03-15
3374,281,3374,3374,2025-08-02
3375,309,3375,3375,2025-10-08
3376,332,3376,3376,2026-03-03
3377,323,3377,3377,2026-02-06
3378,624,3378,3378,2026-01-15
3379,664,3379,3379,2026-07-23
3380,315,3380,3380,2025-11-11
3381,805,3381,3381,2024-08-17
3382,175,3382,3382,2025-05-04
3383,501,3383,3383,2025-08-05
3384,357,3384,3384,2026-07-22
3385,759,3385,3385,2025-01-31
3386,953,3386,3386,2025-02-19
3387,994,3387,3387,2025-02-05
3388,278,3388,3388,2024-08-20
3389,329,3389,3389,2026-01-30
3390,599,3390,3390,2025-01-15
3391,880,3391,3391,2024-12-11
3392,336,3392,3392,2024-11-14
3393,57,3393,3393,2025-02-18
3394,614,3394,3394,2024-08-22
3395,276,3395,3395,2025-03-19
3396,791,3396,3396,2025-02-22
3397,854,3397,3397,2026-01-29
3398,826,3398,3398,2026-07-10
3399,868,3399,3399,2024-10-01
3400,501,3400,3400,2025-03-21
3401,128,3401,3401,2024-11-06
3402,807,3402,3402,2025-06-15
3403,959,3403,3403,2024-11-04
3404,911,3404,3404,2025-05-02
3405,179,3405,3405,2025-08-12
3406,293,3406,3406,2025-06-04
3407,65,3407,3407,2026-05-26
3408,314,3408,3408,2025-10-12
3409,232,3409,3409,2026-04-29
3410,579,3410,3410,2025-05-19
3411,300,3411,3411,2025-07-11
3412,491,3412,3412,2025-03-26
3413,955,3413,3413,2025-05-09
3414,406,3414,3414,2026-07-18
3415,813,3415,3415,2026-03-25
3416,602,3416,3416,2025-04-27
3417,50,3417,3417,2025-02-12
3418,592,3418,3418,2026-02-08
3419,98,3419,3419,2025-02-06
3420,175,3420,3420,2025-01-03
3421,770,3421,3421,2024-11-26
3422,575,3422,3422,2024-11-17
3423,533,3423,3423,2025-08-13
3424,147,3424,3424,2024-10-09
3425,141,3425,3425,2025-10-01
3426,474,3426,3426,2025-03-11
3427,831,3427,3427,2026-01-19
3428,779,3428,3428,2025-12-31
3429,187,3429,3429,2025-03-08
3430,771,3430,3430,2025-07-10
3431,252,3431,3431,2026-04-06
3432,591,3432,3432,2024-10-26
3433,480,3433,3433,2025-06-16
3434,574,3434,3434,2025-12-24
3435,809,3435,3435,2026-05-02
3436,769,3436,3436,2026-03-05
3437,130,3437,3437,2026-08-05
3438,247,3438,3438,2025-02-02
3439,546,3439,3439,2024-08-13
3440,662,3440,3440,2026-04-30
3441,437,3441,3441,2025-07-24
3442,548,3442,3442,2025-09-22
3443,336,3443,3443,2025-11-17
3444,473,3444,3444,2025-05-08
3445,815,3445,3445,2025-09-26
3446,412,3446,3446,2025-02-13
3447,358,3447,3447,2025-10-25
3448,362,3448,3448,2026-02-16
3449,342,3449,3449,2026-04-15
3450,649,3450,3450,2024-09-30
3451,343,3451,3451,2025-11-06
3452,191,3452,3452,2025-07-02
3453,298,3453,3453,2026-07-12
3454,521,3454,3454,2024-12-18
3455,29,3455,3455,2025-03-14
3456,5,3456,3456,2025-07-19
3457,85,3457,3457,2025-10-04
3458,722,3458,3458,2024-08-19
3459,714,3459,3459,2025-09-07
3460,894,3460,3460,2025-10-02
3461,987,3461,3461,2026-07-28
3462,503,3462,3462,2024-10-09
3463,430,3463,3463,2024-08-15
3464,105,3464,3464,2026-02-02
3465,542,3465,3465,2026-02-25
3466,590,3466,3466,2026-04-12
3467,412,3467,3467,2025-02-20
3468,518,3468,3468,2025-08-30
3469,328,3469,3469,2025-02-28
3470,767,3470,3470,2026-06-22
3471,273,3471,3471,2024-11-21
3472,109,3472,3472,2024-09-05
3473,970,3473,3473,2024-08-11
3474,211,3474,3474,2026-05-17
3475,228,3475,3475,2024-11-26
3476,487,3476,3476,2024-08-05
3477,735,3477,3477,2026-06-16
3478,198,3478,3478,2026-05-12
3479,131,3479,3479,2024-08-22
3480,171,3480,3480,2025-02-10
3481,891,3481,3481,2025-06-15
3482,473,3482,3482,2024-12-30
3483,21,3483,3483,2025-07-12
3484,221,3484,3484,2026-03-07
3485,565,3485,3485,2026-01-15
3486,978,3486,3486,2026-07-11
3487,602,3487,3487,2024-12-23
3488,887,3488,3488,2025-01-06
3489,383,3489,3489,2026-08-02
3490,297,3490,3490,2025-08-04
3491,103,3491,3491,2025-03-26
3492,313,3492,3492,2024-11-06
3493,391,3493,3493,2025-03-09
3494,560,3494,3494,2026-02-06
3495,798,3495,3495,2024-12-07
3496,915,3496,3496,2026-01-25
3497,420,3497,3497,2026-05-21
3498,477,3498,3498,2025-03-18
3499,99,3499,3499,2025-03-23
3500,577,3500,3500,2026-03-25
3501,473,3501,3501,2024-10-13
3502,165,3502,3502,2026-04-22
3503,43,3503,3503,2025-04-09
3504,146,3504,3504,2026-03-24
3505,892,3505,3505,2026-02-09
3506,584,3506,3506,2026-03-05
3507,7,3507,3507,2025-10-18
3508,56,3508,3508,2025-04-02
3509,806,3509,3509,2025-07-22
3510,664,3510,3510,2025-10-03
3511,220,3511,3511,2025-11-22
3512,936,3512,3512,2025-02-21
3513,844,3513,3513,2025-12-19
3514,24,3514,3514,2024-11-15
3515,97,3515,3515,2024-11-09
3516,668,3516,3516,2026-08-03
3517,138,3517,3517,2026-02-10
3518,392,3518,3518,2025-07-19
3519,684,3519,3519,2026-04-16
3520,441,3520,3520,2025-11-26
3521,491,3521,3521,2025-03-17
3522,475,3522,3522,2025-12-17
3523,276,3523,3523,2024-11-06
3524,768,3524,3524,2025-02-15
3525,34,3525,3525,2026-04-04
3526,308,3526,3526,2025-10-23
3527,623,3527,3527,2024-11-08
3528,554,3528,3528,2024-08-14
3529,968,3529,3529,2026-06-23
3530,588,3530,3530,2026-01-27
3531,192,3531,3531,2026-06-23
3532,205,3532,3532,2024-09-23
3533,2,3533,3533,2025-05-14
3534,19,3534,3534,2026-03-26
3535,299,3535,3535,2024-12-26
3536,5,3536,3536,2025-07-08
3537,122,3537,3537,2025-03-15
3538,582,3538,3538,2025-07-09
3539,957,3539,3539,2025-10-16
3540,10,3540,3540,2025-04-08
3541,888,3541,3541,2024-12-18
3542,251,3542,3542,2026-03-26
3543,225,3543,3543,2025-07-18
3544,856,3544,3544,2025-01-06
3545,904,3545,3545,2026-08-04
3546,266,3546,3546,2026-06-20
3547,997,3547,3547,2025-08-14
3548,372,3548,3548,2025-05-03
3549,421,3549,3549,2025-07-18
3550,622,3550,3550,2025-05-04
3551,415,3551,3551,2025-10-18
3552,60,3552,3552,2026-01-07
3553,143,3553,3553,2026-07-17
3554,228,3554,3554,2025-12-08
3555,985,3555,3555,2025-07-28
3556,909,3556,3556,2025-08-05
3557,479,3557,3557,2025-01-16
3558,164,3558,3558,2025-07-23
3559,302,3559,3559,2025-05-10
3560,719,3560,3560,2025-06-06
3561,644,3561,3561,2025-01-24
3562,682,3562,3562,2026-02-10
3563,617,3563,3563,2026-07-30
3564,419,3564,3564,2025-01-13
3565,249,3565,3565,2025-10-19
3566,92,3566,3566,2024-10-10
3567,360,3567,3567,2024-10-28
3568,733,3568,3568,2024-10-10
3569,770,3569,3569,2024-10-29
3570,743,3570,3570,2025-07-31
3571,430,3571,3571,2024-10-28
3572,637,3572,3572,2025-09-05
3573,512,3573,3573,2025-05-06
3574,241,3574,3574,2025-04-22
3575,420,3575,3575,2025-06-21
3576,104,3576,3576,2026-02-15
3577,4,3577,3577,2024-08-23
3578,955,3578,3578,2026-02-16
3579,980,3579,3579,2026-06-29
3580,877,3580,3580,2026-07-24
3581,850,3581,3581,2026-02-03
3582,16,3582,3582,2026-05-18
3583,580,3583,3583,2026-03-06
3584,321,3584,3584,2026-01-16
3585,744,3585,3585,2025-05-12
3586,89,3586,3586,2025-11-23
3587,366,3587,3587,2024-08-29
3588,676,3588,3588,2025-04-06
3589,687,3589,3589,2024-09-29
3590,151,3590,3590,2026-05-04
3591,315,3591,3591,2025-05-15
3592,885,3592,3592,2025-06-09
3593,821,3593,3593,2024-11-02
3594,266,3594,3594,2025-11-23
3595,187,3595,3595,2026-04-09
3596,673,3596,3596,2025-08-26
3597,31,3597,3597,2025-02-03
3598,762,3598,3598,2026-03-18
3599,146,3599,3599,2026-07-17
3600,208,3600,3600,2026-03-28
3601,458,3601,3601,2024-12-03
3602,827,3602,3602,2026-03-17
3603,942,3603,3603,2025-07-01
3604,707,3604,3604,2026-01-30
3605,800,3605,3605,2024-10-01
3606,733,3606,3606,2025-04-01
3607,664,3607,3607,2025-01-07
3608,644,3608,3608,2025-04-16
3609,229,3609,3609,2026-06-17
3610,484,3610,3610,2026-02-26
3611,141,3611,3611,2026-03-17
3612,115,3612,3612,2025-01-13
3613,707,3613,3613,2024-11-29
3614,916,3614,3614,2026-07-10
3615,503,3615,3615,2026-02-10
3616,858,3616,3616,2025-05-26
3617,885,3617,3617,2024-08-19
3618,16,3618,3618,2026-01-29
3619,994,3619,3619,2025-05-29
3620,264,3620,3620,2024-10-04
3621,988,3621,3621,2025-04-18
3622,39,3622,3622,2025-04-13
3623,467,3623,3623,2026-07-19
3624,821,3624,3624,2025-03-30
3625,707,3625,3625,2025-08-03
3626,330,3626,3626,2025-03-20
3627,149,3627,3627,2024-08-10
3628,223,3628,3628,2025-12-05
3629,161,3629,3629,2026-01-18
3630,141,3630,3630,2025-04-16
3631,226,3631,3631,2025-01-11
3632,436,3632,3632,2025-03-03
3633,235,3633,3633,2025-12-26
3634,387,3634,3634,2024-08-29
3635,731,3635,3635,2025-08-03
3636,564,3636,3636,2025-08-21
3637,840,3637,3637,2026-05-19
3638,788,3638,3638,2025-05-27
3639,484,3639,3639,2024-10-04
3640,784,3640,3640,2024-08-18
3641,338,3641,3641,2026-02-26
3642,577,3642,3642,2025-12-01
3643,266,3643,3643,2025-07-04
3644,233,3644,3644,2025-04-06
3645,300,3645,3645,2025-02-21
3646,474,3646,3646,2024-10-26
3647,453,3647,3647,2026-02-23
3648,847,3648,3648,2026-08-01
3649,825,3649,3649,2024-10-27
3650,741,3650,3650,2026-02-16
3651,315,3651,3651,2025-05-05
3652,304,3652,3652,2025-11-04
3653,186,3653,3653,2025-02-27
3654,266,3654,3654,2026-06-15
3655,191,3655,3655,2026-03-06
3656,427,3656,3656,2024-11-21
3657,669,3657,3657,2025-10-23
3658,881,3658,3658,2026-05-08
3659,428,3659,3659,2025-12-11
3660,442,3660,3660,2025-10-27
3661,711,3661,3661,2025-06-01
3662,59,3662,3662,2025-08-11
3663,356,3663,3663,2024-12-04
3664,592,3664,3664,2026-07-22
3665,975,3665,3665,2024-10-22
3666,672,3666,3666,2024-08-20
3667,486,3667,3667,2024-09-26
3668,348,3668,3668,2025-04-04
3669,79,3669,3669,2025-06-19
3670,866,3670,3670,2026-06-20
3671,858,3671,3671,2024-12-16
3672,724,3672,3672,2025-10-09
3673,109,3673,3673,2026-07-25
3674,622,3674,3674,2026-07-19
3675,59,3675,3675,2026-01-23
3676,275,3676,3676,2026-02-01
3677,180,3677,3677,2025-08-30
3678,878,3678,3678,2025-12-31
3679,424,3679,3679,2025-01-11
3680,189,3680,3680,2026-01-27
3681,433,3681,3681,2026-07-19
3682,905,3682,3682,2025-10-19
3683,457,3683,3683,2024-10-23
3684,598,3684,3684,2025-10-12
3685,470,3685,3685,2025-06-11
3686,230,3686,3686,2025-08-08
3687,455,3687,3687,2024-12-11
3688,34,3688,3688,2025-10-27
3689,903,3689,3689,2025-06-14
3690,619,3690,3690,2024-08-12
3691,718,3691,3691,2026-04-05
3692,917,3692,3692,2024-10-07
3693,668,3693,3693,2025-03-28
3694,851,3694,3694,2025-05-01
3695,340,3695,3695,2026-04-16
3696,211,3696,3696,2025-06-17
3697,464,3697,3697,2025-12-21
3698,3,3698,3698,2025-05-05
3699,892,3699,3699,2025-04-10
3700,733,3700,3700,2025-01-03
3701,191,3701,3701,2024-10-29
3702,34,3702,3702,2025-09-09
3703,921,3703,3703,2025-04-12
3704,178,3704,3704,2025-11-01
3705,42,3705,3705,2025-09-24
3706,997,3706,3706,2025-10-20
3707,337,3707,3707,2025-05-26
3708,568,3708,3708,2026-06-01
3709,795,3709,3709,2024-09-19
3710,253,3710,3710,2026-07-05
3711,832,3711,3711,2025-06-27
3712,130,3712,3712,2026-01-27
3713,59,3713,3713,2025-12-18
3714,627,3714,3714,2025-10-30
3715,147,3715,3715,2025-08-12
3716,493,3716,3716,2025-10-06
3717,68,3717,3717,2025-11-28
3718,96,3718,3718,2025-04-09
3719,816,3719,3719,2025-03-10
3720,458,3720,3720,2025-12-15
3721,238,3721,3721,2024-10-17
3722,327,3722,3722,2024-10-06
3723,106,3723,3723,2025-02-20
3724,829,3724,3724,2026-03-09
3725,760,3725,3725,2025-08-07
3726,63,3726,3726,2024-11-11
3727,708,3727,3727,2026-04-20
3728,97,3728,3728,2026-02-28
3729,656,3729,3729,2025-12-08
3730,872,3730,3730,2025-05-02
3731,478,3731,3731,2025-04-24
3732,135,3732,3732,2025-03-03
3733,818,3733,3733,2025-07-17
3734,950,3734,3734,2025-07-16
3735,442,3735,3735,2024-11-25
3736,776,3736,3736,2025-07-02
3737,367,3737,3737,2026-07-15
3738,734,3738,3738,2025-03-24
3739,905,3739,3739,2025-06-13
3740,757,3740,3740,2025-03-16
3741,813,3741,3741,2025-02-18
3742,758,3742,3742,2026-07-30
3743,675,3743,3743,2026-02-06
3744,883,3744,3744,2025-06-11
3745,569,3745,3745,2025-06-27
3746,774,3746,3746,2026-04-22
3747,815,3747,3747,2024-09-30
3748,566,3748,3748,2025-05-04
3749,14,3749,3749,2025-01-12
3750,90,3750,3750,2026-07-03
3751,14,3751,3751,2026-07-31
3752,711,3752,3752,2025-01-29
3753,1,3753,3753,2024-11-25
3754,199,3754,3754,2026-06-09
3755,41,3755,3755,2024-10-22
3756,779,3756,3756,2026-03-28
3757,782,3757,3757,2025-03-05
3758,306,3758,3758,2025-05-22
3759,873,3759,3759,2025-01-06
3760,148,3760,3760,2025-05-22
3761,288,3761,3761,2025-11-03
3762,1000,3762,3762,2025-12-18
3763,726,3763,3763,2025-05-04
3764,334,3764,3764,2025-01-24
3765,434,3765,3765,2025-02-01
3766,229,3766,3766,2025-06-01
3767,13,3767,3767,2026-05-31
3768,307,3768,3768,2025-07-22
3769,283,3769,3769,2024-11-05
3770,476,3770,3770,2024-12-14
3771,916,3771,3771,2025-07-13
3772,300,3772,3772,2024-12-03
3773,829,3773,3773,2025-08-06
3774,524,3774,3774,2026-07-28
3775,867,3775,3775,2025-02-10
3776,715,3776,3776,2024-10-09
3777,225,3777,3777,2025-12-18
3778,788,3778,3778,2025-12-09
3779,439,3779,3779,2026-03-21
3780,584,3780,3780,2025-07-19
3781,549,3781,3781,2024-08-11
3782,573,3782,3782,2025-11-19
3783,203,3783,3783,2026-03-01
3784,13,3784,3784,2024-10-15
3785,896,3785,3785,2025-06-19
3786,94,3786,3786,2026-06-27
3787,605,3787,3787,2024-09-10
3788,547,3788,3788,2024-09-20
3789,501,3789,3789,2025-09-20
3790,518,3790,3790,2025-11-05
3791,53,3791,3791,2025-04-09
3792,668,3792,3792,2024-10-02
3793,479,3793,3793,2026-01-11
3794,947,3794,3794,2024-12-27
3795,382,3795,3795,2025-11-14
3796,464,3796,3796,2025-08-10
3797,530,3797,3797,2026-06-30
3798,862,3798,3798,2025-03-12
3799,373,3799,3799,2025-02-21
3800,234,3800,3800,2025-06-04
3801,522,3801,3801,2025-01-10
3802,661,3802,3802,2024-11-16
3803,718,3803,3803,2025-05-27
3804,188,3804,3804,2025-07-15
3805,84,3805,3805,2026-06-13
3806,520,3806,3806,2025-09-30
3807,338,3807,3807,2025-12-08
3808,211,3808,3808,2024-11-07
3809,833,3809,3809,2026-05-27
3810,760,3810,3810,2025-12-09
3811,142,3811,3811,2025-09-27
3812,664,3812,3812,2025-08-31
3813,741,3813,3813,2025-06-02
3814,192,3814,3814,2024-08-28
3815,954,3815,3815,2025-06-29
3816,858,3816,3816,2025-01-04
3817,123,3817,3817,2026-04-14
3818,209,3818,3818,2026-03-19
3819,937,3819,3819,2026-04-11
3820,269,3820,3820,2025-11-06
3821,212,3821,3821,2025-04-03
3822,790,3822,3822,2025-01-16
3823,290,3823,3823,2026-02-06
3824,390,3824,3824,2025-08-03
3825,552,3825,3825,2025-07-17
3826,622,3826,3826,2024-09-16
3827,935,3827,3827,2025-08-06
3828,151,3828,3828,2026-06-02
3829,515,3829,3829,2024-10-16
3830,228,3830,3830,2026-01-10
3831,667,3831,3831,2026-02-19
3832,2,3832,3832,2025-08-18
3833,56,3833,3833,2024-11-02
3834,457,3834,3834,2025-10-16
3835,656,3835,3835,2024-09-11
3836,542,3836,3836,2024-10-02
3837,892,3837,3837,2024-11-06
3838,872,3838,3838,2025-11-20
3839,594,3839,3839,2025-12-27
3840,283,3840,3840,2025-08-17
3841,960,3841,3841,2026-05-06
3842,820,3842,3842,2025-12-13
3843,571,3843,3843,2026-06-10
3844,640,3844,3844,2026-06-23
3845,200,3845,3845,2025-11-27
3846,823,3846,3846,2025-02-03
3847,535,3847,3847,2025-02-27
3848,754,3848,3848,2025-01-07
3849,898,3849,3849,2024-10-17
3850,93,3850,3850,2026-04-08
3851,10,3851,3851,2025-03-01
3852,843,3852,3852,2025-06-03
3853,136,3853,3853,2024-10-24
3854,865,3854,3854,2026-02-07
3855,716,3855,3855,2026-05-23
3856,377,3856,3856,2025-06-22
3857,719,3857,3857,2025-08-24
3858,896,3858,3858,2025-01-01
3859,379,3859,3859,2025-07-08
3860,984,3860,3860,2025-08-03
3861,413,3861,3861,2024-12-11
3862,76,3862,3862,2024-09-05
3863,909,3863,3863,2025-02-15
3864,620,3864,3864,2025-06-07
3865,578,3865,3865,2025-06-12
3866,408,3866,3866,2025-10-22
3867,914,3867,3867,2025-03-09
3868,329,3868,3868,2026-05-25
3869,508,3869,3869,2025-02-03
3870,445,3870,3870,2025-03-02
3871,538,3871,3871,2026-04-02
3872,336,3872,3872,2025-11-02
3873,130,3873,3873,2026-07-20
3874,297,3874,3874,2025-06-04
3875,861,3875,3875,2025-03-15
3876,35,3876,3876,2024-08-30
3877,122,3877,3877,2026-01-11
3878,923,3878,3878,2024-12-15
3879,628,3879,3879,2026-05-07
3880,164,3880,3880,2025-03-24
3881,993,3881,3881,2025-08-11
3882,852,3882,3882,2025-12-16
3883,624,3883,3883,2025-05-30
3884,938,3884,3884,2025-11-13
3885,547,3885,3885,2025-10-18
3886,374,3886,3886,2024-08-14
3887,103,3887,3887,2025-04-01
3888,776,3888,3888,2026-01-05
3889,962,3889,3889,2025-10-19
3890,168,3890,3890,2025-08-11
3891,677,3891,3891,2026-01-06
3892,54,3892,3892,2025-09-14
3893,174,3893,3893,2024-08-18
3894,430,3894,3894,2024-08-17
3895,712,3895,3895,2025-01-24
3896,496,3896,3896,2026-02-18
3897,306,3897,3897,2025-06-09
3898,460,3898,3898,2025-07-21
3899,442,3899,3899,2026-02-08
3900,231,3900,3900,2025-01-26
3901,330,3901,3901,2025-07-20
3902,35,3902,3902,2026-01-08
3903,245,3903,3903,2025-03-15
3904,361,3904,3904,2026-04-04
3905,834,3905,3905,2024-09-15
3906,353,3906,3906,2026-07-18
3907,917,3907,3907,2025-12-30
3908,375,3908,3908,2025-10-14
3909,663,3909,3909,2024-11-22
3910,12,3910,3910,2025-10-30
3911,915,3911,3911,2025-06-27
3912,255,3912,3912,2026-04-09
3913,824,3913,3913,2026-01-04
3914,788,3914,3914,2026-06-12
3915,558,3915,3915,2025-04-06
3916,456,3916,3916,2025-12-25
3917,330,3917,3917,2026-03-19
3918,290,3918,3918,2025-02-06
3919,243,3919,3919,2025-06-05
3920,955,3920,3920,2026-05-30
3921,871,3921,3921,2025-03-21
3922,44,3922,3922,2025-02-06
3923,173,3923,3923,2024-09-13
3924,228,3924,3924,2026-04-24
3925,400,3925,3925,2025-08-04
3926,283,3926,3926,2025-08-16
3927,820,3927,3927,2025-01-04
3928,609,3928,3928,2024-11-20
3929,701,3929,3929,2026-05-20
3930,616,3930,3930,2026-05-17
3931,373,3931,3931,2026-03-23
3932,545,3932,3932,2025-08-22
3933,66,3933,3933,2024-10-09
3934,250,3934,3934,2025-09-25
3935,397,3935,3935,2024-10-30
3936,335,3936,3936,2026-02-04
3937,1000,3937,3937,2025-04-16
3938,548,3938,3938,2025-04-08
3939,833,3939,3939,2025-08-01
3940,530,3940,3940,2026-01-15
3941,243,3941,3941,2025-02-12
3942,850,3942,3942,2024-10-30
3943,544,3943,3943,2025-04-06
3944,559,3944,3944,2025-06-09
3945,45,3945,3945,2025-02-07
3946,759,3946,3946,2024-12-30
3947,24,3947,3947,2024-12-18
3948,205,3948,3948,2026-07-02
3949,879,3949,3949,2024-10-04
3950,51,3950,3950,2024-11-03
3951,884,3951,3951,2026-03-02
3952,330,3952,3952,2026-03-14
3953,293,3953,3953,2026-04-07
3954,231,3954,3954,2025-07-18
3955,575,3955,3955,2024-09-08
3956,359,3956,3956,2026-05-19
3957,339,3957,3957,2025-04-28
3958,814,3958,3958,2024-08-09
3959,507,3959,3959,2025-02-21
3960,241,3960,3960,2026-05-24
3961,555,3961,3961,2026-06-30
3962,460,3962,3962,2025-05-07
3963,202,3963,3963,2024-10-29
3964,28,3964,3964,2025-12-13
3965,452,3965,3965,2025-01-03
3966,97,3966,3966,2025-10-11
3967,451,3967,3967,2025-02-02
3968,262,3968,3968,2025-04-02
3969,335,3969,3969,2024-09-26
3970,385,3970,3970,2025-04-12
3971,832,3971,3971,2025-04-17
3972,472,3972,3972,2025-04-15
3973,988,3973,3973,2024-11-08
3974,398,3974,3974,2024-12-16
3975,731,3975,3975,2025-02-01
3976,561,3976,3976,2025-05-20
3977,191,3977,3977,2025-12-08
3978,272,3978,3978,2026-07-05
3979,27,3979,3979,2025-04-05
3980,223,3980,3980,2025-05-15
3981,699,3981,3981,2025-11-17
3982,41,3982,3982,2024-11-03
3983,782,3983,3983,2025-12-01
3984,881,3984,3984,2026-01-13
3985,485,3985,3985,2026-02-25
3986,548,3986,3986,2025-11-22
3987,703,3987,3987,2024-12-26
3988,1,3988,3988,2025-10-13
3989,818,3989,3989,2026-04-14
3990,218,3990,3990,2025-11-05
3991,10,3991,3991,2025-04-11
3992,863,3992,3992,2025-12-29
3993,937,3993,3993,2026-06-26
3994,565,3994,3994,2024-10-21
3995,853,3995,3995,2025-04-19
3996,159,3996,3996,2025-06-02
3997,461,3997,3997,2026-04-28
3998,425,3998,3998,2024-11-03
3999,748,3999,3999,2024-12-20
4000,572,4000,4000,2024-09-20
4001,36,4001,4001,2025-02-02
4002,516,4002,4002,2026-04-25
4003,844,4003,4003,2025-12-10
4004,920,4004,4004,2026-02-22
4005,801,4005,4005,2025-07-22
4006,431,4006,4006,2024-10-16
4007,164,4007,4007,2024-12-02
4008,825,4008,4008,2025-12-17
4009,747,4009,4009,2024-08-30
4010,610,4010,4010,2024-09-26
4011,948,4011,4011,2026-01-30
4012,613,4012,4012,2025-07-02
4013,758,4013,4013,2024-10-13
4014,289,4014,4014,2024-12-28
4015,894,4015,4015,2024-11-08
4016,764,4016,4016,2025-06-14
4017,134,4017,4017,2025-12-19
4018,631,4018,4018,2025-08-17
4019,17,4019,4019,2026-02-16
4020,760,4020,4020,2025-11-13
4021,308,4021,4021,2026-07-25
4022,473,4022,4022,2025-11-30
4023,145,4023,4023,2026-01-24
4024,338,4024,4024,2025-05-07
4025,51,4025,4025,2026-07-22
4026,658,4026,4026,2024-10-12
4027,589,4027,4027,2024-10-11
4028,772,4028,4028,2025-12-21
4029,276,4029,4029,2025-11-01
4030,877,4030,4030,2025-05-01
4031,824,4031,4031,2026-03-28
4032,86,4032,4032,2025-09-11
4033,429,4033,4033,2024-08-20
4034,519,4034,4034,2025-07-11
4035,950,4035,4035,2024-08-08
4036,777,4036,4036,2024-10-11
4037,261,4037,4037,2024-10-20
4038,54,4038,4038,2025-03-11
4039,806,4039,4039,2025-08-04
4040,59,4040,4040,2026-06-30
4041,262,4041,4041,2026-01-13
4042,883,4042,4042,2025-04-28
4043,6,4043,4043,2025-12-15
4044,437,4044,4044,2026-01-02
4045,482,4045,4045,2025-10-04
4046,419,4046,4046,2024-09-19
4047,939,4047,4047,2025-04-25
4048,47,4048,4048,2026-02-10
4049,796,4049,4049,2026-06-22
4050,593,4050,4050,2026-01-15
4051,622,4051,4051,2025-07-31
4052,861,4052,4052,2026-03-13
4053,215,4053,4053,2026-06-06
4054,326,4054,4054,2024-12-05
4055,789,4055,4055,2025-07-24
4056,587,4056,4056,2024-08-11
4057,20,4057,4057,2025-08-17
4058,443,4058,4058,2025-03-14
4059,667,4059,4059,2026-02-08
4060,615,4060,4060,2025-09-08
4061,196,4061,4061,2024-10-22
4062,578,4062,4062,2024-10-24
4063,448,4063,4063,2025-12-18
4064,317,4064,4064,2026-06-03
4065,536,4065,4065,2025-12-24
4066,773,4066,4066,2024-12-23
4067,527,4067,4067,2025-09-06
4068,663,4068,4068,2024-12-31
4069,659,4069,4069,2024-10-30
4070,471,4070,4070,2025-03-14
4071,870,4071,4071,2026-01-17
4072,187,4072,4072,2024-10-11
4073,832,4073,4073,2025-08-05
4074,302,4074,4074,2025-03-08
4075,320,4075,4075,2025-04-05
4076,242,4076,4076,2026-07-08
4077,486,4077,4077,2025-02-13
4078,234,4078,4078,2025-11-01
4079,833,4079,4079,2025-08-08
4080,688,4080,4080,2025-09-16
4081,331,4081,4081,2024-10-01
4082,322,4082,4082,2024-12-29
4083,464,4083,4083,2026-05-11
4084,67,4084,4084,2025-06-16
4085,523,4085,4085,2024-12-24
4086,564,4086,4086,2026-01-02
4087,211,4087,4087,2026-02-15
4088,491,4088,4088,2024-11-25
4089,409,4089,4089,2026-04-18
4090,871,4090,4090,2025-03-16
4091,663,4091,4091,2026-02-12
4092,786,4092,4092,2025-01-14
4093,398,4093,4093,2024-10-18
4094,601,4094,4094,2025-09-16
4095,569,4095,4095,2026-07-23
4096,928,4096,4096,2024-10-24
4097,249,4097,4097,2024-11-08
4098,472,4098,4098,2024-09-24
4099,347,4099,4099,2026-05-24
4100,242,4100,4100,2025-05-31
4101,338,4101,4101,2025-07-23
4102,927,4102,4102,2026-02-17
4103,490,4103,4103,2026-03-30
4104,842,4104,4104,2025-07-13
4105,522,4105,4105,2025-11-28
4106,66,4106,4106,2025-09-28
4107,157,4107,4107,2025-05-25
4108,549,4108,4108,2024-09-12
4109,957,4109,4109,2026-06-20
4110,655,4110,4110,2024-10-11
4111,904,4111,4111,2025-01-12
4112,437,4112,4112,2025-11-04
4113,589,4113,4113,2025-08-02
4114,877,4114,4114,2025-08-23
4115,224,4115,4115,2025-08-23
4116,777,4116,4116,2026-02-18
4117,597,4117,4117,2025-04-08
4118,932,4118,4118,2025-06-21
4119,403,4119,4119,2025-02-15
4120,850,4120,4120,2025-07-07
4121,168,4121,4121,2024-09-30
4122,385,4122,4122,2025-07-03
4123,254,4123,4123,2025-08-04
4124,933,4124,4124,2024-09-26
4125,483,4125,4125,2025-08-03
4126,761,4126,4126,2024-12-14
4127,499,4127,4127,2026-04-07
4128,453,4128,4128,2024-10-31
4129,79,4129,4129,2026-07-20
4130,855,4130,4130,2025-05-22
4131,281,4131,4131,2025-06-29
4132,576,4132,4132,2025-10-04
4133,754,4133,4133,2026-04-27
4134,681,4134,4134,2026-03-26
4135,985,4135,4135,2026-03-05
4136,572,4136,4136,2025-06-25
4137,127,4137,4137,2024-10-28
4138,976,4138,4138,2026-06-16
4139,404,4139,4139,2024-09-12
4140,813,4140,4140,2024-09-01
4141,603,4141,4141,2024-11-11
4142,449,4142,4142,2025-11-08
4143,367,4143,4143,2024-11-19
4144,464,4144,4144,2026-05-04
4145,312,4145,4145,2025-05-27
4146,28,4146,4146,2025-05-26
4147,879,4147,4147,2025-09-28
4148,405,4148,4148,2025-05-02
4149,829,4149,4149,2026-01-30
4150,502,4150,4150,2025-09-26
4151,599,4151,4151,2026-08-05
4152,777,4152,4152,2025-02-17
4153,872,4153,4153,2024-11-03
4154,222,4154,4154,2026-03-30
4155,821,4155,4155,2025-01-20
4156,960,4156,4156,2025-07-02
4157,145,4157,4157,2025-02-27
4158,481,4158,4158,2025-04-10
4159,283,4159,4159,2025-03-21
4160,595,4160,4160,2026-05-26
4161,267,4161,4161,2025-09-17
4162,66,4162,4162,2026-05-01
4163,330,4163,4163,2026-02-15
4164,446,4164,4164,2025-09-06
4165,542,4165,4165,2025-12-13
4166,741,4166,4166,2025-01-15
4167,212,4167,4167,2026-05-25
4168,257,4168,4168,2026-06-22
4169,647,4169,4169,2024-08-07
4170,468,4170,4170,2026-08-05
4171,309,4171,4171,2025-01-18
4172,658,4172,4172,2024-12-07
4173,593,4173,4173,2024-09-15
4174,184,4174,4174,2026-07-01
4175,190,4175,4175,2026-05-10
4176,896,4176,4176,2024-09-26
4177,142,4177,4177,2025-12-19
4178,808,4178,4178,2025-04-20
4179,38,4179,4179,2025-09-24
4180,757,4180,4180,2025-10-16
4181,881,4181,4181,2025-06-04
4182,758,4182,4182,2025-07-13
4183,140,4183,4183,2026-02-08
4184,890,4184,4184,2026-06-04
4185,382,4185,4185,2024-09-05
4186,757,4186,4186,2025-01-25
4187,213,4187,4187,2025-09-15
4188,590,4188,4188,2026-03-09
4189,186,4189,4189,2025-04-04
4190,250,4190,4190,2026-01-11
4191,291,4191,4191,2025-07-05
4192,513,4192,4192,2025-03-18
4193,813,4193,4193,2025-11-14
4194,198,4194,4194,2026-03-28
4195,448,4195,4195,2025-08-17
4196,587,4196,4196,2025-01-04
4197,238,4197,4197,2024-10-23
4198,182,4198,4198,2026-03-03
4199,868,4199,4199,2025-08-14
4200,379,4200,4200,2025-03-07
4201,308,4201,4201,2026-01-18
4202,256,4202,4202,2026-01-19
4203,900,4203,4203,2024-10-17
4204,326,4204,4204,2026-04-02
4205,781,4205,4205,2025-04-15
4206,297,4206,4206,2026-04-25
4207,106,4207,4207,2026-03-28
4208,469,4208,4208,2025-04-28
4209,218,4209,4209,2025-05-21
4210,440,4210,4210,2025-11-16
4211,104,4211,4211,2026-02-06
4212,482,4212,4212,2024-08-19
4213,363,4213,4213,2026-05-08
4214,919,4214,4214,2026-04-11
4215,251,4215,4215,2025-09-08
4216,389,4216,4216,2024-10-20
4217,281,4217,4217,2025-05-29
4218,926,4218,4218,2026-07-24
4219,282,4219,4219,2026-05-31
4220,293,4220,4220,2024-12-01
4221,189,4221,4221,2026-04-25
4222,863,4222,4222,2026-03-22
4223,196,4223,4223,2025-09-21
4224,954,4224,4224,2026-06-13
4225,405,4225,4225,2024-08-15
4226,658,4226,4226,2025-07-25
4227,636,4227,4227,2025-08-15
4228,911,4228,4228,2025-02-19
4229,615,4229,4229,2026-06-23
4230,174,4230,4230,2024-08-22
4231,795,4231,4231,2025-01-16
4232,773,4232,4232,2025-09-17
4233,996,4233,4233,2025-06-16
4234,494,4234,4234,2025-11-06
4235,846,4235,4235,2025-12-17
4236,64,4236,4236,2025-10-15
4237,76,4237,4237,2024-08-11
4238,11,4238,4238,2025-06-27
4239,869,4239,4239,2025-05-03
4240,576,4240,4240,2025-04-02
4241,34,4241,4241,2025-05-26
4242,148,4242,4242,2026-05-31
4243,957,4243,4243,2024-12-15
4244,215,4244,4244,2026-01-27
4245,713,4245,4245,2024-09-30
4246,962,4246,4246,2025-03-29
4247,82,4247,4247,2026-08-02
4248,508,4248,4248,2025-10-14
4249,699,4249,4249,2025-07-09
4250,686,4250,4250,2025-09-19
4251,123,4251,4251,2025-01-06
4252,140,4252,4252,2026-07-15
4253,870,4253,4253,2024-12-18
4254,881,4254,4254,2024-12-31
4255,808,4255,4255,2025-11-28
4256,994,4256,4256,2025-09-16
4257,256,4257,4257,2025-10-26
4258,78,4258,4258,2025-09-02
4259,53,4259,4259,2024-11-17
4260,69,4260,4260,2025-06-22
4261,172,4261,4261,2026-01-26
4262,3,4262,4262,2025-03-23
4263,829,4263,4263,2024-10-29
4264,400,4264,4264,2024-10-25
4265,379,4265,4265,2024-12-10
4266,357,4266,4266,2024-12-04
4267,517,4267,4267,2024-08-08
4268,742,4268,4268,2025-06-05
4269,137,4269,4269,2025-09-19
4270,392,4270,4270,2024-11-13
4271,302,4271,4271,2025-11-03
4272,388,4272,4272,2025-10-06
4273,807,4273,4273,2026-07-27
4274,992,4274,4274,2025-07-16
4275,778,4275,4275,2024-12-26
4276,484,4276,4276,2025-07-19
4277,114,4277,4277,2024-12-01
4278,147,4278,4278,2025-12-17
4279,159,4279,4279,2025-06-14
4280,888,4280,4280,2026-07-26
4281,606,4281,4281,2025-11-10
4282,95,4282,4282,2025-06-09
4283,822,4283,4283,2024-11-11
4284,119,4284,4284,2024-09-12
4285,327,4285,4285,2026-03-06
4286,8,4286,4286,2024-11-10
4287,570,4287,4287,2025-12-18
4288,131,4288,4288,2024-12-05
4289,105,4289,4289,2025-02-09
4290,80,4290,4290,2026-02-03
4291,269,4291,4291,2025-04-21
4292,751,4292,4292,2025-09-20
4293,657,4293,4293,2024-11-16
4294,228,4294,4294,2025-06-01
4295,572,4295,4295,2024-10-14
4296,844,4296,4296,2025-10-14
4297,738,4297,4297,2025-06-15
4298,340,4298,4298,2026-01-15
4299,382,4299,4299,2026-08-01
4300,778,4300,4300,2025-04-15
4301,988,4301,4301,2024-10-14
4302,916,4302,4302,2026-02-09
4303,69,4303,4303,2025-05-22
4304,247,4304,4304,2024-12-13
4305,916,4305,4305,2024-08-30
4306,455,4306,4306,2025-06-07
4307,574,4307,4307,2025-10-22
4308,226,4308,4308,2025-06-23
4309,741,4309,4309,2024-11-16
4310,276,4310,4310,2026-05-25
4311,822,4311,4311,2025-02-06
4312,762,4312,4312,2026-01-05
4313,525,4313,4313,2026-05-27
4314,727,4314,4314,2026-07-05
4315,253,4315,4315,2025-07-04
4316,347,4316,4316,2026-01-04
4317,179,4317,4317,2026-06-13
4318,285,4318,4318,2026-03-01
4319,782,4319,4319,2026-07-24
4320,615,4320,4320,2025-12-21
4321,85,4321,4321,2024-10-12
4322,48,4322,4322,2025-01-04
4323,189,4323,4323,2024-10-31
4324,102,4324,4324,2025-01-08
4325,135,4325,4325,2026-01-28
4326,555,4326,4326,2025-10-18
4327,181,4327,4327,2025-05-26
4328,855,4328,4328,2025-06-10
4329,364,4329,4329,2026-05-22
4330,161,4330,4330,2026-07-23
4331,190,4331,4331,2026-07-25
4332,600,4332,4332,2025-11-11
4333,383,4333,4333,2025-04-23
4334,619,4334,4334,2025-09-04
4335,726,4335,4335,2024-10-28
4336,150,4336,4336,2025-11-01
4337,505,4337,4337,2026-08-03
4338,317,4338,4338,2026-02-20
4339,293,4339,4339,2025-11-11
4340,986,4340,4340,2025-07-04
4341,340,4341,4341,2024-12-26
4342,251,4342,4342,2025-03-23
4343,362,4343,4343,2025-07-27
4344,463,4344,4344,2025-12-19
4345,60,4345,4345,2024-11-28
4346,129,4346,4346,2026-05-05
4347,718,4347,4347,2025-10-30
4348,76,4348,4348,2026-04-25
4349,71,4349,4349,2025-02-09
4350,396,4350,4350,2025-07-29
4351,139,4351,4351,2024-12-14
4352,365,4352,4352,2026-01-23
4353,839,4353,4353,2026-04-27
4354,934,4354,4354,2025-06-14
4355,156,4355,4355,2025-09-09
4356,30,4356,4356,2025-12-08
4357,771,4357,4357,2024-12-14
4358,715,4358,4358,2025-07-11
4359,353,4359,4359,2026-01-26
4360,214,4360,4360,2026-02-22
4361,675,4361,4361,2025-07-05
4362,584,4362,4362,2025-07-11
4363,97,4363,4363,2026-01-10
4364,362,4364,4364,2026-03-09
4365,442,4365,4365,2024-12-04
4366,148,4366,4366,2025-07-02
4367,226,4367,4367,2025-07-08
4368,953,4368,4368,2024-12-23
4369,542,4369,4369,2025-01-04
4370,169,4370,4370,2024-08-23
4371,124,4371,4371,2026-07-20
4372,6,4372,4372,2024-10-23
4373,393,4373,4373,2025-08-18
4374,689,4374,4374,2026-02-24
4375,729,4375,4375,2024-11-22
4376,23,4376,4376,2025-03-25
4377,899,4377,4377,2025-03-28
4378,113,4378,4378,2025-08-04
4379,151,4379,4379,2024-12-10
4380,878,4380,4380,2025-07-22
4381,581,4381,4381,2026-02-02
4382,533,4382,4382,2025-06-20
4383,236,4383,4383,2024-10-22
4384,464,4384,4384,2024-08-07
4385,661,4385,4385,2025-12-11
4386,735,4386,4386,2025-04-21
4387,405,4387,4387,2026-03-05
4388,884,4388,4388,2025-05-17
4389,69,4389,4389,2024-12-26
4390,693,4390,4390,2025-07-20
4391,837,4391,4391,2024-09-05
4392,218,4392,4392,2025-10-07
4393,522,4393,4393,2026-01-22
4394,758,4394,4394,2026-07-05
4395,344,4395,4395,2024-11-12
4396,137,4396,4396,2024-11-06
4397,582,4397,4397,2025-04-08
4398,637,4398,4398,2026-01-19
4399,845,4399,4399,2025-10-04
4400,401,4400,4400,2026-05-15
4401,899,4401,4401,2025-03-24
4402,654,4402,4402,2025-01-18
4403,248,4403,4403,2025-08-11
4404,349,4404,4404,2025-01-16
4405,650,4405,4405,2025-11-18
4406,470,4406,4406,2025-11-13
4407,640,4407,4407,2025-07-06
4408,289,4408,4408,2025-10-07
4409,269,4409,4409,2025-03-10
4410,810,4410,4410,2025-08-02
4411,106,4411,4411,2026-07-30
4412,951,4412,4412,2025-06-01
4413,583,4413,4413,2024-09-07
4414,594,4414,4414,2025-05-13
4415,68,4415,4415,2026-03-03
4416,993,4416,4416,2025-06-15
4417,366,4417,4417,2026-03-29
4418,451,4418,4418,2026-01-21
4419,975,4419,4419,2025-03-10
4420,398,4420,4420,2024-12-18
4421,718,4421,4421,2026-01-08
4422,339,4422,4422,2024-08-13
4423,497,4423,4423,2025-11-14
4424,156,4424,4424,2025-08-12
4425,474,4425,4425,2024-09-02
4426,574,4426,4426,2024-09-09
4427,380,4427,4427,2026-02-10
4428,531,4428,4428,2026-02-15
4429,5,4429,4429,2025-09-08
4430,939,4430,4430,2025-08-27
4431,468,4431,4431,2025-07-21
4432,487,4432,4432,2026-05-13
4433,514,4433,4433,2024-09-28
4434,751,4434,4434,2026-06-08
4435,799,4435,4435,2025-08-15
4436,150,4436,4436,2025-10-02
4437,199,4437,4437,2026-04-25
4438,988,4438,4438,2025-05-13
4439,97,4439,4439,2025-02-08
4440,386,4440,4440,2026-07-17
4441,409,4441,4441,2025-04-23
4442,622,4442,4442,2024-12-06
4443,798,4443,4443,2026-07-13
4444,166,4444,4444,2024-11-20
4445,800,4445,4445,2025-07-04
4446,858,4446,4446,2024-12-26
4447,639,4447,4447,2025-03-26
4448,292,4448,4448,2025-07-10
4449,117,4449,4449,2025-04-13
4450,39,4450,4450,2025-09-10
4451,849,4451,4451,2026-06-18
4452,34,4452,4452,2026-07-20
4453,268,4453,4453,2025-09-09
4454,327,4454,4454,2025-08-28
4455,916,4455,4455,2026-06-03
4456,585,4456,4456,2024-09-28
4457,249,4457,4457,2025-06-25
4458,852,4458,4458,2025-03-18
4459,966,4459,4459,2026-03-25
4460,150,4460,4460,2025-04-26
4461,342,4461,4461,2026-07-07
4462,132,4462,4462,2025-09-12
4463,902,4463,4463,2025-05-30
4464,312,4464,4464,2025-01-19
4465,25,4465,4465,2025-07-04
4466,147,4466,4466,2025-08-05
4467,59,4467,4467,2025-02-01
4468,672,4468,4468,2024-09-20
4469,929,4469,4469,2025-05-29
4470,841,4470,4470,2025-07-22
4471,455,4471,4471,2026-07-11
4472,844,4472,4472,2024-09-21
4473,716,4473,4473,2025-12-10
4474,700,4474,4474,2025-05-19
4475,724,4475,4475,2024-09-15
4476,249,4476,4476,2025-10-03
4477,808,4477,4477,2025-04-30
4478,69,4478,4478,2024-12-19
4479,263,4479,4479,2026-04-22
4480,849,4480,4480,2025-09-16
4481,799,4481,4481,2024-08-24
4482,620,4482,4482,2024-08-23
4483,572,4483,4483,2026-01-23
4484,433,4484,4484,2026-05-08
4485,885,4485,4485,2026-07-30
4486,498,4486,4486,2025-03-25
4487,491,4487,4487,2025-02-07
4488,443,4488,4488,2025-03-21
4489,747,4489,4489,2025-08-14
4490,607,4490,4490,2024-12-07
4491,455,4491,4491,2024-10-08
4492,660,4492,4492,2026-04-01
4493,192,4493,4493,2025-03-30
4494,595,4494,4494,2025-07-28
4495,332,4495,4495,2024-10-22
4496,156,4496,4496,2025-02-01
4497,26,4497,4497,2025-10-14
4498,31,4498,4498,2026-05-25
4499,914,4499,4499,2026-02-11
4500,72,4500,4500,2026-06-26
4501,821,4501,4501,2024-12-31
4502,117,4502,4502,2024-09-27
4503,894,4503,4503,2025-10-14
4504,277,4504,4504,2024-10-18
4505,655,4505,4505,2026-02-16
4506,145,4506,4506,2026-05-09
4507,749,4507,4507,2024-09-22
4508,520,4508,4508,2025-05-31
4509,586,4509,4509,2024-10-12
4510,166,4510,4510,2026-05-12
4511,122,4511,4511,2026-03-18
4512,14,4512,4512,2025-05-31
4513,268,4513,4513,2026-02-02
4514,719,4514,4514,2025-11-16
4515,968,4515,4515,2024-08-05
4516,707,4516,4516,2026-01-07
4517,985,4517,4517,2026-02-09
4518,51,4518,4518,2026-08-02
4519,662,4519,4519,2024-08-13
4520,339,4520,4520,2025-09-30
4521,999,4521,4521,2026-08-02
4522,766,4522,4522,2024-12-19
4523,760,4523,4523,2026-02-28
4524,427,4524,4524,2025-09-06
4525,307,4525,4525,2026-04-22
4526,882,4526,4526,2025-01-14
4527,947,4527,4527,2026-02-03
4528,792,4528,4528,2025-11-22
4529,250,4529,4529,2025-02-24
4530,25,4530,4530,2026-05-24
4531,33,4531,4531,2025-02-06
4532,170,4532,4532,2025-10-27
4533,177,4533,4533,2025-01-01
4534,233,4534,4534,2024-12-28
4535,808,4535,4535,2025-01-05
4536,432,4536,4536,2026-05-27
4537,40,4537,4537,2025-03-06
4538,674,4538,4538,2025-09-02
4539,352,4539,4539,2026-02-24
4540,272,4540,4540,2025-04-20
4541,81,4541,4541,2025-10-09
4542,362,4542,4542,2026-03-01
4543,367,4543,4543,2025-08-15
4544,445,4544,4544,2025-07-28
4545,53,4545,4545,2025-04-21
4546,198,4546,4546,2025-09-13
4547,978,4547,4547,2025-02-02
4548,619,4548,4548,2025-11-26
4549,81,4549,4549,2024-12-06
4550,774,4550,4550,2024-10-25
4551,486,4551,4551,2026-05-22
4552,205,4552,4552,2026-03-01
4553,864,4553,4553,2025-01-17
4554,987,4554,4554,2026-07-05
4555,178,4555,4555,2024-08-13
4556,1000,4556,4556,2025-03-11
4557,637,4557,4557,2024-10-04
4558,853,4558,4558,2025-07-26
4559,613,4559,4559,2026-04-17
4560,319,4560,4560,2025-09-16
4561,129,4561,4561,2025-08-21
4562,976,4562,4562,2024-09-28
4563,515,4563,4563,2025-05-06
4564,149,4564,4564,2024-08-08
4565,376,4565,4565,2025-01-13
4566,253,4566,4566,2024-08-26
4567,380,4567,4567,2025-04-11
4568,625,4568,4568,2026-03-29
4569,25,4569,4569,2025-05-18
4570,872,4570,4570,2026-04-19
4571,382,4571,4571,2025-09-28
4572,600,4572,4572,2024-12-01
4573,17,4573,4573,2025-04-17
4574,130,4574,4574,2025-11-23
4575,878,4575,4575,2026-03-14
4576,702,4576,4576,2026-04-01
4577,235,4577,4577,2024-10-19
4578,564,4578,4578,2025-04-07
4579,224,4579,4579,2025-04-20
4580,28,4580,4580,2025-04-21
4581,453,4581,4581,2026-02-15
4582,202,4582,4582,2025-05-07
4583,11,4583,4583,2026-05-06
4584,827,4584,4584,2025-03-05
4585,763,4585,4585,2024-10-29
4586,324,4586,4586,2025-02-13
4587,244,4587,4587,2025-08-15
4588,418,4588,4588,2025-07-30
4589,729,4589,4589,2025-01-07
4590,46,4590,4590,2025-10-12
4591,74,4591,4591,2025-04-20
4592,288,4592,4592,2024-10-30
4593,153,4593,4593,2026-04-03
4594,816,4594,4594,2026-07-13
4595,749,4595,4595,2024-12-18
4596,426,4596,4596,2026-04-24
4597,756,4597,4597,2024-10-16
4598,523,4598,4598,2025-10-25
4599,189,4599,4599,2026-03-17
4600,83,4600,4600,2024-09-15
4601,468,4601,4601,2024-09-02
4602,374,4602,4602,2026-05-12
4603,222,4603,4603,2025-08-18
4604,113,4604,4604,2025-01-28
4605,266,4605,4605,2026-04-17
4606,405,4606,4606,2026-03-11
4607,191,4607,4607,2025-07-08
4608,450,4608,4608,2025-10-14
4609,436,4609,4609,2025-04-11
4610,138,4610,4610,2025-09-09
4611,382,4611,4611,2025-05-08
4612,201,4612,4612,2025-07-28
4613,48,4613,4613,2026-03-21
4614,390,4614,4614,2026-03-30
4615,181,4615,4615,2026-06-25
4616,304,4616,4616,2025-12-19
4617,100,4617,4617,2026-03-28
4618,303,4618,4618,2024-12-21
4619,755,4619,4619,2025-06-01
4620,28,4620,4620,2026-02-21
4621,579,4621,4621,2026-02-06
4622,387,4622,4622,2025-12-01
4623,285,4623,4623,2026-02-08
4624,747,4624,4624,2025-05-04
4625,975,4625,4625,2026-02-12
4626,958,4626,4626,2026-04-18
4627,66,4627,4627,2026-06-03
4628,960,4628,4628,2025-04-13
4629,463,4629,4629,2026-04-14
4630,128,4630,4630,2024-12-01
4631,117,4631,4631,2025-09-06
4632,848,4632,4632,2025-01-25
4633,591,4633,4633,2026-05-08
4634,166,4634,4634,2026-03-21
4635,286,4635,4635,2025-07-19
4636,530,4636,4636,2025-01-25
4637,79,4637,4637,2025-03-22
4638,250,4638,4638,2024-08-09
4639,611,4639,4639,2026-01-31
4640,183,4640,4640,2024-12-17
4641,421,4641,4641,2026-03-08
4642,860,4642,4642,2025-05-19
4643,971,4643,4643,2026-06-06
4644,844,4644,4644,2026-01-14
4645,357,4645,4645,2025-05-03
4646,822,4646,4646,2025-01-28
4647,482,4647,4647,2025-07-25
4648,38,4648,4648,2025-04-30
4649,689,4649,4649,2025-01-10
4650,529,4650,4650,2026-06-19
4651,432,4651,4651,2026-03-27
4652,872,4652,4652,2024-12-06
4653,796,4653,4653,2025-03-15
4654,854,4654,4654,2025-05-16
4655,757,4655,4655,2025-11-10
4656,839,4656,4656,2025-04-26
4657,713,4657,4657,2026-01-07
4658,265,4658,4658,2024-10-15
4659,97,4659,4659,2025-10-01
4660,249,4660,4660,2024-08-16
4661,981,4661,4661,2025-02-11
4662,904,4662,4662,2026-01-09
4663,285,4663,4663,2025-06-30
4664,496,4664,4664,2025-04-18
4665,521,4665,4665,2024-08-26
4666,482,4666,4666,2026-01-10
4667,710,4667,4667,2025-05-01
4668,301,4668,4668,2024-11-02
4669,176,4669,4669,2025-01-26
4670,829,4670,4670,2025-09-30
4671,241,4671,4671,2024-11-03
4672,913,4672,4672,2026-06-30
4673,173,4673,4673,2025-02-23
4674,685,4674,4674,2026-01-11
4675,857,4675,4675,2025-04-02
4676,360,4676,4676,2025-01-20
4677,427,4677,4677,2025-10-19
4678,507,4678,4678,2025-05-12
4679,40,4679,4679,2025-12-12
4680,333,4680,4680,2025-11-21
4681,184,4681,4681,2025-08-09
4682,205,4682,4682,2025-05-22
4683,768,4683,4683,2024-08-29
4684,980,4684,4684,2026-01-06
4685,391,4685,4685,2026-08-03
4686,172,4686,4686,2025-12-28
4687,393,4687,4687,2025-07-16
4688,67,4688,4688,2026-05-10
4689,814,4689,4689,2025-05-23
4690,3,4690,4690,2025-01-11
4691,420,4691,4691,2026-04-15
4692,264,4692,4692,2025-08-16
4693,540,4693,4693,2026-02-22
4694,446,4694,4694,2024-12-15
4695,745,4695,4695,2024-10-08
4696,338,4696,4696,2026-06-06
4697,349,4697,4697,2026-03-23
4698,874,4698,4698,2025-04-18
4699,864,4699,4699,2026-06-15
4700,335,4700,4700,2026-04-24
4701,337,4701,4701,2025-12-28
4702,563,4702,4702,2025-08-19
4703,607,4703,4703,2026-06-19
4704,521,4704,4704,2026-02-22
4705,748,4705,4705,2025-09-10
4706,461,4706,4706,2025-08-01
4707,419,4707,4707,2025-09-14
4708,53,4708,4708,2024-11-02
4709,27,4709,4709,2026-05-05
4710,345,4710,4710,2025-06-19
4711,746,4711,4711,2025-02-12
4712,746,4712,4712,2026-02-21
4713,504,4713,4713,2024-10-18
4714,711,4714,4714,2024-11-14
4715,905,4715,4715,2024-12-17
4716,419,4716,4716,2025-05-23
4717,319,4717,4717,2024-11-02
4718,575,4718,4718,2026-01-27
4719,821,4719,4719,2026-03-03
4720,134,4720,4720,2026-01-06
4721,723,4721,4721,2024-09-20
4722,851,4722,4722,2026-03-13
4723,775,4723,4723,2025-04-28
4724,767,4724,4724,2024-10-17
4725,331,4725,4725,2026-02-13
4726,861,4726,4726,2025-09-07
4727,563,4727,4727,2026-01-12
4728,626,4728,4728,2024-08-13
4729,378,4729,4729,2025-03-17
4730,386,4730,4730,2025-08-09
4731,425,4731,4731,2026-07-04
4732,260,4732,4732,2025-01-25
4733,521,4733,4733,2026-06-26
4734,551,4734,4734,2025-02-19
4735,451,4735,4735,2024-12-01
4736,904,4736,4736,2025-06-01
4737,888,4737,4737,2025-03-26
4738,692,4738,4738,2025-08-02
4739,456,4739,4739,2024-09-29
4740,924,4740,4740,2024-08-20
4741,803,4741,4741,2025-04-13
4742,246,4742,4742,2025-06-24
4743,363,4743,4743,2025-03-16
4744,891,4744,4744,2024-12-17
4745,430,4745,4745,2024-10-28
4746,894,4746,4746,2024-11-18
4747,364,4747,4747,2025-01-01
4748,306,4748,4748,2026-04-25
4749,213,4749,4749,2026-02-21
4750,735,4750,4750,2025-10-30
4751,419,4751,4751,2025-02-05
4752,248,4752,4752,2025-01-19
4753,982,4753,4753,2026-03-12
4754,977,4754,4754,2025-07-19
4755,33,4755,4755,2025-03-13
4756,876,4756,4756,2026-05-15
4757,252,4757,4757,2025-03-25
4758,81,4758,4758,2026-01-11
4759,89,4759,4759,2025-07-21
4760,767,4760,4760,2026-01-12
4761,320,4761,4761,2025-09-08
4762,523,4762,4762,2024-08-28
4763,738,4763,4763,2025-07-12
4764,667,4764,4764,2025-03-12
4765,382,4765,4765,2024-09-22
4766,601,4766,4766,2024-09-27
4767,169,4767,4767,2026-06-03
4768,722,4768,4768,2025-05-25
4769,18,4769,4769,2025-09-27
4770,548,4770,4770,2025-07-25
4771,57,4771,4771,2025-01-09
4772,398,4772,4772,2025-12-26
4773,462,4773,4773,2026-04-27
4774,751,4774,4774,2025-01-15
4775,307,4775,4775,2025-07-22
4776,621,4776,4776,2025-05-07
4777,895,4777,4777,2024-12-24
4778,366,4778,4778,2026-01-18
4779,948,4779,4779,2026-01-05
4780,93,4780,4780,2025-04-11
4781,193,4781,4781,2025-02-15
4782,274,4782,4782,2025-07-07
4783,974,4783,4783,2024-11-19
4784,122,4784,4784,2026-07-12
4785,827,4785,4785,2026-04-22
4786,995,4786,4786,2026-07-16
4787,532,4787,4787,2025-11-06
4788,636,4788,4788,2026-06-20
4789,226,4789,4789,2026-03-31
4790,57,4790,4790,2025-03-25
4791,395,4791,4791,2025-05-12
4792,937,4792,4792,2025-02-13
4793,862,4793,4793,2025-02-06
4794,528,4794,4794,2024-09-24
4795,93,4795,4795,2026-07-02
4796,256,4796,4796,2025-10-04
4797,870,4797,4797,2025-09-02
4798,195,4798,4798,2024-11-25
4799,452,4799,4799,2025-01-09
4800,910,4800,4800,2026-02-08
4801,468,4801,4801,2024-11-12
4802,908,4802,4802,2025-10-07
4803,417,4803,4803,2025-12-27
4804,57,4804,4804,2024-10-24
4805,430,4805,4805,2025-11-02
4806,61,4806,4806,2025-11-26
4807,820,4807,4807,2025-02-21
4808,516,4808,4808,2024-11-27
4809,951,4809,4809,2026-04-13
4810,32,4810,4810,2025-10-13
4811,819,4811,4811,2025-07-01
4812,236,4812,4812,2024-10-18
4813,136,4813,4813,2026-06-13
4814,150,4814,4814,2025-09-23
4815,348,4815,4815,2026-06-13
4816,196,4816,4816,2026-03-25
4817,359,4817,4817,2024-09-24
4818,831,4818,4818,2025-12-17
4819,971,4819,4819,2025-12-09
4820,295,4820,4820,2024-11-29
4821,14,4821,4821,2025-01-31
4822,462,4822,4822,2024-10-14
4823,594,4823,4823,2025-08-06
4824,599,4824,4824,2025-01-21
4825,266,4825,4825,2025-04-12
4826,643,4826,4826,2024-08-18
4827,573,4827,4827,2025-04-08
4828,436,4828,4828,2026-03-05
4829,399,4829,4829,2026-01-26
4830,606,4830,4830,2025-09-27
4831,392,4831,4831,2025-11-02
4832,772,4832,4832,2025-12-03
4833,18,4833,4833,2026-07-19
4834,534,4834,4834,2024-12-20
4835,584,4835,4835,2026-05-08
4836,471,4836,4836,2026-06-19
4837,452,4837,4837,2026-05-05
4838,981,4838,4838,2025-10-27
4839,578,4839,4839,2024-11-16
4840,9,4840,4840,2026-01-26
4841,819,4841,4841,2026-07-13
4842,793,4842,4842,2025-10-30
4843,550,4843,4843,2025-11-16
4844,383,4844,4844,2026-01-13
4845,549,4845,4845,2025-10-26
4846,508,4846,4846,2025-09-13
4847,821,4847,4847,2025-06-14
4848,288,4848,4848,2026-01-08
4849,82,4849,4849,2024-12-31
4850,331,4850,4850,2026-02-03
4851,638,4851,4851,2026-06-07
4852,991,4852,4852,2025-10-17
4853,455,4853,4853,2026-05-07
4854,264,4854,4854,2025-02-10
4855,807,4855,4855,2025-08-09
4856,909,4856,4856,2025-11-28
4857,614,4857,4857,2025-09-30
4858,979,4858,4858,2024-09-03
4859,113,4859,4859,2025-10-10
4860,755,4860,4860,2025-03-04
4861,945,4861,4861,2026-07-20
4862,555,4862,4862,2025-05-19
4863,421,4863,4863,2025-05-12
4864,711,4864,4864,2024-10-14
4865,813,4865,4865,2024-09-17
4866,859,4866,4866,2024-10-28
4867,814,4867,4867,2026-06-15
4868,951,4868,4868,2026-04-26
4869,902,4869,4869,2025-12-08
4870,42,4870,4870,2025-06-15
4871,845,4871,4871,2026-03-23
4872,645,4872,4872,2025-12-10
4873,588,4873,4873,2024-09-05
4874,456,4874,4874,2024-12-27
4875,88,4875,4875,2026-01-20
4876,21,4876,4876,2026-08-02
4877,143,4877,4877,2026-08-03
4878,267,4878,4878,2026-07-19
4879,657,4879,4879,2025-06-02
4880,457,4880,4880,2024-11-22
4881,352,4881,4881,2025-01-23
4882,468,4882,4882,2026-06-22
4883,587,4883,4883,2025-03-28
4884,800,4884,4884,2025-02-06
4885,940,4885,4885,2026-05-23
4886,800,4886,4886,2025-10-05
4887,456,4887,4887,2026-03-06
4888,920,4888,4888,2025-11-26
4889,311,4889,4889,2024-11-17
4890,785,4890,4890,2025-12-19
4891,345,4891,4891,2025-07-26
4892,3,4892,4892,2026-07-18
4893,970,4893,4893,2025-01-14
4894,369,4894,4894,2025-06-06
4895,680,4895,4895,2025-04-17
4896,259,4896,4896,2024-08-05
4897,985,4897,4897,2025-10-29
4898,550,4898,4898,2025-08-10
4899,480,4899,4899,2025-06-02
4900,229,4900,4900,2025-01-25
4901,403,4901,4901,2026-03-14
4902,635,4902,4902,2026-03-30
4903,376,4903,4903,2026-06-10
4904,765,4904,4904,2026-03-02
4905,101,4905,4905,2025-07-31
4906,920,4906,4906,2024-11-24
4907,172,4907,4907,2025-06-02
4908,308,4908,4908,2026-01-20
4909,827,4909,4909,2024-11-30
4910,505,4910,4910,2025-04-14
4911,570,4911,4911,2026-07-03
4912,730,4912,4912,2024-10-18
4913,785,4913,4913,2025-12-21
4914,196,4914,4914,2025-05-29
4915,472,4915,4915,2025-07-06
4916,108,4916,4916,2025-06-11
4917,810,4917,4917,2024-08-19
4918,443,4918,4918,2025-02-02
4919,101,4919,4919,2025-06-20
4920,830,4920,4920,2025-12-30
4921,694,4921,4921,2026-03-27
4922,246,4922,4922,2025-02-11
4923,60,4923,4923,2025-08-03
4924,798,4924,4924,2026-07-07
4925,110,4925,4925,2026-04-14
4926,195,4926,4926,2024-10-04
4927,505,4927,4927,2025-03-24
4928,872,4928,4928,2025-05-07
4929,788,4929,4929,2026-07-06
4930,787,4930,4930,2024-10-02
4931,373,4931,4931,2026-05-24
4932,26,4932,4932,2025-07-19
4933,426,4933,4933,2025-01-20
4934,908,4934,4934,2025-10-25
4935,107,4935,4935,2025-05-18
4936,822,4936,4936,2025-08-04
4937,888,4937,4937,2026-01-16
4938,501,4938,4938,2025-01-31
4939,634,4939,4939,2024-08-06
4940,645,4940,4940,2025-08-22
4941,384,4941,4941,2026-07-29
4942,534,4942,4942,2025-05-17
4943,392,4943,4943,2026-01-25
4944,60,4944,4944,2024-11-29
4945,858,4945,4945,2025-02-26
4946,798,4946,4946,2026-05-06
4947,687,4947,4947,2026-04-01
4948,678,4948,4948,2026-06-09
4949,274,4949,4949,2026-05-31
4950,174,4950,4950,2026-07-12
4951,2,4951,4951,2025-10-11
4952,930,4952,4952,2025-11-20
4953,681,4953,4953,2025-07-04
4954,477,4954,4954,2025-03-16
4955,432,4955,4955,2026-08-04
4956,511,4956,4956,2025-01-23
4957,51,4957,4957,2026-03-18
4958,232,4958,4958,2024-08-13
4959,411,4959,4959,2024-09-24
4960,112,4960,4960,2026-04-01
4961,331,4961,4961,2025-05-14
4962,934,4962,4962,2025-12-06
4963,16,4963,4963,2025-09-06
4964,678,4964,4964,2024-11-30
4965,566,4965,4965,2025-11-26
4966,558,4966,4966,2025-11-27
4967,474,4967,4967,2024-12-10
4968,69,4968,4968,2025-10-20
4969,896,4969,4969,2024-10-20
4970,179,4970,4970,2026-07-22
4971,812,4971,4971,2025-12-04
4972,864,4972,4972,2025-05-13
4973,237,4973,4973,2026-03-28
4974,419,4974,4974,2026-04-08
4975,87,4975,4975,2026-03-06
4976,588,4976,4976,2025-01-03
4977,753,4977,4977,2025-04-25
4978,933,4978,4978,2024-10-16
4979,339,4979,4979,2026-07-18
4980,348,4980,4980,2026-03-14
4981,84,4981,4981,2025-08-30
4982,421,4982,4982,2026-01-07
4983,133,4983,4983,2025-10-02
4984,987,4984,4984,2024-10-25
4985,245,4985,4985,2025-03-27
4986,571,4986,4986,2024-10-10
4987,684,4987,4987,2025-08-28
4988,230,4988,4988,2026-05-02
4989,82,4989,4989,2026-07-17
4990,182,4990,4990,2025-12-28
4991,935,4991,4991,2024-09-01
4992,1,4992,4992,2025-03-22
4993,311,4993,4993,2026-01-14
4994,397,4994,4994,2025-03-14
4995,53,4995,4995,2026-06-08
4996,489,4996,4996,2025-05-31
4997,496,4997,4997,2026-04-26
4998,371,4998,4998,2025-06-19
4999,154,4999,4999,2024-11-24
5000,397,5000,5000,2025-03-25
