order_item_id,order_id,product_id,quantity,unit_price,discount,sales,profit
1,1,148,2,2839.22,5.92,5672.52,2010.52
2,1,175,1,4435.81,15.16,4420.65,871.65
3,1,156,3,6188.4,19.13,18546.07,5940.07
4,2,190,4,3100.22,0.23,12400.65,3724.65
5,2,186,2,7914.83,18.44,15811.22,5909.22
6,3,105,1,4856.31,4.37,4851.94,872.94
7,3,105,4,4856.31,0.68,19424.56,3508.56
8,3,114,4,4077.29,17.81,16291.35,5959.35
9,4,120,1,1361.78,15.14,1346.64,439.64
10,4,145,4,792.87,2.89,3168.59,932.59
11,5,151,2,2964.55,17.59,5911.51,559.51
12,5,114,1,4077.29,13.4,4063.89,1480.89
13,6,195,2,3047.63,19.77,6075.49,1809.49
14,6,142,4,5775.74,3.45,23099.51,4187.51
15,7,105,2,4856.31,5.75,9706.87,1748.87
16,8,176,2,3397.33,1.04,6793.62,2471.62
17,9,151,2,2964.55,5.04,5924.06,572.06
18,9,103,1,5536.18,16.69,5519.49,1123.49
19,9,97,3,6749.43,14.15,20234.14,7553.14
20,10,103,3,5536.18,13.09,16595.45,3407.45
21,11,138,4,5451.69,6.46,21800.3,7292.3
22,11,79,1,789.02,2.73,786.29,214.29
23,12,184,1,2633.24,0.66,2632.58,547.58
24,12,68,3,2309.06,10.62,6916.56,1189.56
25,13,74,4,2434.43,15.6,9722.12,2698.12
26,13,28,1,5032.36,19.24,5013.12,1531.12
27,14,3,3,7696.6,3.33,23086.47,8104.47
28,14,80,2,4102.63,10.59,8194.67,1508.67
29,14,64,4,7118.68,8.2,28466.52,8982.52
30,15,94,3,5544.85,16.01,16618.54,1723.54
31,16,141,4,3818.5,10.89,15263.11,1859.11
32,16,47,1,5349.54,4.57,5344.97,1348.97
33,17,44,1,2260.37,4.98,2255.39,248.39
34,18,9,1,3616.76,12.43,3604.33,1213.33
35,18,84,4,1792.84,19.29,7152.07,2316.07
36,19,199,2,7009.81,10.8,14008.82,4298.82
37,19,135,4,4537.82,3.19,18148.09,1764.09
38,19,128,2,2167.32,16.53,4318.11,1362.11
39,20,41,3,2657.03,11.35,7959.74,2694.74
40,20,45,1,4565.43,9.48,4555.95,586.95
41,21,80,3,4102.63,2.3,12305.59,2276.59
42,21,50,2,5429.37,10.84,10847.9,3801.9
43,22,2,1,3361.74,6.48,3355.26,365.26
44,22,46,4,7321.91,6.24,29281.4,10849.4
45,23,6,2,3476.76,13.62,6939.9,745.9
46,24,193,1,5092.0,1.65,5090.35,537.35
47,24,93,3,278.24,7.33,827.39,143.39
48,24,102,3,6271.36,10.6,18803.48,4844.48
49,25,179,1,4824.55,1.11,4823.44,1611.44
50,25,104,4,1652.43,2.63,6607.09,1319.09
51,25,167,1,6421.3,15.6,6405.7,1743.7
52,26,175,4,4435.81,5.06,17738.18,3542.18
53,26,14,2,488.44,17.35,959.53,123.53
54,27,137,3,7130.26,5.85,21384.93,7920.93
55,27,49,2,5840.98,0.27,11681.69,2075.69
56,28,127,2,6494.51,18.04,12970.98,4766.98
57,28,56,4,4864.07,10.7,19445.58,3709.58
58,28,110,1,1172.22,15.91,1156.31,299.31
59,29,115,2,2618.2,4.58,5231.82,1919.82
60,29,20,3,303.07,14.83,894.38,186.38
61,30,181,1,3227.71,12.42,3215.29,654.29
62,30,25,3,1979.19,0.89,5936.68,2006.68
63,30,111,4,2962.45,12.19,11837.61,2641.61
64,31,172,2,5175.17,0.55,10349.79,1613.79
65,31,19,2,5980.37,0.92,11959.82,3735.82
66,32,141,3,3818.5,2.53,11452.97,1399.97
67,33,145,4,792.87,16.84,3154.64,918.64
68,34,166,2,1355.22,15.08,2695.36,325.36
69,34,130,2,7243.63,11.87,14475.39,5393.39
70,34,138,3,5451.69,18.29,16336.78,5455.78
71,35,110,2,1172.22,16.04,2328.4,614.4
72,36,73,2,5457.97,19.47,10896.47,1454.47
73,37,86,4,1091.11,6.05,4358.39,1330.39
74,37,80,2,4102.63,5.98,8199.28,1513.28
75,38,150,4,6284.22,3.17,25133.71,6941.71
76,39,21,2,6119.99,13.86,12226.12,2464.12
77,39,168,4,360.61,14.55,1427.89,167.89
78,39,166,4,1355.22,14.17,5406.71,666.71
79,40,193,3,5092.0,5.94,15270.06,1611.06
80,41,162,3,3776.05,17.2,11310.95,3753.95
81,42,133,4,1476.81,3.3,5903.94,555.94
82,42,97,3,6749.43,9.53,20238.76,7557.76
83,43,193,3,5092.0,4.46,15271.54,1612.54
84,43,174,1,1465.47,16.7,1448.77,153.77
85,44,13,2,5553.96,5.4,11102.52,2562.52
86,44,5,3,1844.85,2.51,5532.04,1941.04
87,44,108,1,1550.46,12.53,1537.93,339.93
88,45,74,1,2434.43,12.03,2422.4,666.4
89,45,91,4,4930.64,4.56,19718.0,4226.0
90,45,74,2,2434.43,8.11,4860.75,1348.75
91,46,36,2,5135.84,7.32,10264.36,2204.36
92,46,9,2,3616.76,8.25,7225.27,2443.27
93,46,14,1,488.44,14.36,474.08,56.08
94,47,16,1,1573.66,13.58,1560.08,315.08
95,47,62,1,2352.48,18.88,2333.6,201.6
96,47,118,2,5356.59,16.39,10696.79,2858.79
97,48,67,4,3825.3,19.2,15282.0,4694.0
98,49,4,1,4963.98,12.68,4951.3,455.3
99,49,33,2,4863.47,4.35,9722.59,1590.59
100,49,136,3,3836.46,8.97,11500.41,1093.41
101,50,148,2,2839.22,16.68,5661.76,1999.76
102,51,196,3,638.3,12.33,1902.57,516.57
103,51,178,4,244.03,15.75,960.37,340.37
104,51,22,3,4915.03,4.98,14740.11,2779.11
105,52,43,4,2515.73,15.38,10047.54,1807.54
106,53,120,2,1361.78,8.05,2715.51,901.51
107,53,185,2,3574.96,2.86,7147.06,967.06
108,54,10,1,1249.33,8.65,1240.68,167.68
109,54,105,1,4856.31,17.29,4839.02,860.02
110,54,78,2,1600.82,9.03,3192.61,832.61
111,55,181,3,3227.71,6.36,9676.77,1993.77
112,55,14,3,488.44,3.52,1461.8,207.8
113,55,103,4,5536.18,11.97,22132.75,4548.75
114,56,16,4,1573.66,8.86,6285.78,1305.78
115,56,69,2,1797.42,12.44,3582.4,874.4
116,56,60,4,5461.59,11.75,21834.61,4550.61
117,57,190,2,3100.22,15.82,6184.62,1846.62
118,58,132,4,198.54,11.16,783.0,175.0
119,59,51,2,5007.82,16.54,9999.1,3295.1
120,59,26,2,7539.95,4.93,15074.97,5494.97
121,60,71,3,2797.48,4.97,8387.47,2720.47
122,61,54,1,6094.37,3.62,6090.75,2268.75
123,61,80,1,4102.63,16.9,4085.73,742.73
124,61,195,4,3047.63,18.67,12171.85,3639.85
125,62,138,3,5451.69,3.82,16351.25,5470.25
126,62,41,1,2657.03,4.83,2652.2,897.2
127,62,83,1,4426.65,8.0,4418.65,451.65
128,63,84,1,1792.84,16.38,1776.46,567.46
129,64,94,3,5544.85,6.49,16628.06,1733.06
130,65,151,3,2964.55,12.68,8880.97,852.97
131,66,39,2,552.25,17.91,1086.59,198.59
132,66,173,3,1527.03,18.93,4562.16,851.16
133,67,21,2,6119.99,7.43,12232.55,2470.55
134,68,34,3,5835.24,4.65,17501.07,3488.07
135,69,125,1,2559.2,11.73,2547.47,563.47
136,70,89,1,454.52,6.99,447.53,161.53
137,70,187,3,504.48,12.22,1501.22,541.22
138,70,196,1,638.3,12.33,625.97,163.97
139,71,86,4,1091.11,17.17,4347.27,1319.27
140,72,32,4,5678.29,8.64,22704.52,4836.52
141,72,132,2,198.54,19.61,377.47,73.47
142,73,111,1,2962.45,14.9,2947.55,648.55
143,74,172,3,5175.17,17.84,15507.67,2403.67
144,75,81,2,5497.32,0.19,10994.45,1320.45
145,76,112,1,650.07,6.25,643.82,220.82
146,76,15,3,5784.26,12.14,17340.64,4278.64
147,77,92,4,1142.9,11.91,4559.69,463.69
148,77,20,3,303.07,3.8,905.41,197.41
149,77,109,1,3992.5,18.26,3974.24,1169.24
150,78,196,1,638.3,2.19,636.11,174.11
151,78,73,4,5457.97,14.65,21817.23,2933.23
152,78,188,2,5532.23,12.0,11052.46,3670.46
153,79,135,1,4537.82,10.76,4527.06,431.06
154,79,72,4,5828.14,13.13,23299.43,5683.43
155,79,63,1,5551.59,8.15,5543.44,1784.44
156,80,138,3,5451.69,1.77,16353.3,5472.3
157,80,91,4,4930.64,18.62,19703.94,4211.94
158,80,90,1,4881.97,13.22,4868.75,1294.75
159,81,195,2,3047.63,7.6,6087.66,1821.66
160,81,9,1,3616.76,9.58,3607.18,1216.18
161,82,41,1,2657.03,14.48,2642.55,887.55
162,82,29,3,6088.79,8.95,18257.42,6368.42
163,83,54,3,6094.37,8.4,18274.71,6808.71
164,83,133,2,1476.81,14.54,2939.08,265.08
165,84,137,2,7130.26,0.99,14259.53,5283.53
166,85,134,3,3568.12,2.06,10702.3,1231.3
167,85,73,2,5457.97,8.23,10907.71,1465.71
168,86,100,4,4359.62,5.27,17433.21,3485.21
169,86,112,4,650.07,10.54,2589.74,897.74
170,87,96,1,2765.79,17.37,2748.42,729.42
171,87,126,1,6579.87,1.68,6578.19,1968.19
172,88,12,3,4572.81,13.38,13705.05,4420.05
173,88,103,2,5536.18,19.94,11052.42,2260.42
174,89,129,1,1819.36,18.32,1801.04,555.04
175,90,151,2,2964.55,0.33,5928.77,576.77
176,91,136,3,3836.46,8.57,11500.81,1093.81
177,91,55,2,6404.04,15.41,12792.67,4500.67
178,92,62,1,2352.48,13.54,2338.94,206.94
179,92,127,4,6494.51,2.17,25975.87,9567.87
180,93,28,3,5032.36,5.66,15091.42,4645.42
181,93,40,1,5316.39,17.04,5299.35,1576.35
182,94,15,2,5784.26,19.08,11549.44,2841.44
183,94,75,3,4256.43,6.42,12762.87,4401.87
184,94,88,3,5157.4,11.8,15460.4,2164.4
185,95,185,1,3574.96,13.32,3561.64,471.64
186,95,141,2,3818.5,11.36,7625.64,923.64
187,95,162,4,3776.05,4.74,15099.46,5023.46
188,96,80,4,4102.63,1.95,16408.57,3036.57
189,97,198,3,2599.54,4.97,7793.65,2039.65
190,98,16,1,1573.66,0.6,1573.06,328.06
191,98,58,3,315.69,3.15,943.92,298.92
192,98,58,1,315.69,9.83,305.86,90.86
193,99,28,4,5032.36,19.83,20109.61,6181.61
194,99,165,4,3471.22,6.28,13878.6,3378.6
195,100,40,4,5316.39,13.86,21251.7,6359.7
196,100,134,4,3568.12,3.14,14269.34,1641.34
197,101,200,3,4099.17,12.64,12284.87,2792.87
198,101,43,2,2515.73,5.0,5026.46,906.46
199,102,10,3,1249.33,7.64,3740.35,521.35
200,102,27,2,336.73,7.19,666.27,156.27
201,103,145,1,792.87,16.52,776.35,217.35
202,103,133,2,1476.81,15.44,2938.18,264.18
203,103,4,3,4963.98,1.39,14890.55,1402.55
204,104,182,1,3177.71,17.0,3160.71,487.71
205,105,125,3,2559.2,15.43,7662.17,1710.17
206,106,9,4,3616.76,15.99,14451.05,4887.05
207,106,84,2,1792.84,9.47,3576.21,1158.21
208,106,142,3,5775.74,6.05,17321.17,3137.17
209,107,41,3,2657.03,13.88,7957.21,2692.21
210,108,140,4,5410.03,3.83,21636.29,3988.29
211,108,119,2,2869.36,9.24,5729.48,1245.48
212,108,11,2,4727.45,18.86,9436.04,3122.04
213,109,137,1,7130.26,13.91,7116.35,2628.35
214,110,162,1,3776.05,18.4,3757.65,1238.65
215,110,155,2,4794.0,13.39,9574.61,3086.61
216,111,22,1,4915.03,5.27,4909.76,922.76
217,111,24,1,2037.73,16.62,2021.11,525.11
218,112,33,3,4863.47,16.94,14573.47,2375.47
219,112,169,2,6981.12,17.77,13944.47,3964.47
220,112,105,2,4856.31,5.79,9706.83,1748.83
221,113,68,1,2309.06,5.62,2303.44,394.44
222,114,133,1,1476.81,2.22,1474.59,137.59
223,115,163,1,2701.47,6.24,2695.23,400.23
224,115,88,1,5157.4,13.95,5143.45,711.45
225,115,81,1,5497.32,8.9,5488.42,651.42
226,116,80,3,4102.63,9.01,12298.88,2269.88
227,117,1,3,6087.96,15.85,18248.03,6713.03
228,117,99,4,3956.07,2.0,15822.28,5534.28
229,118,118,2,5356.59,1.38,10711.8,2873.8
230,118,68,3,2309.06,15.26,6911.92,1184.92
231,118,81,4,5497.32,2.5,21986.78,2638.78
232,119,84,4,1792.84,11.99,7159.37,2323.37
233,119,117,3,2834.64,0.55,8503.37,2323.37
234,120,68,3,2309.06,12.36,6914.82,1187.82
235,120,135,4,4537.82,0.07,18151.21,1767.21
236,121,156,1,6188.4,14.16,6174.24,1972.24
237,122,74,1,2434.43,3.72,2430.71,674.71
238,122,77,1,5661.33,0.09,5661.24,1381.24
239,122,58,2,315.69,8.53,622.85,192.85
240,123,60,1,5461.59,14.06,5447.53,1126.53
241,123,90,4,4881.97,18.51,19509.37,5213.37
242,124,176,1,3397.33,1.62,3395.71,1234.71
243,125,104,3,1652.43,5.91,4951.38,985.38
244,125,43,3,2515.73,4.52,7542.67,1362.67
245,125,74,1,2434.43,1.23,2433.2,677.2
246,126,103,4,5536.18,11.99,22132.73,4548.73
247,126,97,3,6749.43,10.18,20238.11,7557.11
248,126,120,1,1361.78,17.96,1343.82,436.82
249,127,7,1,5629.83,18.43,5611.4,909.4
250,128,2,1,3361.74,8.89,3352.85,362.85
251,128,196,2,638.3,13.08,1263.52,339.52
252,129,153,2,3013.31,16.18,6010.44,908.44
253,129,10,4,1249.33,10.56,4986.76,694.76
254,130,114,1,4077.29,11.47,4065.82,1482.82
255,131,10,3,1249.33,12.32,3735.67,516.67
256,132,69,3,1797.42,5.87,5386.39,1324.39
257,133,86,4,1091.11,8.95,4355.49,1327.49
258,133,60,3,5461.59,13.27,16371.5,3408.5
259,134,88,3,5157.4,18.8,15453.4,2157.4
260,134,28,4,5032.36,15.52,20113.92,6185.92
261,134,55,2,6404.04,7.2,12800.88,4508.88
262,135,80,2,4102.63,7.69,8197.57,1511.57
263,136,55,4,6404.04,14.35,25601.81,9017.81
264,136,158,4,6464.49,12.95,25845.01,5929.01
265,137,117,2,2834.64,19.23,5650.05,1530.05
266,138,178,2,244.03,5.46,482.6,172.6
267,138,186,2,7914.83,18.58,15811.08,5909.08
268,139,144,3,4410.54,16.92,13214.7,2954.7
269,139,85,2,4281.36,16.71,8546.01,2080.01
270,139,123,4,3078.2,11.07,12301.73,3357.73
271,140,180,1,3738.11,19.82,3718.29,876.29
272,140,71,2,2797.48,15.82,5579.14,1801.14
273,141,156,4,6188.4,8.81,24744.79,7936.79
274,141,2,3,3361.74,7.28,10077.94,1107.94
275,142,59,3,1997.79,9.25,5984.12,938.12
276,142,184,1,2633.24,7.77,2625.47,540.47
277,143,179,2,4824.55,18.69,9630.41,3206.41
278,143,68,4,2309.06,6.05,9230.19,1594.19
279,144,137,4,7130.26,0.31,28520.73,10568.73
280,144,170,3,250.43,7.21,744.08,141.08
281,144,60,2,5461.59,5.01,10918.17,2276.17
282,145,26,4,7539.95,7.95,30151.85,10991.85
283,145,39,3,552.25,6.44,1650.31,318.31
284,145,167,1,6421.3,6.59,6414.71,1752.71
285,146,100,1,4359.62,0.14,4359.48,872.48
286,147,171,1,7270.84,1.66,7269.18,2586.18
287,148,107,1,5511.95,16.92,5495.03,2015.03
288,149,67,3,3825.3,19.36,11456.54,3515.54
289,149,161,1,2333.99,2.79,2331.2,710.2
290,149,60,1,5461.59,0.94,5460.65,1139.65
291,150,36,2,5135.84,10.62,10261.06,2201.06
292,150,97,1,6749.43,15.28,6734.15,2507.15
293,150,182,4,3177.71,9.56,12701.28,2009.28
294,151,19,1,5980.37,5.27,5975.1,1863.1
295,152,127,4,6494.51,18.97,25959.07,9551.07
296,153,93,3,278.24,14.49,820.23,136.23
297,153,36,2,5135.84,19.76,10251.92,2191.92
298,154,141,2,3818.5,17.58,7619.42,917.42
299,154,55,1,6404.04,10.53,6393.51,2247.51
300,154,74,1,2434.43,9.61,2424.82,668.82
301,155,161,2,2333.99,16.57,4651.41,1409.41
302,155,106,3,1926.7,15.29,5764.81,1918.81
303,155,112,2,650.07,8.47,1291.67,445.67
304,156,157,1,1186.69,8.28,1178.41,278.41
305,156,71,1,2797.48,16.73,2780.75,891.75
306,156,148,1,2839.22,14.26,2824.96,993.96
307,157,46,3,7321.91,2.8,21962.93,8138.93
308,157,39,4,552.25,16.1,2192.9,416.9
309,157,45,4,4565.43,17.76,18243.96,2367.96
310,158,67,3,3825.3,16.91,11458.99,3517.99
311,158,48,3,3393.83,3.7,10177.79,1984.79
312,158,195,3,3047.63,5.16,9137.73,2738.73
313,159,195,2,3047.63,16.03,6079.23,1813.23
314,159,110,4,1172.22,10.15,4678.73,1250.73
315,160,20,3,303.07,15.66,893.55,185.55
316,161,110,3,1172.22,0.49,3516.17,945.17
317,162,83,4,4426.65,9.58,17697.02,1829.02
318,163,180,3,3738.11,11.88,11202.45,2676.45
319,163,178,1,244.03,15.42,228.61,73.61
320,164,43,4,2515.73,10.61,10052.31,1812.31
321,164,14,2,488.44,18.45,958.43,122.43
322,164,177,2,2260.51,0.32,4520.7,1118.7
323,165,61,4,2566.03,3.37,10260.75,3808.75
324,165,186,4,7914.83,7.91,31651.41,11847.41
325,166,49,3,5840.98,10.17,17512.77,3103.77
326,167,45,3,4565.43,6.89,13689.4,1782.4
327,168,126,4,6579.87,15.39,26304.09,7864.09
328,168,147,2,1363.26,12.03,2714.49,952.49
329,168,126,3,6579.87,15.27,19724.34,5894.34
330,169,38,3,5028.62,14.4,15071.46,5075.46
331,169,22,1,4915.03,1.29,4913.74,926.74
332,169,101,4,7616.13,0.24,30464.28,10680.28
333,170,38,3,5028.62,7.86,15078.0,5082.0
334,170,111,1,2962.45,2.07,2960.38,661.38
335,171,75,2,4256.43,4.11,8508.75,2934.75
336,171,4,1,4963.98,7.23,4956.75,460.75
337,171,9,2,3616.76,11.56,7221.96,2439.96
338,172,164,2,3449.26,10.23,6888.29,1500.29
339,172,44,1,2260.37,0.79,2259.58,252.58
340,173,134,2,3568.12,1.66,7134.58,820.58
341,173,59,4,1997.79,19.63,7971.53,1243.53
342,173,75,3,4256.43,2.99,12766.3,4405.3
343,174,2,1,3361.74,12.34,3349.4,359.4
344,175,76,2,2598.97,10.9,5187.04,1623.04
345,175,173,1,1527.03,8.74,1518.29,281.29
346,175,126,4,6579.87,15.24,26304.24,7864.24
347,176,84,1,1792.84,3.14,1789.7,580.7
348,176,84,3,1792.84,6.64,5371.88,1744.88
349,177,5,3,1844.85,17.7,5516.85,1925.85
350,178,159,3,3489.26,13.77,10454.01,3437.01
351,179,33,2,4863.47,8.59,9718.35,1586.35
352,179,177,1,2260.51,0.26,2260.25,559.25
353,179,116,2,3021.59,2.58,6040.6,1866.6
354,180,191,2,933.8,0.06,1867.54,457.54
355,181,70,2,5087.1,17.54,10156.66,3144.66
356,181,51,4,5007.82,6.62,20024.66,6616.66
357,181,30,4,5234.76,15.35,20923.69,3527.69
358,182,8,1,907.81,17.42,890.39,188.39
359,182,57,1,2097.22,8.44,2088.78,657.78
360,182,110,4,1172.22,16.72,4672.16,1244.16
361,183,79,1,789.02,4.97,784.05,212.05
362,183,66,3,4903.31,5.57,14704.36,2968.36
363,183,5,4,1844.85,1.99,7377.41,2589.41
364,184,119,1,2869.36,0.61,2868.75,626.75
365,184,75,3,4256.43,11.05,12758.24,4397.24
366,184,187,1,504.48,9.8,494.68,174.68
367,185,106,2,1926.7,10.31,3843.09,1279.09
368,185,76,1,2598.97,2.38,2596.59,814.59
369,185,5,4,1844.85,12.31,7367.09,2579.09
370,186,26,2,7539.95,2.44,15077.46,5497.46
371,186,182,3,3177.71,7.45,9525.68,1506.68
372,187,42,2,2717.08,13.21,5420.95,770.95
373,187,13,3,5553.96,10.06,16651.82,3841.82
374,187,117,4,2834.64,12.72,11325.84,3085.84
375,188,190,1,3100.22,19.09,3081.13,912.13
376,188,79,4,789.02,19.9,3136.18,848.18
377,189,192,2,6331.66,11.92,12651.4,2913.4
378,189,28,1,5032.36,2.32,5030.04,1548.04
379,190,84,3,1792.84,10.13,5368.39,1741.39
380,191,119,4,2869.36,14.08,11463.36,2495.36
381,192,103,1,5536.18,4.42,5531.76,1135.76
382,193,137,1,7130.26,19.39,7110.87,2622.87
383,193,92,1,1142.9,14.13,1128.77,104.77
384,194,140,4,5410.03,1.35,21638.77,3990.77
385,195,34,2,5835.24,12.18,11658.3,2316.3
386,195,95,3,3093.45,19.19,9261.16,2949.16
387,196,188,3,5532.23,11.93,16584.76,5511.76
388,196,84,3,1792.84,11.27,5367.25,1740.25
389,196,114,4,4077.29,11.99,16297.17,5965.17
390,197,28,2,5032.36,15.71,10049.01,3085.01
391,198,58,1,315.69,14.17,301.52,86.52
392,198,120,4,1361.78,19.43,5427.69,1799.69
393,198,65,3,4404.24,15.34,13197.38,4062.38
394,199,100,1,4359.62,10.99,4348.63,861.63
395,200,136,4,3836.46,18.23,15327.61,1451.61
396,200,194,1,7044.36,17.56,7026.8,2062.8
397,201,47,1,5349.54,15.53,5334.01,1338.01
398,202,134,4,3568.12,1.22,14271.26,1643.26
399,202,51,3,5007.82,9.17,15014.29,4958.29
400,202,19,2,5980.37,13.43,11947.31,3723.31
401,203,151,2,2964.55,0.14,5928.96,576.96
402,203,127,3,6494.51,7.81,19475.72,7169.72
403,203,30,2,5234.76,14.61,10454.91,1756.91
404,204,123,2,3078.2,9.33,6147.07,1675.07
405,204,85,4,4281.36,18.7,17106.74,4174.74
406,204,57,2,2097.22,10.42,4184.02,1322.02
407,205,133,3,1476.81,17.65,4412.78,401.78
408,205,94,4,5544.85,10.25,22169.15,2309.15
409,205,198,3,2599.54,15.52,7783.1,2029.1
410,206,102,2,6271.36,1.02,12541.7,3235.7
411,206,146,1,6386.06,12.9,6373.16,2179.16
412,207,151,3,2964.55,12.31,8881.34,853.34
413,207,187,3,504.48,15.64,1497.8,537.8
414,208,165,3,3471.22,17.39,10396.27,2521.27
415,208,29,1,6088.79,9.04,6079.75,2116.75
416,208,44,4,2260.37,2.71,9038.77,1010.77
417,209,73,2,5457.97,5.95,10909.99,1467.99
418,209,91,1,4930.64,13.79,4916.85,1043.85
419,210,67,2,3825.3,6.82,7643.78,2349.78
420,210,132,2,198.54,18.42,378.66,74.66
421,210,161,1,2333.99,9.24,2324.75,703.75
422,211,110,3,1172.22,10.13,3506.53,935.53
423,211,130,2,7243.63,18.44,14468.82,5386.82
424,211,107,1,5511.95,7.57,5504.38,2024.38
425,212,79,1,789.02,9.78,779.24,207.24
426,213,15,4,5784.26,13.04,23124.0,5708.0
427,214,120,4,1361.78,19.15,5427.97,1799.97
428,214,176,2,3397.33,6.33,6788.33,2466.33
429,214,161,1,2333.99,9.84,2324.15,703.15
430,215,150,2,6284.22,2.97,12565.47,3469.47
431,215,183,3,3649.52,5.65,10942.91,3481.91
432,216,105,3,4856.31,2.6,14566.33,2629.33
433,217,197,1,4180.68,14.56,4166.12,540.12
434,217,196,2,638.3,18.59,1258.01,334.01
435,217,101,3,7616.13,3.91,22844.48,8006.48
436,218,178,3,244.03,16.18,715.91,250.91
437,218,116,2,3021.59,5.25,6037.93,1863.93
438,219,36,2,5135.84,4.91,10266.77,2206.77
439,220,75,4,4256.43,15.84,17009.88,5861.88
440,221,150,2,6284.22,14.21,12554.23,3458.23
441,222,178,4,244.03,19.73,956.39,336.39
442,222,39,1,552.25,0.82,551.43,107.43
443,223,19,2,5980.37,8.36,11952.38,3728.38
444,223,93,3,278.24,15.99,818.73,134.73
445,224,197,2,4180.68,2.16,8359.2,1107.2
446,225,153,1,3013.31,19.13,2994.18,443.18
447,225,174,1,1465.47,16.85,1448.62,153.62
448,225,113,4,5653.4,2.07,22611.53,3899.53
449,226,139,2,1210.99,13.12,2408.86,630.86
450,227,99,3,3956.07,5.67,11862.54,4146.54
451,227,91,2,4930.64,13.42,9847.86,2101.86
452,228,95,3,3093.45,16.23,9264.12,2952.12
453,228,86,1,1091.11,2.52,1088.59,331.59
454,229,86,4,1091.11,0.13,4364.31,1336.31
455,229,197,3,4180.68,18.46,12523.58,1645.58
456,229,166,2,1355.22,9.76,2700.68,330.68
457,230,148,1,2839.22,5.26,2833.96,1002.96
458,231,8,2,907.81,13.89,1801.73,397.73
459,232,145,4,792.87,14.42,3157.06,921.06
460,232,37,4,1522.64,17.8,6072.76,1680.76
461,233,176,2,3397.33,2.99,6791.67,2469.67
462,234,87,1,3417.67,8.01,3409.66,461.66
463,234,156,1,6188.4,8.63,6179.77,1977.77
464,235,7,1,5629.83,19.12,5610.71,908.71
465,235,45,1,4565.43,1.12,4564.31,595.31
466,236,65,3,4404.24,12.23,13200.49,4065.49
467,237,122,2,7212.86,18.25,14407.47,4991.47
468,237,187,1,504.48,11.02,493.46,173.46
469,237,61,2,2566.03,11.76,5120.3,1894.3
470,238,190,2,3100.22,11.56,6188.88,1850.88
471,239,157,2,1186.69,2.25,2371.13,571.13
472,239,58,1,315.69,9.61,306.08,91.08
473,239,107,1,5511.95,17.32,5494.63,2014.63
474,240,38,2,5028.62,13.05,10044.19,3380.19
475,241,47,4,5349.54,15.59,21382.57,5398.57
476,241,159,3,3489.26,9.82,10457.96,3440.96
477,242,43,2,2515.73,1.24,5030.22,910.22
478,242,41,1,2657.03,19.2,2637.83,882.83
479,243,108,1,1550.46,18.03,1532.43,334.43
480,244,108,3,1550.46,10.07,4641.31,1047.31
481,244,190,3,3100.22,9.82,9290.84,2783.84
482,244,146,4,6386.06,16.37,25527.87,8751.87
483,245,110,3,1172.22,8.8,3507.86,936.86
484,245,66,3,4903.31,3.54,14706.39,2970.39
485,245,116,4,3021.59,13.9,12072.46,3724.46
486,246,138,3,5451.69,0.28,16354.79,5473.79
487,246,179,3,4824.55,8.33,14465.32,4829.32
488,246,118,1,5356.59,19.88,5336.71,1417.71
489,247,132,4,198.54,19.07,775.09,167.09
490,247,79,2,789.02,7.98,1570.06,426.06
491,247,154,2,4728.41,10.25,9446.57,2872.57
492,248,176,1,3397.33,14.15,3383.18,1222.18
493,248,66,1,4903.31,8.75,4894.56,982.56
494,249,127,1,6494.51,12.91,6481.6,2379.6
495,250,86,4,1091.11,14.57,4349.87,1321.87
496,251,3,2,7696.6,1.49,15391.71,5403.71
497,251,165,4,3471.22,7.56,13877.32,3377.32
498,251,148,3,2839.22,12.72,8504.94,3011.94
499,252,135,2,4537.82,17.95,9057.69,865.69
500,252,195,3,3047.63,2.67,9140.22,2741.22
501,252,61,3,2566.03,13.45,7684.64,2845.64
502,253,5,1,1844.85,11.54,1833.31,636.31
503,253,158,3,6464.49,11.12,19382.35,4445.35
504,254,180,1,3738.11,9.43,3728.68,886.68
505,255,176,4,3397.33,9.72,13579.6,4935.6
506,255,94,2,5544.85,0.79,11088.91,1158.91
507,255,27,1,336.73,9.43,327.3,72.3
508,256,58,2,315.69,8.49,622.89,192.89
509,256,96,4,2765.79,11.94,11051.22,2975.22
510,257,166,3,1355.22,8.25,4057.41,502.41
511,258,18,1,6294.01,0.7,6293.31,1330.31
512,258,1,1,6087.96,13.53,6074.43,2229.43
513,259,128,3,2167.32,0.56,6501.4,2067.4
514,260,13,2,5553.96,6.96,11100.96,2560.96
515,260,122,2,7212.86,13.72,14412.0,4996.0
516,261,181,2,3227.71,0.66,6454.76,1332.76
517,262,45,4,4565.43,7.29,18254.43,2378.43
518,262,155,4,4794.0,5.38,19170.62,6194.62
519,262,178,3,244.03,12.8,719.29,254.29
520,263,83,4,4426.65,14.96,17691.64,1823.64
521,263,195,2,3047.63,6.93,6088.33,1822.33
522,264,175,3,4435.81,13.38,13294.05,2647.05
523,264,73,1,5457.97,8.09,5449.88,728.88
524,264,200,2,4099.17,8.82,8189.52,1861.52
525,265,94,1,5544.85,18.01,5526.84,561.84
526,265,62,4,2352.48,18.75,9391.17,863.17
527,265,197,2,4180.68,17.37,8343.99,1091.99
528,266,190,4,3100.22,7.59,12393.29,3717.29
529,266,174,4,1465.47,15.34,5846.54,666.54
530,267,82,3,852.5,9.93,2547.57,681.57
531,267,118,3,5356.59,11.97,16057.8,4300.8
532,267,93,3,278.24,12.31,822.41,138.41
533,268,21,3,6119.99,5.46,18354.51,3711.51
534,268,132,1,198.54,4.23,194.31,42.31
535,268,87,4,3417.67,3.42,13667.26,1875.26
536,269,92,4,1142.9,5.11,4566.49,470.49
537,269,145,4,792.87,4.18,3167.3,931.3
538,269,196,2,638.3,6.35,1270.25,346.25
539,270,152,1,1890.92,1.94,1888.98,607.98
540,270,178,1,244.03,18.22,225.81,70.81
541,270,178,1,244.03,19.24,224.79,69.79
542,271,109,3,3992.5,11.93,11965.57,3550.57
543,271,20,2,303.07,7.14,599.0,127.0
544,271,31,2,5674.17,1.05,11347.29,2539.29
545,272,178,2,244.03,13.02,475.04,165.04
546,272,137,1,7130.26,17.55,7112.71,2624.71
547,272,40,2,5316.39,13.13,10619.65,3173.65
548,273,89,4,454.52,13.25,1804.83,660.83
549,274,85,3,4281.36,10.93,12833.15,3134.15
550,274,148,4,2839.22,18.43,11338.45,4014.45
551,275,184,2,2633.24,19.37,5247.11,1077.11
552,276,121,3,2267.36,12.18,6789.9,1497.9
553,276,115,3,2618.2,7.73,7846.87,2878.87
554,277,64,4,7118.68,19.17,28455.55,8971.55
555,277,141,3,3818.5,13.64,11441.86,1388.86
556,277,47,1,5349.54,5.25,5344.29,1348.29
557,278,128,3,2167.32,10.71,6491.25,2057.25
558,279,37,2,1522.64,8.48,3036.8,840.8
559,279,110,4,1172.22,11.79,4677.09,1249.09
560,280,121,3,2267.36,5.86,6796.22,1504.22
561,280,67,4,3825.3,15.17,15286.03,4698.03
562,281,72,1,5828.14,2.31,5825.83,1421.83
563,282,185,2,3574.96,8.32,7141.6,961.6
564,283,177,3,2260.51,19.25,6762.28,1659.28
565,284,117,3,2834.64,13.27,8490.65,2310.65
566,284,179,2,4824.55,5.02,9644.08,3220.08
567,284,133,1,1476.81,2.22,1474.59,137.59
568,285,74,3,2434.43,9.57,7293.72,2025.72
569,285,185,3,3574.96,8.14,10716.74,1446.74
570,285,18,3,6294.01,8.19,18873.84,3984.84
571,286,181,2,3227.71,14.02,6441.4,1319.4
572,287,120,1,1361.78,13.14,1348.64,441.64
573,288,133,1,1476.81,17.33,1459.48,122.48
574,288,27,4,336.73,0.7,1346.22,326.22
575,289,163,3,2701.47,4.83,8099.58,1214.58
576,289,113,2,5653.4,16.17,11290.63,1934.63
577,290,193,4,5092.0,1.35,20366.65,2154.65
578,290,167,2,6421.3,5.69,12836.91,3512.91
579,290,91,4,4930.64,3.76,19718.8,4226.8
580,291,34,1,5835.24,4.19,5831.05,1160.05
581,292,140,2,5410.03,11.15,10808.91,1984.91
582,292,195,1,3047.63,18.12,3029.51,896.51
583,293,179,3,4824.55,6.93,14466.72,4830.72
584,293,85,4,4281.36,7.53,17117.91,4185.91
585,294,182,3,3177.71,1.6,9531.53,1512.53
586,294,43,2,2515.73,6.77,5024.69,904.69
587,295,170,4,250.43,8.66,993.06,189.06
588,296,158,3,6464.49,7.8,19385.67,4448.67
589,296,156,3,6188.4,3.51,18561.69,5955.69
590,297,178,3,244.03,8.98,723.11,258.11
591,298,12,2,4572.81,1.58,9144.04,2954.04
592,299,43,4,2515.73,1.82,10061.1,1821.1
593,299,43,2,2515.73,14.92,5016.54,896.54
594,299,54,4,6094.37,18.89,24358.59,9070.59
595,300,33,4,4863.47,18.59,19435.29,3171.29
596,300,140,4,5410.03,2.72,21637.4,3989.4
597,301,170,3,250.43,3.72,747.57,144.57
598,301,119,4,2869.36,19.63,11457.81,2489.81
599,301,39,1,552.25,10.12,542.13,98.13
600,302,144,2,4410.54,16.62,8804.46,1964.46
601,302,21,1,6119.99,8.13,6111.86,1230.86
602,303,57,3,2097.22,12.75,6278.91,1985.91
603,304,181,3,3227.71,9.61,9673.52,1990.52
604,304,109,2,3992.5,3.86,7981.14,2371.14
605,304,116,4,3021.59,12.89,12073.47,3725.47
606,305,66,3,4903.31,4.26,14705.67,2969.67
607,306,150,4,6284.22,4.37,25132.51,6940.51
608,306,199,4,7009.81,4.41,28034.83,8614.83
609,306,33,2,4863.47,11.02,9715.92,1583.92
610,307,6,3,3476.76,14.18,10416.1,1125.1
611,307,11,2,4727.45,6.62,9448.28,3134.28
612,308,134,2,3568.12,19.62,7116.62,802.62
613,308,118,1,5356.59,5.86,5350.73,1431.73
614,309,143,1,1084.42,7.19,1077.23,317.23
615,309,164,3,3449.26,7.99,10339.79,2257.79
616,310,136,4,3836.46,16.83,15329.01,1453.01
617,311,98,1,3766.26,5.94,3760.32,1048.32
618,311,132,3,198.54,14.92,580.7,124.7
619,312,59,2,1997.79,3.75,3991.83,627.83
620,312,19,2,5980.37,5.67,11955.07,3731.07
621,312,91,4,4930.64,18.36,19704.2,4212.2
622,313,169,4,6981.12,17.82,27906.66,7946.66
623,314,68,3,2309.06,11.65,6915.53,1188.53
624,314,72,2,5828.14,8.43,11647.85,2839.85
625,314,106,1,1926.7,12.72,1913.98,631.98
626,315,16,1,1573.66,2.58,1571.08,326.08
627,316,63,1,5551.59,13.88,5537.71,1778.71
628,317,128,1,2167.32,17.34,2149.98,671.98
629,317,140,2,5410.03,4.96,10815.1,1991.1
630,317,160,1,2514.92,6.41,2508.51,540.51
631,318,10,1,1249.33,18.93,1230.4,157.4
632,319,53,4,1531.38,5.6,6119.92,2203.92
633,320,104,4,1652.43,0.42,6609.3,1321.3
634,320,116,4,3021.59,3.31,12083.05,3735.05
635,321,82,4,852.5,7.32,3402.68,914.68
636,322,95,4,3093.45,13.94,12359.86,3943.86
637,322,76,3,2598.97,19.21,7777.7,2431.7
638,322,88,3,5157.4,19.53,15452.67,2156.67
639,323,83,2,4426.65,13.77,8839.53,905.53
640,323,145,1,792.87,8.86,784.01,225.01
641,324,74,1,2434.43,11.18,2423.25,667.25
642,324,42,3,2717.08,2.62,8148.62,1173.62
643,325,37,1,1522.64,18.85,1503.79,405.79
644,325,199,2,7009.81,15.5,14004.12,4294.12
645,326,81,1,5497.32,17.47,5479.85,642.85
646,326,182,2,3177.71,1.85,6353.57,1007.57
647,326,96,4,2765.79,5.91,11057.25,2981.25
648,327,16,2,1573.66,0.81,3146.51,656.51
649,328,122,4,7212.86,15.3,28836.14,10004.14
650,329,52,1,448.48,10.26,438.22,32.22
651,329,37,3,1522.64,19.02,4548.9,1254.9
652,330,93,2,278.24,3.45,553.03,97.03
653,330,44,3,2260.37,17.56,6763.55,742.55
654,330,189,2,4900.58,11.65,9789.51,1409.51
655,331,60,3,5461.59,12.88,16371.89,3408.89
656,331,6,3,3476.76,1.81,10428.47,1137.47
657,332,142,1,5775.74,7.23,5768.51,1040.51
658,333,91,4,4930.64,11.43,19711.13,4219.13
659,334,182,1,3177.71,5.65,3172.06,499.06
660,335,65,1,4404.24,2.73,4401.51,1356.51
661,335,61,2,2566.03,6.5,5125.56,1899.56
662,335,23,1,2868.81,19.1,2849.71,885.71
663,336,78,2,1600.82,5.24,3196.4,836.4
664,337,122,1,7212.86,4.04,7208.82,2500.82
665,337,176,4,3397.33,13.84,13575.48,4931.48
666,338,140,4,5410.03,1.74,21638.38,3990.38
667,338,75,2,4256.43,2.32,8510.54,2936.54
668,339,198,2,2599.54,12.38,5186.7,1350.7
669,340,53,1,1531.38,19.88,1511.5,532.5
670,340,75,3,4256.43,11.21,12758.08,4397.08
671,340,135,1,4537.82,11.12,4526.7,430.7
672,341,18,4,6294.01,13.55,25162.49,5310.49
673,341,93,2,278.24,3.77,552.71,96.71
674,341,28,1,5032.36,10.26,5022.1,1540.1
675,342,50,3,5429.37,7.85,16280.26,5711.26
676,343,53,1,1531.38,8.85,1522.53,543.53
677,343,195,4,3047.63,17.62,12172.9,3640.9
678,343,126,1,6579.87,19.83,6560.04,1950.04
679,344,179,1,4824.55,18.23,4806.32,1594.32
680,344,168,2,360.61,13.82,707.4,77.4
681,344,24,1,2037.73,17.76,2019.97,523.97
682,345,75,1,4256.43,6.42,4250.01,1463.01
683,345,29,2,6088.79,14.44,12163.14,4237.14
684,346,196,2,638.3,5.45,1271.15,347.15
685,347,95,4,3093.45,0.56,12373.24,3957.24
686,347,66,4,4903.31,15.4,19597.84,3949.84
687,347,184,4,2633.24,9.08,10523.88,2183.88
688,348,92,4,1142.9,3.04,4568.56,472.56
689,349,194,2,7044.36,2.35,14086.37,4158.37
690,349,51,4,5007.82,19.19,20012.09,6604.09
691,350,24,1,2037.73,6.31,2031.42,535.42
692,351,8,2,907.81,15.19,1800.43,396.43
693,351,98,2,3766.26,1.21,7531.31,2107.31
694,352,6,1,3476.76,6.91,3469.85,372.85
695,352,104,4,1652.43,7.94,6601.78,1313.78
696,353,36,2,5135.84,4.36,10267.32,2207.32
697,353,8,4,907.81,2.16,3629.08,821.08
698,353,134,1,3568.12,15.63,3552.49,395.49
699,354,71,1,2797.48,11.19,2786.29,897.29
700,355,56,3,4864.07,4.31,14587.9,2785.9
701,356,87,4,3417.67,5.86,13664.82,1872.82
702,356,139,2,1210.99,12.46,2409.52,631.52
703,357,120,3,1361.78,12.0,4073.34,1352.34
704,358,127,2,6494.51,2.84,12986.18,4782.18
705,358,84,2,1792.84,13.72,3571.96,1153.96
706,358,87,3,3417.67,7.12,10245.89,1401.89
707,359,55,1,6404.04,17.88,6386.16,2240.16
708,360,55,3,6404.04,10.39,19201.73,6763.73
709,361,110,4,1172.22,10.85,4678.03,1250.03
710,362,182,4,3177.71,3.91,12706.93,2014.93
711,362,163,2,2701.47,2.91,5400.03,810.03
712,362,5,1,1844.85,5.16,1839.69,642.69
713,363,113,3,5653.4,10.38,16949.82,2915.82
714,363,71,4,2797.48,14.76,11175.16,3619.16
715,364,26,4,7539.95,4.62,30155.18,10995.18
716,364,34,1,5835.24,8.01,5827.23,1156.23
717,365,89,2,454.52,11.5,897.54,325.54
718,365,10,1,1249.33,5.2,1244.13,171.13
719,366,132,1,198.54,2.22,196.32,44.32
720,367,21,3,6119.99,8.79,18351.18,3708.18
721,367,181,3,3227.71,14.23,9668.9,1985.9
722,368,19,4,5980.37,10.78,23910.7,7462.7
723,369,99,1,3956.07,17.19,3938.88,1366.88
724,369,20,1,303.07,10.33,292.74,56.74
725,370,192,1,6331.66,15.65,6316.01,1447.01
726,370,182,3,3177.71,7.58,9525.55,1506.55
727,370,67,2,3825.3,14.83,7635.77,2341.77
728,371,98,3,3766.26,18.5,11280.28,3144.28
729,372,128,4,2167.32,1.79,8667.49,2755.49
730,373,51,3,5007.82,17.55,15005.91,4949.91
731,374,176,3,3397.33,5.62,10186.37,3703.37
732,374,146,3,6386.06,13.49,19144.69,6562.69
733,374,8,1,907.81,4.62,903.19,201.19
734,375,24,4,2037.73,12.87,8138.05,2154.05
735,376,199,2,7009.81,19.13,14000.49,4290.49
736,376,97,4,6749.43,18.14,26979.58,10071.58
737,377,26,4,7539.95,14.87,30144.93,10984.93
738,377,100,2,4359.62,10.7,8708.54,1734.54
739,377,15,3,5784.26,16.75,17336.03,4274.03
740,378,150,2,6284.22,5.17,12563.27,3467.27
741,379,147,1,1363.26,8.13,1355.13,474.13
742,379,93,1,278.24,10.87,267.37,39.37
743,379,106,3,1926.7,17.12,5762.98,1916.98
744,380,62,3,2352.48,16.32,7041.12,645.12
745,381,70,2,5087.1,17.43,10156.77,3144.77
746,381,119,1,2869.36,0.31,2869.05,627.05
747,381,125,3,2559.2,14.25,7663.35,1711.35
748,382,32,3,5678.29,16.23,17018.64,3617.64
749,382,91,3,4930.64,5.7,14786.22,3167.22
750,382,110,3,1172.22,5.87,3510.79,939.79
751,383,193,4,5092.0,16.85,20351.15,2139.15
752,383,91,4,4930.64,2.61,19719.95,4227.95
753,383,129,1,1819.36,19.34,1800.02,554.02
754,384,184,1,2633.24,12.97,2620.27,535.27
755,384,70,3,5087.1,9.22,15252.08,4734.08
756,384,73,3,5457.97,11.7,16362.21,2199.21
757,385,31,4,5674.17,14.23,22682.45,5066.45
758,385,42,4,2717.08,5.57,10862.75,1562.75
759,385,156,4,6188.4,14.37,24739.23,7931.23
760,386,12,1,4572.81,1.81,4571.0,1476.0
761,386,143,1,1084.42,2.51,1081.91,321.91
762,386,73,3,5457.97,8.97,16364.94,2201.94
763,387,190,2,3100.22,0.82,6199.62,1861.62
764,387,200,3,4099.17,11.19,12286.32,2794.32
765,387,74,2,2434.43,12.51,4856.35,1344.35
766,388,81,3,5497.32,15.48,16476.48,1965.48
767,389,52,2,448.48,9.67,887.29,75.29
768,389,121,3,2267.36,17.19,6784.89,1492.89
769,389,147,1,1363.26,13.19,1350.07,469.07
770,390,107,3,5511.95,7.57,16528.28,6088.28
771,391,121,1,2267.36,16.56,2250.8,486.8
772,391,144,2,4410.54,17.67,8803.41,1963.41
773,391,17,4,1855.26,19.2,7401.84,1677.84
774,392,153,3,3013.31,1.46,9038.47,1385.47
775,392,1,4,6087.96,14.55,24337.29,8957.29
776,392,107,1,5511.95,1.52,5510.43,2030.43
777,393,66,4,4903.31,14.25,19598.99,3950.99
778,393,27,2,336.73,1.21,672.25,162.25
779,394,78,2,1600.82,14.63,3187.01,827.01
780,394,126,2,6579.87,19.19,13140.55,3920.55
781,395,133,3,1476.81,19.4,4411.03,400.03
782,395,128,4,2167.32,19.41,8649.87,2737.87
783,395,187,4,504.48,9.17,2008.75,728.75
784,396,144,1,4410.54,12.65,4397.89,977.89
785,396,45,3,4565.43,18.63,13677.66,1770.66
786,396,193,1,5092.0,11.01,5080.99,527.99
787,397,104,4,1652.43,11.44,6598.28,1310.28
788,398,105,4,4856.31,8.24,19417.0,3501.0
789,398,139,4,1210.99,7.21,4836.75,1280.75
790,398,53,2,1531.38,16.58,3046.18,1088.18
791,399,118,1,5356.59,8.2,5348.39,1429.39
792,399,172,2,5175.17,19.5,10330.84,1594.84
793,400,4,2,4963.98,13.66,9914.3,922.3
794,401,194,1,7044.36,8.94,7035.42,2071.42
795,402,134,1,3568.12,10.55,3557.57,400.57
796,402,188,4,5532.23,18.38,22110.54,7346.54
797,403,193,2,5092.0,3.28,10180.72,1074.72
798,403,193,1,5092.0,11.41,5080.59,527.59
799,404,61,3,2566.03,10.09,7688.0,2849.0
800,404,173,4,1527.03,9.83,6098.29,1150.29
801,404,113,4,5653.4,18.68,22594.92,3882.92
802,405,89,1,454.52,17.05,437.47,151.47
803,405,173,3,1527.03,16.24,4564.85,853.85
804,406,35,4,2598.33,9.42,10383.9,3191.9
805,406,71,1,2797.48,15.47,2782.01,893.01
806,407,27,4,336.73,19.96,1326.96,306.96
807,407,123,3,3078.2,0.07,9234.53,2526.53
808,407,11,2,4727.45,6.15,9448.75,3134.75
809,408,16,2,1573.66,8.75,3138.57,648.57
810,409,58,1,315.69,4.33,311.36,96.36
811,409,100,3,4359.62,6.91,13071.95,2610.95
812,409,96,4,2765.79,4.45,11058.71,2982.71
813,410,195,1,3047.63,19.98,3027.65,894.65
814,410,199,3,7009.81,15.51,21013.92,6448.92
815,410,98,2,3766.26,6.7,7525.82,2101.82
816,411,38,2,5028.62,5.44,10051.8,3387.8
817,411,123,3,3078.2,2.44,9232.16,2524.16
818,412,52,4,448.48,15.2,1778.72,154.72
819,412,7,1,5629.83,14.4,5615.43,913.43
820,412,54,4,6094.37,14.47,24363.01,9075.01
821,413,54,2,6094.37,2.72,12186.02,4542.02
822,413,56,3,4864.07,2.59,14589.62,2787.62
823,413,91,4,4930.64,3.19,19719.37,4227.37
824,414,60,4,5461.59,2.8,21843.56,4559.56
825,414,57,4,2097.22,13.48,8375.4,2651.4
826,414,193,2,5092.0,2.04,10181.96,1075.96
827,415,184,4,2633.24,16.49,10516.47,2176.47
828,416,14,1,488.44,10.86,477.58,59.58
829,416,37,2,1522.64,5.02,3040.26,844.26
830,416,53,4,1531.38,0.22,6125.3,2209.3
831,417,195,2,3047.63,13.66,6081.6,1815.6
832,418,132,2,198.54,10.67,386.41,82.41
833,418,163,1,2701.47,2.56,2698.91,403.91
834,418,141,1,3818.5,5.39,3813.11,462.11
835,419,152,3,1890.92,15.05,5657.71,1814.71
836,420,123,4,3078.2,11.43,12301.37,3357.37
837,421,168,4,360.61,5.92,1436.52,176.52
838,422,79,3,789.02,14.56,2352.5,636.5
839,422,25,3,1979.19,9.79,5927.78,1997.78
840,423,119,2,2869.36,8.7,5730.02,1246.02
841,424,183,2,3649.52,12.58,7286.46,2312.46
842,425,155,4,4794.0,10.45,19165.55,6189.55
843,425,53,3,1531.38,14.52,4579.62,1642.62
844,425,143,2,1084.42,12.71,2156.13,636.13
845,426,155,4,4794.0,12.27,19163.73,6187.73
846,427,173,2,1527.03,13.55,3040.51,566.51
847,427,96,1,2765.79,4.76,2761.03,742.03
848,427,131,3,572.86,15.15,1703.43,572.43
849,428,89,3,454.52,15.59,1347.97,489.97
850,428,187,1,504.48,2.56,501.92,181.92
851,429,112,4,650.07,12.76,2587.52,895.52
852,429,104,4,1652.43,4.46,6605.26,1317.26
853,430,121,1,2267.36,17.42,2249.94,485.94
854,430,148,4,2839.22,4.93,11351.95,4027.95
855,431,186,1,7914.83,17.81,7897.02,2946.02
856,431,136,3,3836.46,3.7,11505.68,1098.68
857,432,98,2,3766.26,3.05,7529.47,2105.47
858,432,145,4,792.87,4.84,3166.64,930.64
859,433,53,4,1531.38,4.56,6120.96,2204.96
860,433,158,3,6464.49,18.34,19375.13,4438.13
861,434,143,3,1084.42,6.41,3246.85,966.85
862,435,93,4,278.24,15.57,1097.39,185.39
863,435,51,1,5007.82,9.4,4998.42,1646.42
864,436,9,1,3616.76,2.99,3613.77,1222.77
865,437,170,2,250.43,14.73,486.13,84.13
866,438,98,4,3766.26,4.43,15060.61,4212.61
867,439,90,4,4881.97,13.14,19514.74,5218.74
868,440,181,2,3227.71,3.4,6452.02,1330.02
869,440,73,4,5457.97,5.36,21826.52,2942.52
870,440,17,4,1855.26,13.35,7407.69,1683.69
871,441,149,1,2606.01,0.67,2605.34,285.34
872,442,133,4,1476.81,7.93,5899.31,551.31
873,442,6,4,3476.76,4.16,13902.88,1514.88
874,442,40,4,5316.39,6.19,21259.37,6367.37
875,443,199,2,7009.81,13.29,14006.33,4296.33
876,443,158,3,6464.49,12.6,19380.87,4443.87
877,444,111,1,2962.45,15.74,2946.71,647.71
878,444,6,2,3476.76,9.91,6943.61,749.61
879,445,198,3,2599.54,12.77,7785.85,2031.85
880,445,4,3,4963.98,7.0,14884.94,1396.94
881,446,184,3,2633.24,8.37,7891.35,1636.35
882,447,66,4,4903.31,15.86,19597.38,3949.38
883,447,60,4,5461.59,15.36,21831.0,4547.0
884,448,198,3,2599.54,2.62,7796.0,2042.0
885,448,8,3,907.81,7.78,2715.65,609.65
886,448,23,2,2868.81,8.85,5728.77,1800.77
887,449,190,4,3100.22,8.85,12392.03,3716.03
888,449,193,2,5092.0,19.53,10164.47,1058.47
889,450,91,1,4930.64,12.12,4918.52,1045.52
890,450,82,2,852.5,10.07,1694.93,450.93
891,451,83,1,4426.65,3.0,4423.65,456.65
892,451,147,4,1363.26,5.61,5447.43,1923.43
893,451,164,2,3449.26,5.3,6893.22,1505.22
894,452,92,3,1142.9,10.57,3418.13,346.13
895,453,29,2,6088.79,16.4,12161.18,4235.18
896,454,9,2,3616.76,10.09,7223.43,2441.43
897,454,134,1,3568.12,4.19,3563.93,406.93
898,455,160,3,2514.92,7.64,7537.12,1633.12
899,455,77,1,5661.33,4.24,5657.09,1377.09
900,456,71,4,2797.48,8.61,11181.31,3625.31
901,456,32,1,5678.29,8.52,5669.77,1202.77
902,457,87,1,3417.67,19.7,3397.97,449.97
903,458,175,4,4435.81,13.98,17729.26,3533.26
904,458,142,4,5775.74,14.2,23088.76,4176.76
905,458,180,1,3738.11,12.77,3725.34,883.34
906,459,11,3,4727.45,2.45,14179.9,4708.9
907,460,56,2,4864.07,7.46,9720.68,1852.68
908,461,183,4,3649.52,0.03,14598.05,4650.05
909,461,132,3,198.54,6.31,589.31,133.31
910,462,43,3,2515.73,15.71,7531.48,1351.48
911,463,3,1,7696.6,19.83,7676.77,2682.77
912,463,18,2,6294.01,17.11,12570.91,2644.91
913,463,120,1,1361.78,19.26,1342.52,435.52
914,464,144,1,4410.54,7.7,4402.84,982.84
915,464,24,3,2037.73,12.15,6101.04,1613.04
916,465,49,4,5840.98,12.51,23351.41,4139.41
917,466,92,3,1142.9,2.42,3426.28,354.28
918,467,152,2,1890.92,16.67,3765.17,1203.17
919,467,137,4,7130.26,1.63,28519.41,10567.41
920,467,170,4,250.43,1.54,1000.18,196.18
921,468,165,3,3471.22,12.21,10401.45,2526.45
922,469,182,2,3177.71,15.02,6340.4,994.4
923,470,184,3,2633.24,0.35,7899.37,1644.37
924,470,180,1,3738.11,12.0,3726.11,884.11
925,470,152,2,1890.92,4.15,3777.69,1215.69
926,471,72,3,5828.14,3.26,17481.16,4269.16
927,472,198,3,2599.54,0.83,7797.79,2043.79
928,472,55,4,6404.04,17.46,25598.7,9014.7
929,472,121,4,2267.36,7.26,9062.18,2006.18
930,473,40,4,5316.39,5.1,21260.46,6368.46
931,473,103,1,5536.18,1.37,5534.81,1138.81
932,474,107,2,5511.95,14.42,11009.48,4049.48
933,475,100,3,4359.62,18.86,13060.0,2599.0
934,476,173,1,1527.03,3.36,1523.67,286.67
935,476,111,1,2962.45,16.63,2945.82,646.82
936,477,32,2,5678.29,17.27,11339.31,2405.31
937,478,174,2,1465.47,3.91,2927.03,337.03
938,479,150,4,6284.22,11.62,25125.26,6933.26
939,479,16,4,1573.66,15.76,6278.88,1298.88
940,480,170,3,250.43,12.0,739.29,136.29
941,480,177,1,2260.51,16.92,2243.59,542.59
942,481,100,1,4359.62,11.41,4348.21,861.21
943,481,141,1,3818.5,19.34,3799.16,448.16
944,481,89,2,454.52,1.78,907.26,335.26
945,482,56,4,4864.07,0.12,19456.16,3720.16
946,483,199,1,7009.81,18.83,6990.98,2135.98
947,483,197,1,4180.68,5.06,4175.62,549.62
948,484,11,1,4727.45,13.84,4713.61,1556.61
949,484,27,3,336.73,0.76,1009.43,244.43
950,485,70,4,5087.1,11.28,20337.12,6313.12
951,486,91,1,4930.64,16.4,4914.24,1041.24
952,486,175,3,4435.81,16.57,13290.86,2643.86
953,486,9,4,3616.76,16.55,14450.49,4886.49
954,487,68,3,2309.06,7.97,6919.21,1192.21
955,487,57,3,2097.22,11.43,6280.23,1987.23
956,488,37,3,1522.64,1.56,4566.36,1272.36
957,488,159,1,3489.26,5.81,3483.45,1144.45
958,489,114,4,4077.29,3.58,16305.58,5973.58
959,489,173,3,1527.03,9.08,4572.01,861.01
960,489,155,1,4794.0,17.56,4776.44,1532.44
961,490,12,1,4572.81,7.81,4565.0,1470.0
962,491,127,2,6494.51,10.49,12978.53,4774.53
963,491,32,4,5678.29,19.78,22693.38,4825.38
964,492,133,3,1476.81,11.65,4418.78,407.78
965,492,176,4,3397.33,2.59,13586.73,4942.73
966,493,22,1,4915.03,15.17,4899.86,912.86
967,493,197,4,4180.68,8.71,16714.01,2210.01
968,494,153,2,3013.31,5.4,6021.22,919.22
969,494,141,4,3818.5,9.66,15264.34,1860.34
970,495,95,4,3093.45,3.15,12370.65,3954.65
971,495,126,3,6579.87,0.9,19738.71,5908.71
972,496,128,2,2167.32,4.13,4330.51,1374.51
973,496,38,3,5028.62,2.96,15082.9,5086.9
974,497,88,2,5157.4,6.83,10307.97,1443.97
975,498,1,3,6087.96,14.9,18248.98,6713.98
976,499,80,4,4102.63,17.57,16392.95,3020.95
977,499,28,3,5032.36,19.12,15077.96,4631.96
978,499,198,2,2599.54,0.17,5198.91,1362.91
979,500,59,3,1997.79,3.98,5989.39,943.39
980,500,185,1,3574.96,10.3,3564.66,474.66
981,500,106,1,1926.7,6.59,1920.11,638.11
982,501,59,3,1997.79,13.28,5980.09,934.09
983,501,33,1,4863.47,0.13,4863.34,797.34
984,501,38,3,5028.62,18.33,15067.53,5071.53
985,502,186,1,7914.83,15.86,7898.97,2947.97
986,503,165,1,3471.22,5.62,3465.6,840.6
987,503,138,4,5451.69,10.24,21796.52,7288.52
988,503,51,4,5007.82,17.52,20013.76,6605.76
989,504,39,3,552.25,0.9,1655.85,323.85
990,504,30,4,5234.76,18.61,20920.43,3524.43
991,504,24,2,2037.73,9.84,4065.62,1073.62
992,505,191,1,933.8,10.04,923.76,218.76
993,505,11,4,4727.45,3.01,18906.79,6278.79
994,505,105,3,4856.31,19.87,14549.06,2612.06
995,506,194,4,7044.36,16.22,28161.22,8305.22
996,506,93,4,278.24,9.03,1103.93,191.93
997,506,89,2,454.52,8.34,900.7,328.7
998,507,129,2,1819.36,3.91,3634.81,1142.81
999,507,127,2,6494.51,6.29,12982.73,4778.73
1000,508,33,3,4863.47,4.05,14586.36,2388.36
1001,509,135,2,4537.82,11.07,9064.57,872.57
1002,509,64,3,7118.68,6.73,21349.31,6736.31
1003,510,135,2,4537.82,10.22,9065.42,873.42
1004,510,2,3,3361.74,8.83,10076.39,1106.39
1005,510,98,4,3766.26,14.17,15050.87,4202.87
1006,511,140,4,5410.03,5.98,21634.14,3986.14
1007,511,129,4,1819.36,1.58,7275.86,2291.86
1008,511,15,4,5784.26,6.27,23130.77,5714.77
1009,512,184,4,2633.24,11.11,10521.85,2181.85
1010,513,96,2,2765.79,7.92,5523.66,1485.66
1011,514,9,4,3616.76,16.83,14450.21,4886.21
1012,514,22,3,4915.03,15.81,14729.28,2768.28
1013,514,1,1,6087.96,0.3,6087.66,2242.66
1014,515,74,3,2434.43,2.85,7300.44,2032.44
1015,515,153,4,3013.31,18.63,12034.61,1830.61
1016,516,80,3,4102.63,18.63,12289.26,2260.26
1017,516,153,4,3013.31,1.93,12051.31,1847.31
1018,517,59,2,1997.79,16.37,3979.21,615.21
1019,517,149,4,2606.01,3.29,10420.75,1140.75
1020,518,120,1,1361.78,1.84,1359.94,452.94
1021,518,192,2,6331.66,15.84,12647.48,2909.48
1022,518,76,3,2598.97,12.0,7784.91,2438.91
1023,519,183,3,3649.52,16.27,10932.29,3471.29
1024,519,161,1,2333.99,14.67,2319.32,698.32
1025,519,24,4,2037.73,10.23,8140.69,2156.69
1026,520,34,1,5835.24,7.33,5827.91,1156.91
1027,520,128,3,2167.32,4.35,6497.61,2063.61
1028,520,57,2,2097.22,9.82,4184.62,1322.62
1029,521,54,2,6094.37,2.35,12186.39,4542.39
1030,522,155,3,4794.0,5.28,14376.72,4644.72
1031,523,4,3,4963.98,9.01,14882.93,1394.93
1032,523,80,2,4102.63,15.95,8189.31,1503.31
1033,524,118,4,5356.59,14.46,21411.9,5735.9
1034,524,2,4,3361.74,0.36,13446.6,1486.6
1035,525,196,3,638.3,8.04,1906.86,520.86
1036,525,116,4,3021.59,19.25,12067.11,3719.11
1037,526,40,1,5316.39,17.31,5299.08,1576.08
1038,526,176,2,3397.33,2.42,6792.24,2470.24
1039,526,55,4,6404.04,17.3,25598.86,9014.86
1040,527,143,3,1084.42,15.25,3238.01,958.01
1041,527,67,2,3825.3,11.97,7638.63,2344.63
1042,528,77,3,5661.33,12.88,16971.11,4131.11
1043,529,146,2,6386.06,13.25,12758.87,4370.87
1044,529,103,4,5536.18,13.2,22131.52,4547.52
1045,530,140,3,5410.03,19.77,16210.32,2974.32
1046,530,52,3,448.48,13.07,1332.37,114.37
1047,531,134,3,3568.12,11.57,10692.79,1221.79
1048,531,24,1,2037.73,19.33,2018.4,522.4
1049,532,90,1,4881.97,3.08,4878.89,1304.89
1050,532,31,1,5674.17,17.46,5656.71,1252.71
1051,533,143,1,1084.42,9.48,1074.94,314.94
1052,533,79,2,789.02,15.79,1562.25,418.25
1053,534,25,1,1979.19,13.79,1965.4,655.4
1054,534,149,3,2606.01,18.51,7799.52,839.52
1055,534,142,3,5775.74,11.45,17315.77,3131.77
1056,535,160,2,2514.92,9.99,5019.85,1083.85
1057,536,54,4,6094.37,3.87,24373.61,9085.61
1058,537,148,4,2839.22,3.55,11353.33,4029.33
1059,537,110,4,1172.22,9.52,4679.36,1251.36
1060,538,93,4,278.24,1.44,1111.52,199.52
1061,539,23,4,2868.81,5.14,11470.1,3614.1
1062,539,150,3,6284.22,4.4,18848.26,5204.26
1063,540,7,3,5629.83,3.58,16885.91,2779.91
1064,540,34,2,5835.24,4.01,11666.47,2324.47
1065,540,174,4,1465.47,16.99,5844.89,664.89
1066,541,9,1,3616.76,1.5,3615.26,1224.26
1067,542,86,3,1091.11,10.51,3262.82,991.82
1068,543,47,2,5349.54,8.25,10690.83,2698.83
1069,543,159,2,3489.26,15.16,6963.36,2285.36
1070,544,155,1,4794.0,1.74,4792.26,1548.26
1071,544,135,4,4537.82,1.94,18149.34,1765.34
1072,544,199,3,7009.81,16.51,21012.92,6447.92
1073,545,80,1,4102.63,6.85,4095.78,752.78
1074,546,136,1,3836.46,7.63,3828.83,359.83
1075,547,98,4,3766.26,13.33,15051.71,4203.71
1076,547,47,1,5349.54,11.68,5337.86,1341.86
1077,547,12,2,4572.81,15.23,9130.39,2940.39
1078,548,79,2,789.02,13.49,1564.55,420.55
1079,548,131,4,572.86,11.35,2280.09,772.09
1080,549,69,3,1797.42,12.41,5379.85,1317.85
1081,550,193,3,5092.0,7.24,15268.76,1609.76
1082,550,159,2,3489.26,3.14,6975.38,2297.38
1083,550,120,1,1361.78,2.37,1359.41,452.41
1084,551,174,1,1465.47,16.67,1448.8,153.8
1085,551,128,2,2167.32,12.51,4322.13,1366.13
1086,552,2,4,3361.74,10.16,13436.8,1476.8
1087,552,142,4,5775.74,15.09,23087.87,4175.87
1088,553,88,4,5157.4,4.01,20625.59,2897.59
1089,553,97,4,6749.43,17.24,26980.48,10072.48
1090,553,152,3,1890.92,16.59,5656.17,1813.17
1091,554,106,3,1926.7,5.43,5774.67,1928.67
1092,555,98,2,3766.26,3.01,7529.51,2105.51
1093,556,169,4,6981.12,17.7,27906.78,7946.78
1094,556,90,4,4881.97,16.17,19511.71,5215.71
1095,557,86,4,1091.11,13.12,4351.32,1323.32
1096,557,159,3,3489.26,16.39,10451.39,3434.39
1097,557,114,1,4077.29,6.98,4070.31,1487.31
1098,558,62,3,2352.48,17.07,7040.37,644.37
1099,558,82,1,852.5,14.34,838.16,216.16
1100,558,7,3,5629.83,4.83,16884.66,2778.66
1101,559,166,1,1355.22,11.18,1344.04,159.04
1102,559,192,4,6331.66,6.3,25320.34,5844.34
1103,559,160,3,2514.92,6.66,7538.1,1634.1
1104,560,90,3,4881.97,11.08,14634.83,3912.83
1105,560,198,4,2599.54,10.5,10387.66,2715.66
1106,561,56,2,4864.07,14.59,9713.55,1845.55
1107,561,104,2,1652.43,3.73,3301.13,657.13
1108,561,64,4,7118.68,12.02,28462.7,8978.7
1109,562,135,1,4537.82,13.93,4523.89,427.89
1110,562,200,1,4099.17,9.49,4089.68,925.68
1111,562,15,3,5784.26,1.75,17351.03,4289.03
1112,563,56,2,4864.07,16.22,9711.92,1843.92
1113,563,8,3,907.81,2.07,2721.36,615.36
1114,564,105,3,4856.31,10.33,14558.6,2621.6
1115,565,162,4,3776.05,4.12,15100.08,5024.08
1116,565,102,4,6271.36,5.62,25079.82,6467.82
1117,566,101,4,7616.13,14.91,30449.61,10665.61
1118,566,35,4,2598.33,3.93,10389.39,3197.39
1119,566,159,4,3489.26,5.29,13951.75,4595.75
1120,567,14,3,488.44,16.36,1448.96,194.96
1121,568,6,2,3476.76,12.57,6940.95,746.95
1122,569,137,1,7130.26,13.64,7116.62,2628.62
1123,569,30,4,5234.76,5.98,20933.06,3537.06
1124,570,119,4,2869.36,11.32,11466.12,2498.12
1125,570,133,2,1476.81,19.92,2933.7,259.7
1126,570,6,4,3476.76,1.74,13905.3,1517.3
1127,571,115,3,2618.2,5.39,7849.21,2881.21
1128,571,136,2,3836.46,17.1,7655.82,717.82
1129,572,172,2,5175.17,8.2,10342.14,1606.14
1130,572,120,1,1361.78,14.52,1347.26,440.26
1131,573,86,4,1091.11,15.12,4349.32,1321.32
1132,573,22,1,4915.03,18.83,4896.2,909.2
1133,574,185,4,3574.96,18.45,14281.39,1921.39
1134,575,29,2,6088.79,3.75,12173.83,4247.83
1135,575,94,3,5544.85,19.2,16615.35,1720.35
1136,575,189,2,4900.58,18.18,9782.98,1402.98
1137,576,129,4,1819.36,0.18,7277.26,2293.26
1138,576,130,1,7243.63,9.79,7233.84,2692.84
1139,577,161,4,2333.99,16.9,9319.06,2835.06
1140,578,110,3,1172.22,0.82,3515.84,944.84
1141,579,136,2,3836.46,15.23,7657.69,719.69
1142,579,78,4,1600.82,10.62,6392.66,1672.66
1143,580,3,2,7696.6,5.09,15388.11,5400.11
1144,581,119,2,2869.36,8.66,5730.06,1246.06
1145,581,169,3,6981.12,13.8,20929.56,5959.56
1146,582,68,2,2309.06,9.58,4608.54,790.54
1147,582,158,1,6464.49,3.78,6460.71,1481.71
1148,583,130,2,7243.63,15.84,14471.42,5389.42
1149,583,66,2,4903.31,14.79,9791.83,1967.83
1150,583,127,3,6494.51,14.92,19468.61,7162.61
1151,584,67,3,3825.3,17.78,11458.12,3517.12
1152,584,169,3,6981.12,19.93,20923.43,5953.43
1153,585,52,2,448.48,19.43,877.53,65.53
1154,586,96,4,2765.79,0.1,11063.06,2987.06
1155,586,88,2,5157.4,8.47,10306.33,1442.33
1156,586,14,1,488.44,14.86,473.58,55.58
1157,587,10,2,1249.33,12.14,2486.52,340.52
1158,587,160,4,2514.92,7.62,10052.06,2180.06
1159,587,154,2,4728.41,18.21,9438.61,2864.61
1160,588,91,3,4930.64,19.38,14772.54,3153.54
1161,588,8,4,907.81,11.94,3619.3,811.3
1162,589,71,1,2797.48,16.09,2781.39,892.39
1163,589,54,2,6094.37,0.52,12188.22,4544.22
1164,590,156,3,6188.4,4.3,18560.9,5954.9
1165,590,84,1,1792.84,0.44,1792.4,583.4
1166,590,21,2,6119.99,14.0,12225.98,2463.98
1167,591,99,2,3956.07,16.15,7895.99,2751.99
1168,591,136,1,3836.46,15.64,3820.82,351.82
1169,591,61,1,2566.03,18.19,2547.84,934.84
1170,592,74,4,2434.43,4.35,9733.37,2709.37
1171,592,114,4,4077.29,12.0,16297.16,5965.16
1172,592,151,2,2964.55,5.42,5923.68,571.68
1173,593,175,3,4435.81,4.73,13302.7,2655.7
1174,593,96,1,2765.79,10.72,2755.07,736.07
1175,593,174,2,1465.47,15.29,2915.65,325.65
1176,594,71,2,2797.48,11.74,5583.22,1805.22
1177,594,26,3,7539.95,3.69,22616.16,8246.16
1178,595,120,4,1361.78,15.48,5431.64,1803.64
1179,595,170,1,250.43,6.73,243.7,42.7
1180,595,11,2,4727.45,1.07,9453.83,3139.83
1181,596,109,3,3992.5,16.9,11960.6,3545.6
1182,596,129,4,1819.36,7.75,7269.69,2285.69
1183,596,87,1,3417.67,16.49,3401.18,453.18
1184,597,142,3,5775.74,11.7,17315.52,3131.52
1185,597,183,3,3649.52,14.74,10933.82,3472.82
1186,597,35,3,2598.33,5.76,7789.23,2395.23
1187,598,61,3,2566.03,0.54,7697.55,2858.55
1188,599,153,3,3013.31,6.93,9033.0,1380.0
1189,599,179,2,4824.55,7.37,9641.73,3217.73
1190,600,20,1,303.07,10.16,292.91,56.91
1191,600,170,2,250.43,8.93,491.93,89.93
1192,600,77,4,5661.33,15.35,22629.97,5509.97
1193,601,127,3,6494.51,7.44,19476.09,7170.09
1194,601,95,3,3093.45,17.59,9262.76,2950.76
1195,602,132,4,198.54,2.97,791.19,183.19
1196,603,64,4,7118.68,11.92,28462.8,8978.8
1197,603,5,4,1844.85,1.24,7378.16,2590.16
1198,603,85,3,4281.36,12.0,12832.08,3133.08
1199,604,146,4,6386.06,9.24,25535.0,8759.0
1200,604,185,1,3574.96,8.73,3566.23,476.23
1201,605,145,3,792.87,15.76,2362.85,685.85
1202,605,126,1,6579.87,3.08,6576.79,1966.79
1203,605,57,3,2097.22,18.03,6273.63,1980.63
1204,606,111,4,2962.45,5.27,11844.53,2648.53
1205,606,6,4,3476.76,6.02,13901.02,1513.02
1206,607,126,2,6579.87,13.59,13146.15,3926.15
1207,608,17,3,1855.26,16.34,5549.44,1256.44
1208,609,161,2,2333.99,5.53,4662.45,1420.45
1209,609,164,1,3449.26,1.12,3448.14,754.14
1210,609,94,3,5544.85,11.11,16623.44,1728.44
1211,610,92,3,1142.9,17.75,3410.95,338.95
1212,610,112,2,650.07,19.16,1280.98,434.98
1213,611,170,2,250.43,4.07,496.79,94.79
1214,611,169,4,6981.12,13.99,27910.49,7950.49
1215,611,107,4,5511.95,10.18,22037.62,8117.62
1216,612,92,1,1142.9,6.03,1136.87,112.87
1217,612,149,1,2606.01,0.6,2605.41,285.41
1218,612,184,1,2633.24,5.87,2627.37,542.37
1219,613,95,3,3093.45,13.61,9266.74,2954.74
1220,614,24,4,2037.73,11.66,8139.26,2155.26
1221,615,99,1,3956.07,15.57,3940.5,1368.5
1222,615,63,1,5551.59,13.36,5538.23,1779.23
1223,615,135,3,4537.82,12.92,13600.54,1312.54
1224,616,9,3,3616.76,7.44,10842.84,3669.84
1225,617,153,1,3013.31,1.86,3011.45,460.45
1226,618,45,1,4565.43,3.24,4562.19,593.19
1227,619,157,2,1186.69,13.72,2359.66,559.66
1228,620,56,4,4864.07,4.86,19451.42,3715.42
1229,620,48,1,3393.83,13.31,3380.52,649.52
1230,620,140,4,5410.03,10.38,21629.74,3981.74
1231,621,144,2,4410.54,10.56,8810.52,1970.52
1232,622,134,1,3568.12,15.05,3553.07,396.07
1233,622,116,4,3021.59,8.08,12078.28,3730.28
1234,623,35,1,2598.33,10.87,2587.46,789.46
1235,623,180,1,3738.11,3.71,3734.4,892.4
1236,624,112,3,650.07,9.61,1940.6,671.6
1237,624,106,3,1926.7,5.5,5774.6,1928.6
1238,625,166,2,1355.22,15.33,2695.11,325.11
1239,625,195,4,3047.63,11.99,12178.53,3646.53
1240,626,114,3,4077.29,10.37,12221.5,4472.5
1241,627,122,4,7212.86,16.5,28834.94,10002.94
1242,627,157,2,1186.69,6.22,2367.16,567.16
1243,627,170,1,250.43,6.12,244.31,43.31
1244,628,157,2,1186.69,19.66,2353.72,553.72
1245,628,181,3,3227.71,4.99,9678.14,1995.14
1246,629,112,4,650.07,6.22,2594.06,902.06
1247,629,158,3,6464.49,0.2,19393.27,4456.27
1248,630,150,1,6284.22,16.94,6267.28,1719.28
1249,630,97,3,6749.43,15.31,20232.98,7551.98
1250,631,108,1,1550.46,19.17,1531.29,333.29
1251,631,138,2,5451.69,16.8,10886.58,3632.58
1252,632,63,2,5551.59,5.33,11097.85,3579.85
1253,633,48,1,3393.83,4.53,3389.3,658.3
1254,634,181,3,3227.71,1.06,9682.07,1999.07
1255,634,183,1,3649.52,4.08,3645.44,1158.44
1256,635,181,3,3227.71,9.92,9673.21,1990.21
1257,635,68,3,2309.06,6.56,6920.62,1193.62
1258,636,173,4,1527.03,13.25,6094.87,1146.87
1259,636,171,3,7270.84,16.51,21796.01,7747.01
1260,637,144,1,4410.54,1.08,4409.46,989.46
1261,637,18,2,6294.01,18.33,12569.69,2643.69
1262,638,167,4,6421.3,5.22,25679.98,7031.98
1263,638,155,3,4794.0,4.3,14377.7,4645.7
1264,639,43,4,2515.73,0.73,10062.19,1822.19
1265,640,112,3,650.07,3.86,1946.35,677.35
1266,640,65,2,4404.24,0.85,8807.63,2717.63
1267,641,176,4,3397.33,8.86,13580.46,4936.46
1268,642,95,2,3093.45,1.01,6185.89,1977.89
1269,643,148,1,2839.22,11.43,2827.79,996.79
1270,643,172,1,5175.17,16.09,5159.08,791.08
1271,643,161,1,2333.99,4.71,2329.28,708.28
1272,644,82,1,852.5,10.87,841.63,219.63
1273,644,49,2,5840.98,16.66,11665.3,2059.3
1274,644,129,4,1819.36,17.98,7259.46,2275.46
1275,645,48,4,3393.83,13.43,13561.89,2637.89
1276,646,200,3,4099.17,2.58,12294.93,2802.93
1277,647,1,4,6087.96,0.81,24351.03,8971.03
1278,648,158,1,6464.49,14.73,6449.76,1470.76
1279,648,10,3,1249.33,3.02,3744.97,525.97
1280,648,136,3,3836.46,6.99,11502.39,1095.39
1281,649,200,3,4099.17,11.61,12285.9,2793.9
1282,649,93,1,278.24,6.68,271.56,43.56
1283,649,5,2,1844.85,7.03,3682.67,1288.67
1284,650,29,3,6088.79,4.31,18262.06,6373.06
1285,651,50,1,5429.37,6.24,5423.13,1900.13
1286,651,161,4,2333.99,9.58,9326.38,2842.38
1287,651,185,3,3574.96,2.47,10722.41,1452.41
1288,652,3,2,7696.6,17.94,15375.26,5387.26
1289,653,103,4,5536.18,5.75,22138.97,4554.97
1290,654,118,1,5356.59,5.65,5350.94,1431.94
1291,655,12,3,4572.81,4.92,13713.51,4428.51
1292,656,73,2,5457.97,16.0,10899.94,1457.94
1293,656,109,4,3992.5,7.03,15962.97,4742.97
1294,657,57,2,2097.22,8.03,4186.41,1324.41
1295,658,87,1,3417.67,8.37,3409.3,461.3
1296,658,117,3,2834.64,6.64,8497.28,2317.28
1297,659,36,1,5135.84,13.49,5122.35,1092.35
1298,659,122,1,7212.86,2.88,7209.98,2501.98
1299,660,2,1,3361.74,17.79,3343.95,353.95
1300,661,176,4,3397.33,11.0,13578.32,4934.32
1301,661,149,1,2606.01,6.38,2599.63,279.63
1302,661,198,1,2599.54,19.43,2580.11,662.11
1303,662,24,4,2037.73,9.07,8141.85,2157.85
1304,662,52,2,448.48,19.44,877.52,65.52
1305,662,49,2,5840.98,15.2,11666.76,2060.76
1306,663,162,3,3776.05,5.45,11322.7,3765.7
1307,664,180,3,3738.11,19.37,11194.96,2668.96
1308,664,108,3,1550.46,9.46,4641.92,1047.92
1309,664,114,3,4077.29,3.77,12228.1,4479.1
1310,665,136,2,3836.46,0.64,7672.28,734.28
1311,665,102,3,6271.36,8.25,18805.83,4846.83
1312,665,86,3,1091.11,14.78,3258.55,987.55
1313,666,185,1,3574.96,6.09,3568.87,478.87
1314,667,17,3,1855.26,14.2,5551.58,1258.58
1315,667,9,3,3616.76,1.97,10848.31,3675.31
1316,667,49,3,5840.98,7.83,17515.11,3106.11
1317,668,58,4,315.69,4.06,1258.7,398.7
1318,669,124,3,4391.54,14.0,13160.62,2600.62
1319,669,180,1,3738.11,0.06,3738.05,896.05
1320,670,31,4,5674.17,15.42,22681.26,5065.26
1321,670,116,4,3021.59,0.66,12085.7,3737.7
1322,671,119,1,2869.36,16.57,2852.79,610.79
1323,672,16,1,1573.66,16.38,1557.28,312.28
1324,672,180,2,3738.11,11.04,7465.18,1781.18
1325,673,55,4,6404.04,1.85,25614.31,9030.31
1326,674,96,4,2765.79,10.58,11052.58,2976.58
1327,674,155,4,4794.0,7.5,19168.5,6192.5
1328,674,25,4,1979.19,19.04,7897.72,2657.72
1329,675,199,2,7009.81,0.61,14019.01,4309.01
1330,675,15,3,5784.26,14.42,17338.36,4276.36
1331,675,151,1,2964.55,15.49,2949.06,273.06
1332,676,49,2,5840.98,14.35,11667.61,2061.61
1333,676,151,2,2964.55,19.9,5909.2,557.2
1334,676,165,4,3471.22,0.56,13884.32,3384.32
1335,677,186,3,7914.83,0.86,23743.63,8890.63
1336,677,184,3,2633.24,18.56,7881.16,1626.16
1337,678,190,3,3100.22,11.42,9289.24,2782.24
1338,679,120,1,1361.78,13.28,1348.5,441.5
1339,679,98,3,3766.26,0.13,11298.65,3162.65
1340,680,4,4,4963.98,10.76,19845.16,1861.16
1341,681,38,2,5028.62,9.0,10048.24,3384.24
1342,681,41,4,2657.03,0.52,10627.6,3607.6
1343,682,169,4,6981.12,15.75,27908.73,7948.73
1344,682,17,1,1855.26,11.22,1844.04,413.04
1345,682,6,1,3476.76,0.53,3476.23,379.23
1346,683,112,1,650.07,11.75,638.32,215.32
1347,684,147,1,1363.26,16.29,1346.97,465.97
1348,684,120,1,1361.78,0.98,1360.8,453.8
1349,685,128,4,2167.32,13.34,8655.94,2743.94
1350,686,172,4,5175.17,9.3,20691.38,3219.38
1351,686,127,1,6494.51,1.69,6492.82,2390.82
1352,687,35,4,2598.33,10.13,10383.19,3191.19
1353,687,26,1,7539.95,11.26,7528.69,2738.69
1354,688,198,4,2599.54,6.12,10392.04,2720.04
1355,688,126,4,6579.87,4.05,26315.43,7875.43
1356,688,153,3,3013.31,7.81,9032.12,1379.12
1357,689,29,2,6088.79,2.99,12174.59,4248.59
1358,689,31,2,5674.17,7.37,11340.97,2532.97
1359,689,187,4,504.48,15.94,2001.98,721.98
1360,690,157,2,1186.69,7.03,2366.35,566.35
1361,690,92,1,1142.9,8.49,1134.41,110.41
1362,690,185,4,3574.96,12.78,14287.06,1927.06
1363,691,31,2,5674.17,14.62,11333.72,2525.72
1364,691,128,3,2167.32,10.19,6491.77,2057.77
1365,691,73,4,5457.97,9.02,21822.86,2938.86
1366,692,160,3,2514.92,13.09,7531.67,1627.67
1367,692,138,2,5451.69,7.46,10895.92,3641.92
1368,692,152,4,1890.92,15.03,7548.65,2424.65
1369,693,198,1,2599.54,16.85,2582.69,664.69
1370,694,179,4,4824.55,17.84,19280.36,6432.36
1371,695,32,2,5678.29,7.63,11348.95,2414.95
1372,695,148,1,2839.22,11.37,2827.85,996.85
1373,695,148,2,2839.22,4.22,5674.22,2012.22
1374,696,55,1,6404.04,4.91,6399.13,2253.13
1375,697,56,1,4864.07,6.42,4857.65,923.65
1376,697,34,4,5835.24,7.48,23333.48,4649.48
1377,697,85,2,4281.36,8.47,8554.25,2088.25
1378,698,154,3,4728.41,15.51,14169.72,4308.72
1379,699,123,1,3078.2,2.27,3075.93,839.93
1380,699,104,2,1652.43,5.81,3299.05,655.05
1381,700,60,2,5461.59,16.01,10907.17,2265.17
1382,700,57,1,2097.22,8.81,2088.41,657.41
1383,701,86,1,1091.11,15.86,1075.25,318.25
1384,701,71,4,2797.48,7.47,11182.45,3626.45
1385,702,15,3,5784.26,6.51,17346.27,4284.27
1386,702,170,4,250.43,14.5,987.22,183.22
1387,702,145,1,792.87,9.17,783.7,224.7
1388,703,172,3,5175.17,4.23,15521.28,2417.28
1389,704,90,2,4881.97,10.06,9753.88,2605.88
1390,705,177,3,2260.51,9.9,6771.63,1668.63
1391,706,37,4,1522.64,3.16,6087.4,1695.4
1392,706,132,1,198.54,14.66,183.88,31.88
1393,706,152,3,1890.92,9.01,5663.75,1820.75
1394,707,48,3,3393.83,3.94,10177.55,1984.55
1395,707,105,4,4856.31,17.8,19407.44,3491.44
1396,708,134,3,3568.12,6.49,10697.87,1226.87
1397,709,59,3,1997.79,5.32,5988.05,942.05
1398,709,184,1,2633.24,0.31,2632.93,547.93
1399,710,200,4,4099.17,5.21,16391.47,3735.47
1400,710,72,2,5828.14,2.29,11653.99,2845.99
1401,711,135,1,4537.82,10.1,4527.72,431.72
1402,712,107,1,5511.95,4.28,5507.67,2027.67
1403,712,161,2,2333.99,7.39,4660.59,1418.59
1404,712,83,2,4426.65,10.57,8842.73,908.73
1405,713,20,1,303.07,1.78,301.29,65.29
1406,713,10,2,1249.33,5.99,2492.67,346.67
1407,713,14,1,488.44,17.41,471.03,53.03
1408,714,176,2,3397.33,7.69,6786.97,2464.97
1409,714,86,3,1091.11,5.68,3267.65,996.65
1410,715,46,1,7321.91,16.61,7305.3,2697.3
1411,716,100,2,4359.62,2.88,8716.36,1742.36
1412,716,73,1,5457.97,9.8,5448.17,727.17
1413,717,64,3,7118.68,4.58,21351.46,6738.46
1414,717,16,3,1573.66,16.66,4704.32,969.32
1415,718,13,1,5553.96,8.34,5545.62,1275.62
1416,718,64,1,7118.68,1.03,7117.65,2246.65
1417,718,199,3,7009.81,2.17,21027.26,6462.26
1418,719,20,3,303.07,12.65,896.56,188.56
1419,720,46,1,7321.91,18.25,7303.66,2695.66
1420,720,163,1,2701.47,9.75,2691.72,396.72
1421,720,99,1,3956.07,18.11,3937.96,1365.96
1422,721,171,1,7270.84,10.58,7260.26,2577.26
1423,721,86,3,1091.11,2.44,3270.89,999.89
1424,722,112,4,650.07,7.19,2593.09,901.09
1425,723,133,3,1476.81,19.61,4410.82,399.82
1426,724,85,4,4281.36,13.93,17111.51,4179.51
1427,725,30,4,5234.76,12.94,20926.1,3530.1
1428,725,96,4,2765.79,10.98,11052.18,2976.18
1429,725,181,3,3227.71,3.55,9679.58,1996.58
1430,726,46,2,7321.91,1.71,14642.11,5426.11
1431,726,30,1,5234.76,13.01,5221.75,872.75
1432,726,150,3,6284.22,10.08,18842.58,5198.58
1433,727,2,1,3361.74,4.33,3357.41,367.41
1434,727,93,4,278.24,18.03,1094.93,182.93
1435,728,31,3,5674.17,17.09,17005.42,3793.42
1436,728,40,1,5316.39,18.12,5298.27,1575.27
1437,728,182,1,3177.71,2.16,3175.55,502.55
1438,729,39,1,552.25,12.39,539.86,95.86
1439,730,180,3,3738.11,8.72,11205.61,2679.61
1440,730,132,4,198.54,8.06,786.1,178.1
1441,731,19,2,5980.37,9.27,11951.47,3727.47
1442,731,154,1,4728.41,4.95,4723.46,1436.46
1443,731,172,3,5175.17,18.99,15506.52,2402.52
1444,732,80,3,4102.63,13.88,12294.01,2265.01
1445,732,81,2,5497.32,15.92,10978.72,1304.72
1446,733,168,1,360.61,17.85,342.76,27.76
1447,733,16,3,1573.66,17.65,4703.33,968.33
1448,733,92,4,1142.9,16.58,4555.02,459.02
1449,734,61,3,2566.03,3.66,7694.43,2855.43
1450,735,4,2,4963.98,2.95,9925.01,933.01
1451,735,189,3,4900.58,7.89,14693.85,2123.85
1452,735,123,1,3078.2,12.59,3065.61,829.61
1453,736,3,2,7696.6,6.26,15386.94,5398.94
1454,737,41,2,2657.03,10.74,5303.32,1793.32
1455,737,11,4,4727.45,9.48,18900.32,6272.32
1456,738,159,2,3489.26,13.04,6965.48,2287.48
1457,739,170,4,250.43,12.8,988.92,184.92
1458,739,110,4,1172.22,18.2,4670.68,1242.68
1459,739,139,4,1210.99,9.74,4834.22,1278.22
1460,740,115,3,2618.2,3.57,7851.03,2883.03
1461,741,14,1,488.44,4.82,483.62,65.62
1462,741,10,3,1249.33,17.09,3730.9,511.9
1463,741,173,4,1527.03,19.33,6088.79,1140.79
1464,742,36,3,5135.84,5.53,15401.99,3311.99
1465,742,75,1,4256.43,8.74,4247.69,1460.69
1466,743,152,2,1890.92,11.87,3769.97,1207.97
1467,743,112,2,650.07,11.62,1288.52,442.52
1468,743,48,2,3393.83,11.11,6776.55,1314.55
1469,744,44,2,2260.37,18.16,4502.58,488.58
1470,744,172,2,5175.17,15.54,10334.8,1598.8
1471,744,167,4,6421.3,10.32,25674.88,7026.88
1472,745,11,3,4727.45,3.61,14178.74,4707.74
1473,745,91,4,4930.64,15.47,19707.09,4215.09
1474,745,134,3,3568.12,11.58,10692.78,1221.78
1475,746,186,4,7914.83,13.63,31645.69,11841.69
1476,747,21,2,6119.99,6.37,12233.61,2471.61
1477,747,120,1,1361.78,6.92,1354.86,447.86
1478,747,168,1,360.61,9.91,350.7,35.7
1479,748,143,3,1084.42,11.33,3241.93,961.93
1480,748,157,4,1186.69,3.96,4742.8,1142.8
1481,748,97,4,6749.43,14.09,26983.63,10075.63
1482,749,61,1,2566.03,16.24,2549.79,936.79
1483,750,19,3,5980.37,11.05,17930.06,5594.06
1484,750,72,2,5828.14,3.26,11653.02,2845.02
1485,751,87,1,3417.67,3.92,3413.75,465.75
1486,751,49,1,5840.98,14.85,5826.13,1023.13
1487,752,76,1,2598.97,11.64,2587.33,805.33
1488,752,177,3,2260.51,2.19,6779.34,1676.34
1489,753,7,4,5629.83,9.96,22509.36,3701.36
1490,754,59,4,1997.79,4.59,7986.57,1258.57
1491,754,188,1,5532.23,18.86,5513.37,1822.37
1492,754,8,3,907.81,1.3,2722.13,616.13
1493,755,37,2,1522.64,5.22,3040.06,844.06
1494,756,125,4,2559.2,17.37,10219.43,2283.43
1495,756,182,2,3177.71,17.67,6337.75,991.75
1496,756,45,2,4565.43,12.67,9118.19,1180.19
1497,757,133,1,1476.81,8.83,1467.98,130.98
1498,758,160,2,2514.92,7.07,5022.77,1086.77
1499,758,173,4,1527.03,14.83,6093.29,1145.29
1500,758,82,2,852.5,19.08,1685.92,441.92
1501,759,113,3,5653.4,18.96,16941.24,2907.24
1502,760,56,1,4864.07,1.75,4862.32,928.32
1503,760,53,2,1531.38,19.81,3042.95,1084.95
1504,761,137,4,7130.26,3.24,28517.8,10565.8
1505,762,188,3,5532.23,15.63,16581.06,5508.06
1506,762,67,1,3825.3,0.54,3824.76,1177.76
1507,763,25,1,1979.19,4.87,1974.32,664.32
1508,763,141,3,3818.5,14.31,11441.19,1388.19
1509,763,12,2,4572.81,1.35,9144.27,2954.27
1510,764,181,3,3227.71,0.47,9682.66,1999.66
1511,765,35,3,2598.33,19.45,7775.54,2381.54
1512,766,141,4,3818.5,10.66,15263.34,1859.34
1513,766,162,2,3776.05,3.67,7548.43,2510.43
1514,766,146,4,6386.06,17.24,25527.0,8751.0
1515,767,171,2,7270.84,19.25,14522.43,5156.43
1516,768,80,4,4102.63,5.12,16405.4,3033.4
1517,768,79,3,789.02,2.59,2364.47,648.47
1518,768,93,1,278.24,17.42,260.82,32.82
1519,769,102,1,6271.36,1.31,6270.05,1617.05
1520,769,29,2,6088.79,2.44,12175.14,4249.14
1521,770,191,4,933.8,11.42,3723.78,903.78
1522,770,185,4,3574.96,15.2,14284.64,1924.64
1523,771,175,2,4435.81,13.58,8858.04,1760.04
1524,771,92,4,1142.9,15.1,4556.5,460.5
1525,771,119,2,2869.36,13.14,5725.58,1241.58
1526,772,182,4,3177.71,14.31,12696.53,2004.53
1527,773,126,4,6579.87,9.52,26309.96,7869.96
1528,773,95,1,3093.45,4.35,3089.1,985.1
1529,774,20,2,303.07,15.8,590.34,118.34
1530,774,22,2,4915.03,12.29,9817.77,1843.77
1531,774,42,1,2717.08,5.55,2711.53,386.53
1532,775,71,3,2797.48,2.34,8390.1,2723.1
1533,776,190,4,3100.22,18.59,12382.29,3706.29
1534,776,22,4,4915.03,16.57,19643.55,3695.55
1535,777,138,1,5451.69,9.97,5441.72,1814.72
1536,778,104,3,1652.43,14.56,4942.73,976.73
1537,778,161,1,2333.99,6.96,2327.03,706.03
1538,778,82,3,852.5,12.4,2545.1,679.1
1539,779,197,3,4180.68,4.77,12537.27,1659.27
1540,780,9,3,3616.76,18.01,10832.27,3659.27
1541,781,49,2,5840.98,11.67,11670.29,2064.29
1542,781,173,3,1527.03,5.03,4576.06,865.06
1543,781,59,3,1997.79,16.95,5976.42,930.42
1544,782,36,1,5135.84,14.78,5121.06,1091.06
1545,783,197,3,4180.68,3.94,12538.1,1660.1
1546,784,48,1,3393.83,13.74,3380.09,649.09
1547,784,175,3,4435.81,14.38,13293.05,2646.05
1548,785,82,3,852.5,5.65,2551.85,685.85
1549,785,10,4,1249.33,15.18,4982.14,690.14
1550,785,182,4,3177.71,9.12,12701.72,2009.72
1551,786,135,2,4537.82,12.89,9062.75,870.75
1552,786,35,1,2598.33,15.25,2583.08,785.08
1553,786,10,4,1249.33,15.59,4981.73,689.73
1554,787,71,1,2797.48,15.38,2782.1,893.1
1555,788,195,1,3047.63,19.74,3027.89,894.89
1556,788,76,4,2598.97,2.11,10393.77,3265.77
1557,789,126,1,6579.87,17.85,6562.02,1952.02
1558,789,6,3,3476.76,11.04,10419.24,1128.24
1559,789,21,4,6119.99,5.14,24474.82,4950.82
1560,790,33,3,4863.47,6.01,14584.4,2386.4
1561,790,128,1,2167.32,13.91,2153.41,675.41
1562,791,121,1,2267.36,2.3,2265.06,501.06
1563,791,31,4,5674.17,9.32,22687.36,5071.36
1564,792,41,3,2657.03,9.26,7961.83,2696.83
1565,793,169,3,6981.12,4.48,20938.88,5968.88
1566,793,119,2,2869.36,2.69,5736.03,1252.03
1567,794,109,4,3992.5,13.15,15956.85,4736.85
1568,794,174,1,1465.47,15.1,1450.37,155.37
1569,794,15,3,5784.26,15.96,17336.82,4274.82
1570,795,119,4,2869.36,12.49,11464.95,2496.95
1571,796,152,2,1890.92,5.22,3776.62,1214.62
1572,796,42,3,2717.08,9.34,8141.9,1166.9
1573,796,136,1,3836.46,2.11,3834.35,365.35
1574,797,16,1,1573.66,10.23,1563.43,318.43
1575,798,63,2,5551.59,4.95,11098.23,3580.23
1576,798,92,4,1142.9,16.31,4555.29,459.29
1577,799,43,4,2515.73,7.34,10055.58,1815.58
1578,800,15,1,5784.26,4.91,5779.35,1425.35
1579,800,195,4,3047.63,5.42,12185.1,3653.1
1580,801,91,4,4930.64,16.12,19706.44,4214.44
1581,802,177,3,2260.51,4.2,6777.33,1674.33
1582,803,167,2,6421.3,4.11,12838.49,3514.49
1583,804,67,1,3825.3,12.74,3812.56,1165.56
1584,804,7,2,5629.83,0.56,11259.1,1855.1
1585,805,64,4,7118.68,12.99,28461.73,8977.73
1586,806,93,2,278.24,3.53,552.95,96.95
1587,807,68,2,2309.06,12.93,4605.19,787.19
1588,807,113,2,5653.4,14.97,11291.83,1935.83
1589,808,144,3,4410.54,13.4,13218.22,2958.22
1590,809,31,1,5674.17,16.65,5657.52,1253.52
1591,809,176,3,3397.33,13.36,10178.63,3695.63
1592,810,157,3,1186.69,5.4,3554.67,854.67
1593,810,180,1,3738.11,10.68,3727.43,885.43
1594,810,85,3,4281.36,4.19,12839.89,3140.89
1595,811,138,2,5451.69,8.03,10895.35,3641.35
1596,811,165,3,3471.22,1.2,10412.46,2537.46
1597,812,149,3,2606.01,19.35,7798.68,838.68
1598,812,50,2,5429.37,3.9,10854.84,3808.84
1599,812,152,2,1890.92,16.51,3765.33,1203.33
1600,813,53,3,1531.38,17.52,4576.62,1639.62
1601,813,133,1,1476.81,6.72,1470.09,133.09
1602,813,127,3,6494.51,0.91,19482.62,7176.62
1603,814,131,1,572.86,11.72,561.14,184.14
1604,814,162,4,3776.05,16.17,15088.03,5012.03
1605,814,76,2,2598.97,7.16,5190.78,1626.78
1606,815,122,4,7212.86,9.77,28841.67,10009.67
1607,815,200,3,4099.17,11.31,12286.2,2794.2
1608,815,151,2,2964.55,0.68,5928.42,576.42
1609,816,13,4,5553.96,0.17,22215.67,5135.67
1610,817,35,4,2598.33,5.95,10387.37,3195.37
1611,817,190,4,3100.22,7.28,12393.6,3717.6
1612,817,54,4,6094.37,9.25,24368.23,9080.23
1613,818,91,3,4930.64,13.06,14778.86,3159.86
1614,818,150,1,6284.22,2.79,6281.43,1733.43
1615,818,66,1,4903.31,9.36,4893.95,981.95
1616,819,91,2,4930.64,12.06,9849.22,2103.22
1617,819,194,4,7044.36,1.21,28176.23,8320.23
1618,820,57,2,2097.22,16.85,4177.59,1315.59
1619,820,120,1,1361.78,8.81,1352.97,445.97
1620,820,35,3,2598.33,13.37,7781.62,2387.62
1621,821,181,4,3227.71,5.93,12904.91,2660.91
1622,822,199,1,7009.81,4.35,7005.46,2150.46
1623,822,167,2,6421.3,14.99,12827.61,3503.61
1624,823,77,2,5661.33,13.48,11309.18,2749.18
1625,823,136,3,3836.46,18.95,11490.43,1083.43
1626,823,118,3,5356.59,3.11,16066.66,4309.66
1627,824,24,4,2037.73,11.83,8139.09,2155.09
1628,824,107,3,5511.95,6.72,16529.13,6089.13
1629,825,179,3,4824.55,14.23,14459.42,4823.42
1630,825,117,1,2834.64,3.47,2831.17,771.17
1631,825,186,1,7914.83,9.86,7904.97,2953.97
1632,826,187,2,504.48,8.79,1000.17,360.17
1633,826,59,2,1997.79,17.0,3978.58,614.58
1634,826,72,1,5828.14,3.23,5824.91,1420.91
1635,827,101,2,7616.13,9.52,15222.74,5330.74
1636,828,70,1,5087.1,15.33,5071.77,1565.77
1637,828,11,3,4727.45,14.57,14167.78,4696.78
1638,829,94,1,5544.85,1.62,5543.23,578.23
1639,829,60,1,5461.59,19.14,5442.45,1121.45
1640,829,90,1,4881.97,18.75,4863.22,1289.22
1641,830,137,2,7130.26,0.76,14259.76,5283.76
1642,831,174,3,1465.47,11.75,4384.66,499.66
1643,831,135,2,4537.82,8.85,9066.79,874.79
1644,832,126,4,6579.87,15.89,26303.59,7863.59
1645,832,160,2,2514.92,6.37,5023.47,1087.47
1646,833,164,4,3449.26,3.87,13793.17,3017.17
1647,834,113,2,5653.4,12.16,11294.64,1938.64
1648,834,149,2,2606.01,1.6,5210.42,570.42
1649,834,31,1,5674.17,0.24,5673.93,1269.93
1650,835,113,2,5653.4,1.35,11305.45,1949.45
1651,835,161,3,2333.99,19.08,6982.89,2119.89
1652,836,146,4,6386.06,19.43,25524.81,8748.81
1653,836,88,2,5157.4,17.49,10297.31,1433.31
1654,837,122,2,7212.86,2.23,14423.49,5007.49
1655,837,47,1,5349.54,11.21,5338.33,1342.33
1656,838,143,4,1084.42,4.44,4333.24,1293.24
1657,839,93,1,278.24,9.53,268.71,40.71
1658,839,60,4,5461.59,8.99,21837.37,4553.37
1659,839,59,1,1997.79,19.65,1978.14,296.14
1660,840,71,1,2797.48,14.84,2782.64,893.64
1661,841,197,2,4180.68,13.69,8347.67,1095.67
1662,842,156,1,6188.4,10.51,6177.89,1975.89
1663,842,184,1,2633.24,0.01,2633.23,548.23
1664,843,45,1,4565.43,11.22,4554.21,585.21
1665,844,41,1,2657.03,10.45,2646.58,891.58
1666,845,89,2,454.52,4.91,904.13,332.13
1667,845,180,3,3738.11,11.4,11202.93,2676.93
1668,846,61,2,2566.03,1.51,5130.55,1904.55
1669,847,200,4,4099.17,18.92,16377.76,3721.76
1670,847,93,4,278.24,15.79,1097.17,185.17
1671,847,43,2,2515.73,0.28,5031.18,911.18
1672,848,138,1,5451.69,15.89,5435.8,1808.8
1673,848,155,3,4794.0,18.78,14363.22,4631.22
1674,848,4,2,4963.98,19.09,9908.87,916.87
1675,849,57,1,2097.22,0.94,2096.28,665.28
1676,850,109,4,3992.5,12.99,15957.01,4737.01
1677,850,125,3,2559.2,6.81,7670.79,1718.79
1678,850,2,3,3361.74,11.5,10073.72,1103.72
1679,851,12,3,4572.81,12.37,13706.06,4421.06
1680,851,46,2,7321.91,7.82,14636.0,5420.0
1681,852,101,2,7616.13,8.91,15223.35,5331.35
1682,852,87,1,3417.67,10.8,3406.87,458.87
1683,852,197,2,4180.68,0.79,8360.57,1108.57
1684,853,167,3,6421.3,15.31,19248.59,5262.59
1685,854,175,3,4435.81,18.13,13289.3,2642.3
1686,855,99,3,3956.07,13.25,11854.96,4138.96
1687,855,155,2,4794.0,17.17,9570.83,3082.83
1688,856,109,4,3992.5,8.98,15961.02,4741.02
1689,857,143,4,1084.42,11.27,4326.41,1286.41
1690,857,179,3,4824.55,10.66,14462.99,4826.99
1691,858,20,1,303.07,1.09,301.98,65.98
1692,858,112,4,650.07,12.82,2587.46,895.46
1693,858,75,1,4256.43,10.08,4246.35,1459.35
1694,859,149,4,2606.01,10.76,10413.28,1133.28
1695,859,56,4,4864.07,9.45,19446.83,3710.83
1696,859,41,3,2657.03,11.5,7959.59,2694.59
1697,860,111,3,2962.45,7.13,8880.22,1983.22
1698,861,38,3,5028.62,19.64,15066.22,5070.22
1699,861,113,1,5653.4,5.41,5647.99,969.99
1700,861,11,4,4727.45,12.57,18897.23,6269.23
1701,862,18,4,6294.01,7.47,25168.57,5316.57
1702,862,46,4,7321.91,18.0,29269.64,10837.64
1703,863,194,1,7044.36,16.67,7027.69,2063.69
1704,864,172,2,5175.17,9.39,10340.95,1604.95
1705,865,199,4,7009.81,2.36,28036.88,8616.88
1706,865,124,2,4391.54,19.78,8763.3,1723.3
1707,866,2,1,3361.74,11.05,3350.69,360.69
1708,867,130,3,7243.63,15.75,21715.14,8092.14
1709,867,60,2,5461.59,14.11,10909.07,2267.07
1710,867,199,4,7009.81,7.61,28031.63,8611.63
1711,868,186,1,7914.83,17.51,7897.32,2946.32
1712,868,126,2,6579.87,8.15,13151.59,3931.59
1713,868,179,2,4824.55,0.62,9648.48,3224.48
1714,869,19,2,5980.37,16.44,11944.3,3720.3
1715,869,168,2,360.61,2.5,718.72,88.72
1716,870,188,3,5532.23,12.33,16584.36,5511.36
1717,870,114,4,4077.29,16.33,16292.83,5960.83
1718,871,12,4,4572.81,0.88,18290.36,5910.36
1719,871,97,1,6749.43,16.63,6732.8,2505.8
1720,872,114,1,4077.29,19.86,4057.43,1474.43
1721,873,152,1,1890.92,14.59,1876.33,595.33
1722,873,80,3,4102.63,3.94,12303.95,2274.95
1723,873,22,4,4915.03,4.77,19655.35,3707.35
1724,874,112,2,650.07,17.5,1282.64,436.64
1725,874,123,4,3078.2,16.0,12296.8,3352.8
1726,875,84,3,1792.84,19.44,5359.08,1732.08
1727,875,112,4,650.07,2.44,2597.84,905.84
1728,875,195,4,3047.63,6.15,12184.37,3652.37
1729,876,130,3,7243.63,17.65,21713.24,8090.24
1730,876,65,1,4404.24,14.52,4389.72,1344.72
1731,877,121,2,2267.36,8.37,4526.35,998.35
1732,877,176,2,3397.33,1.64,6793.02,2471.02
1733,877,53,2,1531.38,11.52,3051.24,1093.24
1734,878,41,1,2657.03,6.28,2650.75,895.75
1735,878,4,4,4963.98,13.97,19841.95,1857.95
1736,878,36,1,5135.84,5.79,5130.05,1100.05
1737,879,67,3,3825.3,8.4,11467.5,3526.5
1738,879,124,1,4391.54,7.27,4384.27,864.27
1739,879,69,1,1797.42,14.68,1782.74,428.74
1740,880,98,4,3766.26,0.14,15064.9,4216.9
1741,880,141,2,3818.5,11.53,7625.47,923.47
1742,880,103,3,5536.18,7.41,16601.13,3413.13
1743,881,171,4,7270.84,15.04,29068.32,10336.32
1744,881,96,4,2765.79,14.39,11048.77,2972.77
1745,882,124,4,4391.54,0.94,17565.22,3485.22
1746,882,3,3,7696.6,17.0,23072.8,8090.8
1747,883,80,3,4102.63,17.61,12290.28,2261.28
1748,883,19,4,5980.37,7.28,23914.2,7466.2
1749,884,138,4,5451.69,10.58,21796.18,7288.18
1750,884,129,4,1819.36,19.92,7257.52,2273.52
1751,884,77,3,5661.33,2.83,16981.16,4141.16
1752,885,176,3,3397.33,13.85,10178.14,3695.14
1753,886,44,4,2260.37,15.67,9025.81,997.81
1754,886,135,4,4537.82,15.7,18135.58,1751.58
1755,886,16,4,1573.66,16.01,6278.63,1298.63
1756,887,111,2,2962.45,11.68,5913.22,1315.22
1757,887,23,3,2868.81,4.94,8601.49,2709.49
1758,888,179,2,4824.55,20.0,9629.1,3205.1
1759,888,62,2,2352.48,16.42,4688.54,424.54
1760,888,28,1,5032.36,16.02,5016.34,1534.34
1761,889,6,4,3476.76,7.07,13899.97,1511.97
1762,889,83,3,4426.65,10.46,13269.49,1368.49
1763,889,35,3,2598.33,7.11,7787.88,2393.88
1764,890,88,1,5157.4,5.53,5151.87,719.87
1765,891,65,3,4404.24,9.1,13203.62,4068.62
1766,891,55,3,6404.04,1.46,19210.66,6772.66
1767,892,140,2,5410.03,13.0,10807.06,1983.06
1768,892,23,2,2868.81,6.56,5731.06,1803.06
1769,892,109,4,3992.5,19.47,15950.53,4730.53
1770,893,139,3,1210.99,14.21,3618.76,951.76
1771,894,171,3,7270.84,1.37,21811.15,7762.15
1772,894,37,3,1522.64,18.89,4549.03,1255.03
1773,895,178,1,244.03,12.0,232.03,77.03
1774,896,199,4,7009.81,2.58,28036.66,8616.66
1775,897,79,4,789.02,8.42,3147.66,859.66
1776,897,152,2,1890.92,7.87,3773.97,1211.97
1777,897,138,3,5451.69,2.75,16352.32,5471.32
1778,898,30,4,5234.76,19.32,20919.72,3523.72
1779,898,112,4,650.07,11.29,2588.99,896.99
1780,899,24,1,2037.73,2.62,2035.11,539.11
1781,900,20,1,303.07,13.59,289.48,53.48
1782,900,81,2,5497.32,16.73,10977.91,1303.91
1783,901,117,2,2834.64,2.02,5667.26,1547.26
1784,901,199,3,7009.81,12.74,21016.69,6451.69
1785,901,163,3,2701.47,17.98,8086.43,1201.43
1786,902,44,3,2260.37,16.31,6764.8,743.8
1787,902,107,2,5511.95,3.01,11020.89,4060.89
1788,903,109,4,3992.5,4.34,15965.66,4745.66
1789,903,155,2,4794.0,19.71,9568.29,3080.29
1790,904,40,3,5316.39,3.77,15945.4,4776.4
1791,904,33,3,4863.47,4.81,14585.6,2387.6
1792,904,71,1,2797.48,4.7,2792.78,903.78
1793,905,81,3,5497.32,1.31,16490.65,1979.65
1794,905,41,1,2657.03,2.82,2654.21,899.21
1795,906,49,3,5840.98,0.99,17521.95,3112.95
1796,906,4,2,4963.98,14.75,9913.21,921.21
1797,907,132,1,198.54,17.1,181.44,29.44
1798,908,156,4,6188.4,0.49,24753.11,7945.11
1799,908,2,3,3361.74,18.56,10066.66,1096.66
1800,908,7,1,5629.83,9.36,5620.47,918.47
1801,909,45,2,4565.43,13.55,9117.31,1179.31
1802,909,62,2,2352.48,15.13,4689.83,425.83
1803,909,162,2,3776.05,9.79,7542.31,2504.31
1804,910,113,4,5653.4,1.3,22612.3,3900.3
1805,910,92,4,1142.9,18.94,4552.66,456.66
1806,911,143,1,1084.42,5.76,1078.66,318.66
1807,911,47,4,5349.54,8.13,21390.03,5406.03
1808,912,64,2,7118.68,15.97,14221.39,4479.39
1809,912,33,3,4863.47,3.58,14586.83,2388.83
1810,912,36,1,5135.84,6.91,5128.93,1098.93
1811,913,54,3,6094.37,16.61,18266.5,6800.5
1812,914,146,1,6386.06,8.73,6377.33,2183.33
1813,915,139,3,1210.99,10.08,3622.89,955.89
1814,915,115,4,2618.2,3.78,10469.02,3845.02
1815,915,145,1,792.87,16.63,776.24,217.24
1816,916,12,2,4572.81,9.0,9136.62,2946.62
1817,916,154,1,4728.41,2.96,4725.45,1438.45
1818,916,154,2,4728.41,11.35,9445.47,2871.47
1819,917,119,1,2869.36,18.98,2850.38,608.38
1820,917,22,1,4915.03,8.43,4906.6,919.6
1821,918,9,4,3616.76,17.13,14449.91,4885.91
1822,919,154,1,4728.41,0.92,4727.49,1440.49
1823,919,65,2,4404.24,7.88,8800.6,2710.6
1824,920,69,3,1797.42,5.02,5387.24,1325.24
1825,920,192,4,6331.66,11.76,25314.88,5838.88
1826,921,177,1,2260.51,12.63,2247.88,546.88
1827,922,43,4,2515.73,7.96,10054.96,1814.96
1828,923,41,4,2657.03,10.17,10617.95,3597.95
1829,923,130,4,7243.63,18.43,28956.09,10792.09
1830,924,28,1,5032.36,12.03,5020.33,1538.33
1831,924,139,3,1210.99,4.36,3628.61,961.61
1832,925,12,1,4572.81,13.31,4559.5,1464.5
1833,925,36,3,5135.84,10.29,15397.23,3307.23
1834,925,166,4,1355.22,18.64,5402.24,662.24
1835,926,104,3,1652.43,11.03,4946.26,980.26
1836,926,43,3,2515.73,19.28,7527.91,1347.91
1837,927,75,3,4256.43,16.07,12753.22,4392.22
1838,928,48,3,3393.83,16.4,10165.09,1972.09
1839,929,106,3,1926.7,18.77,5761.33,1915.33
1840,929,86,3,1091.11,14.97,3258.36,987.36
1841,929,86,1,1091.11,9.31,1081.8,324.8
1842,930,194,1,7044.36,16.35,7028.01,2064.01
1843,930,28,4,5032.36,7.92,20121.52,6193.52
1844,931,181,3,3227.71,18.26,9664.87,1981.87
1845,931,106,1,1926.7,0.84,1925.86,643.86
1846,932,181,2,3227.71,8.95,6446.47,1324.47
1847,933,146,4,6386.06,14.74,25529.5,8753.5
1848,934,36,1,5135.84,0.17,5135.67,1105.67
1849,934,33,3,4863.47,1.85,14588.56,2390.56
1850,934,91,4,4930.64,18.36,19704.2,4212.2
1851,935,51,4,5007.82,12.82,20018.46,6610.46
1852,935,102,4,6271.36,0.9,25084.54,6472.54
1853,935,37,4,1522.64,6.14,6084.42,1692.42
1854,936,121,1,2267.36,10.9,2256.46,492.46
1855,936,125,2,2559.2,3.58,5114.82,1146.82
1856,936,32,1,5678.29,12.4,5665.89,1198.89
1857,937,194,2,7044.36,6.23,14082.49,4154.49
1858,937,49,2,5840.98,3.32,11678.64,2072.64
1859,937,9,1,3616.76,14.33,3602.43,1211.43
1860,938,146,4,6386.06,17.96,25526.28,8750.28
1861,938,7,4,5629.83,16.11,22503.21,3695.21
1862,939,152,3,1890.92,3.96,5668.8,1825.8
1863,939,140,4,5410.03,10.77,21629.35,3981.35
1864,939,169,3,6981.12,15.03,20928.33,5958.33
1865,940,160,1,2514.92,1.01,2513.91,545.91
1866,940,130,2,7243.63,6.21,14481.05,5399.05
1867,940,101,4,7616.13,12.15,30452.37,10668.37
1868,941,111,1,2962.45,13.6,2948.85,649.85
1869,942,54,4,6094.37,10.11,24367.37,9079.37
1870,942,191,3,933.8,18.11,2783.29,668.29
1871,943,86,2,1091.11,6.68,2175.54,661.54
1872,943,43,4,2515.73,15.86,10047.06,1807.06
1873,944,193,2,5092.0,4.21,10179.79,1073.79
1874,944,37,3,1522.64,8.96,4558.96,1264.96
1875,944,125,2,2559.2,12.64,5105.76,1137.76
1876,945,139,2,1210.99,9.47,2412.51,634.51
1877,945,175,3,4435.81,9.35,13298.08,2651.08
1878,946,175,2,4435.81,5.07,8866.55,1768.55
1879,946,111,4,2962.45,7.96,11841.84,2645.84
1880,946,26,3,7539.95,11.99,22607.86,8237.86
1881,947,140,1,5410.03,19.61,5390.42,978.42
1882,948,44,4,2260.37,15.16,9026.32,998.32
1883,948,179,4,4824.55,18.85,19279.35,6431.35
1884,949,70,3,5087.1,12.08,15249.22,4731.22
1885,950,194,2,7044.36,13.6,14075.12,4147.12
1886,951,174,3,1465.47,1.67,4394.74,509.74
1887,951,160,3,2514.92,8.34,7536.42,1632.42
1888,951,171,3,7270.84,5.46,21807.06,7758.06
1889,952,59,2,1997.79,17.38,3978.2,614.2
1890,952,140,1,5410.03,2.43,5407.6,995.6
1891,952,49,3,5840.98,9.38,17513.56,3104.56
1892,953,166,2,1355.22,9.88,2700.56,330.56
1893,954,162,1,3776.05,1.82,3774.23,1255.23
1894,955,41,1,2657.03,1.54,2655.49,900.49
1895,956,196,3,638.3,3.61,1911.29,525.29
1896,956,40,2,5316.39,11.6,10621.18,3175.18
1897,956,56,1,4864.07,18.56,4845.51,911.51
1898,957,164,2,3449.26,13.58,6884.94,1496.94
1899,957,2,2,3361.74,1.59,6721.89,741.89
1900,958,63,1,5551.59,10.99,5540.6,1781.6
1901,959,48,1,3393.83,16.67,3377.16,646.16
1902,959,90,1,4881.97,17.95,4864.02,1290.02
1903,960,170,4,250.43,9.72,992.0,188.0
1904,961,179,1,4824.55,0.16,4824.39,1612.39
1905,961,27,1,336.73,19.02,317.71,62.71
1906,961,88,2,5157.4,16.42,10298.38,1434.38
1907,962,80,2,4102.63,5.14,8200.12,1514.12
1908,962,131,4,572.86,2.27,2289.17,781.17
1909,963,73,4,5457.97,6.09,21825.79,2941.79
1910,963,30,4,5234.76,19.53,20919.51,3523.51
1911,964,177,4,2260.51,0.22,9041.82,2237.82
1912,964,137,2,7130.26,18.12,14242.4,5266.4
1913,964,14,1,488.44,12.46,475.98,57.98
1914,965,185,1,3574.96,17.22,3557.74,467.74
1915,965,187,2,504.48,5.66,1003.3,363.3
1916,965,165,1,3471.22,3.57,3467.65,842.65
1917,966,98,1,3766.26,0.5,3765.76,1053.76
1918,967,55,2,6404.04,5.31,12802.77,4510.77
1919,967,60,2,5461.59,13.66,10909.52,2267.52
1920,967,48,4,3393.83,7.69,13567.63,2643.63
1921,968,11,2,4727.45,1.77,9453.13,3139.13
1922,968,112,4,650.07,11.28,2589.0,897.0
1923,968,43,2,2515.73,3.35,5028.11,908.11
1924,969,7,1,5629.83,14.99,5614.84,912.84
1925,969,115,1,2618.2,2.26,2615.94,959.94
1926,969,120,4,1361.78,14.74,5432.38,1804.38
1927,970,46,3,7321.91,1.92,21963.81,8139.81
1928,971,66,2,4903.31,8.65,9797.97,1973.97
1929,971,5,2,1844.85,3.42,3686.28,1292.28
1930,972,22,4,4915.03,13.72,19646.4,3698.4
1931,972,87,2,3417.67,12.81,6822.53,926.53
1932,973,4,3,4963.98,15.84,14876.1,1388.1
1933,973,134,3,3568.12,15.59,10688.77,1217.77
1934,973,88,1,5157.4,8.95,5148.45,716.45
1935,974,136,3,3836.46,10.04,11499.34,1092.34
1936,975,106,4,1926.7,8.93,7697.87,2569.87
1937,975,128,3,2167.32,8.72,6493.24,2059.24
1938,976,188,1,5532.23,11.18,5521.05,1830.05
1939,977,167,4,6421.3,7.85,25677.35,7029.35
1940,978,87,2,3417.67,6.44,6828.9,932.9
1941,979,22,4,4915.03,18.06,19642.06,3694.06
1942,980,165,4,3471.22,4.85,13880.03,3380.03
1943,980,141,2,3818.5,11.29,7625.71,923.71
1944,981,141,2,3818.5,2.61,7634.39,932.39
1945,981,24,2,2037.73,1.26,4074.2,1082.2
1946,981,8,4,907.81,17.91,3613.33,805.33
1947,982,8,1,907.81,17.72,890.09,188.09
1948,982,94,1,5544.85,3.58,5541.27,576.27
1949,982,81,1,5497.32,1.32,5496.0,659.0
1950,983,70,4,5087.1,16.04,20332.36,6308.36
1951,983,118,1,5356.59,13.37,5343.22,1424.22
1952,983,91,4,4930.64,11.33,19711.23,4219.23
1953,984,104,2,1652.43,12.62,3292.24,648.24
1954,984,66,1,4903.31,8.96,4894.35,982.35
1955,984,7,3,5629.83,12.69,16876.8,2770.8
1956,985,64,1,7118.68,11.55,7107.13,2236.13
1957,986,193,3,5092.0,16.42,15259.58,1600.58
1958,987,128,4,2167.32,9.29,8659.99,2747.99
1959,987,19,3,5980.37,2.58,17938.53,5602.53
1960,988,8,1,907.81,9.68,898.13,196.13
1961,988,25,4,1979.19,8.44,7908.32,2668.32
1962,988,124,4,4391.54,15.17,17550.99,3470.99
1963,989,171,2,7270.84,11.1,14530.58,5164.58
1964,990,59,3,1997.79,9.04,5984.33,938.33
1965,990,113,4,5653.4,13.14,22600.46,3888.46
1966,991,187,2,504.48,1.19,1007.77,367.77
1967,992,151,2,2964.55,10.64,5918.46,566.46
1968,992,143,4,1084.42,15.68,4322.0,1282.0
1969,992,129,4,1819.36,3.49,7273.95,2289.95
1970,993,159,2,3489.26,4.3,6974.22,2296.22
1971,994,121,1,2267.36,3.27,2264.09,500.09
1972,994,8,2,907.81,11.51,1804.11,400.11
1973,994,109,2,3992.5,14.28,7970.72,2360.72
1974,995,197,4,4180.68,5.72,16717.0,2213.0
1975,995,35,4,2598.33,4.97,10388.35,3196.35
1976,996,186,4,7914.83,15.92,31643.4,11839.4
1977,996,182,2,3177.71,12.06,6343.36,997.36
1978,997,107,4,5511.95,8.11,22039.69,8119.69
1979,997,40,4,5316.39,4.98,21260.58,6368.58
1980,997,58,2,315.69,17.14,614.24,184.24
1981,998,162,2,3776.05,1.13,7550.97,2512.97
1982,998,109,2,3992.5,4.92,7980.08,2370.08
1983,999,68,2,2309.06,1.84,4616.28,798.28
1984,1000,66,3,4903.31,3.54,14706.39,2970.39
1985,1001,103,2,5536.18,15.99,11056.37,2264.37
1986,1002,47,2,5349.54,3.9,10695.18,2703.18
1987,1002,73,3,5457.97,5.33,16368.58,2205.58
1988,1003,31,3,5674.17,4.07,17018.44,3806.44
1989,1003,38,1,5028.62,1.55,5027.07,1695.07
1990,1003,68,3,2309.06,5.86,6921.32,1194.32
1991,1004,165,3,3471.22,3.33,10410.33,2535.33
1992,1004,162,3,3776.05,3.59,11324.56,3767.56
1993,1005,97,2,6749.43,10.11,13488.75,5034.75
1994,1005,20,2,303.07,12.48,593.66,121.66
1995,1006,70,4,5087.1,12.83,20335.57,6311.57
1996,1006,65,4,4404.24,5.77,17611.19,5431.19
1997,1007,114,2,4077.29,5.06,8149.52,2983.52
1998,1007,83,2,4426.65,13.04,8840.26,906.26
1999,1007,136,4,3836.46,7.49,15338.35,1462.35
2000,1008,93,2,278.24,17.08,539.4,83.4
2001,1009,31,3,5674.17,7.37,17015.14,3803.14
2002,1009,20,2,303.07,17.13,589.01,117.01
2003,1010,46,2,7321.91,0.97,14642.85,5426.85
2004,1010,143,2,1084.42,5.2,2163.64,643.64
2005,1010,20,1,303.07,14.48,288.59,52.59
2006,1011,104,3,1652.43,18.08,4939.21,973.21
2007,1011,123,4,3078.2,18.8,12294.0,3350.0
2008,1012,13,1,5553.96,18.42,5535.54,1265.54
2009,1012,4,4,4963.98,8.41,19847.51,1863.51
2010,1012,100,1,4359.62,14.51,4345.11,858.11
2011,1013,161,4,2333.99,4.85,9331.11,2847.11
2012,1013,80,1,4102.63,17.62,4085.01,742.01
2013,1013,17,4,1855.26,11.95,7409.09,1685.09
2014,1014,99,3,3956.07,0.18,11868.03,4152.03
2015,1015,113,1,5653.4,7.0,5646.4,968.4
2016,1015,28,2,5032.36,6.37,10058.35,3094.35
2017,1016,21,4,6119.99,0.88,24479.08,4955.08
2018,1017,48,4,3393.83,3.3,13572.02,2648.02
2019,1018,139,4,1210.99,15.78,4828.18,1272.18
2020,1018,131,2,572.86,12.78,1132.94,378.94
2021,1018,45,1,4565.43,11.08,4554.35,585.35
2022,1019,192,3,6331.66,2.82,18992.16,4385.16
2023,1019,119,4,2869.36,15.26,11462.18,2494.18
2024,1020,193,4,5092.0,10.11,20357.89,2145.89
2025,1020,9,1,3616.76,12.95,3603.81,1212.81
2026,1020,72,3,5828.14,2.73,17481.69,4269.69
2027,1021,122,2,7212.86,16.84,14408.88,4992.88
2028,1021,181,4,3227.71,1.35,12909.49,2665.49
2029,1021,149,3,2606.01,3.39,7814.64,854.64
2030,1022,190,3,3100.22,9.14,9291.52,2784.52
2031,1022,121,4,2267.36,4.27,9065.17,2009.17
2032,1023,180,2,3738.11,11.86,7464.36,1780.36
2033,1023,81,4,5497.32,9.56,21979.72,2631.72
2034,1024,165,2,3471.22,7.8,6934.64,1684.64
2035,1024,121,3,2267.36,14.4,6787.68,1495.68
2036,1024,95,2,3093.45,12.1,6174.8,1966.8
2037,1025,27,3,336.73,0.09,1010.1,245.1
2038,1025,59,1,1997.79,19.5,1978.29,296.29
2039,1025,112,1,650.07,17.49,632.58,209.58
2040,1026,162,4,3776.05,12.38,15091.82,5015.82
2041,1026,109,1,3992.5,17.09,3975.41,1170.41
2042,1026,92,3,1142.9,13.53,3415.17,343.17
2043,1027,5,4,1844.85,6.53,7372.87,2584.87
2044,1027,44,1,2260.37,1.14,2259.23,252.23
2045,1028,100,2,4359.62,13.27,8705.97,1731.97
2046,1029,74,1,2434.43,10.53,2423.9,667.9
2047,1029,34,3,5835.24,6.9,17498.82,3485.82
2048,1029,129,3,1819.36,19.65,5438.43,1700.43
2049,1030,83,4,4426.65,7.47,17699.13,1831.13
2050,1031,165,2,3471.22,9.41,6933.03,1683.03
2051,1031,187,3,504.48,0.76,1512.68,552.68
2052,1032,175,3,4435.81,15.47,13291.96,2644.96
2053,1032,58,4,315.69,17.51,1245.25,385.25
2054,1033,187,3,504.48,14.55,1498.89,538.89
2055,1033,85,1,4281.36,3.41,4277.95,1044.95
2056,1033,191,3,933.8,8.39,2793.01,678.01
2057,1034,14,1,488.44,13.19,475.25,57.25
2058,1034,198,2,2599.54,17.04,5182.04,1346.04
2059,1034,151,2,2964.55,12.42,5916.68,564.68
2060,1035,84,2,1792.84,4.18,3581.5,1163.5
2061,1035,128,3,2167.32,13.57,6488.39,2054.39
2062,1036,158,1,6464.49,2.84,6461.65,1482.65
2063,1036,171,3,7270.84,5.38,21807.14,7758.14
2064,1036,16,3,1573.66,15.19,4705.79,970.79
2065,1037,22,2,4915.03,5.66,9824.4,1850.4
2066,1037,190,3,3100.22,9.4,9291.26,2784.26
2067,1037,178,3,244.03,1.38,730.71,265.71
2068,1038,156,4,6188.4,7.5,24746.1,7938.1
2069,1038,42,3,2717.08,8.34,8142.9,1167.9
2070,1038,186,4,7914.83,14.96,31644.36,11840.36
2071,1039,131,3,572.86,2.81,1715.77,584.77
2072,1040,53,3,1531.38,17.7,4576.44,1639.44
2073,1041,154,4,4728.41,10.51,18903.13,5755.13
2074,1041,37,2,1522.64,13.01,3032.27,836.27
2075,1041,155,2,4794.0,13.18,9574.82,3086.82
2076,1042,74,1,2434.43,14.24,2420.19,664.19
2077,1043,22,4,4915.03,0.97,19659.15,3711.15
2078,1043,189,2,4900.58,1.22,9799.94,1419.94
2079,1044,73,1,5457.97,10.58,5447.39,726.39
2080,1044,108,4,1550.46,1.08,6200.76,1408.76
2081,1045,162,2,3776.05,1.74,7550.36,2512.36
2082,1046,139,1,1210.99,14.62,1196.37,307.37
2083,1046,18,1,6294.01,11.61,6282.4,1319.4
2084,1046,125,4,2559.2,9.97,10226.83,2290.83
2085,1047,117,2,2834.64,17.07,5652.21,1532.21
2086,1047,117,4,2834.64,6.22,11332.34,3092.34
2087,1048,159,1,3489.26,4.16,3485.1,1146.1
2088,1048,130,1,7243.63,12.27,7231.36,2690.36
2089,1049,65,2,4404.24,7.16,8801.32,2711.32
2090,1049,29,1,6088.79,18.03,6070.76,2107.76
2091,1049,160,2,2514.92,11.48,5018.36,1082.36
2092,1050,13,2,5553.96,3.84,11104.08,2564.08
2093,1051,22,2,4915.03,7.3,9822.76,1848.76
2094,1051,18,3,6294.01,19.48,18862.55,3973.55
2095,1051,87,1,3417.67,9.29,3408.38,460.38
2096,1052,5,4,1844.85,2.77,7376.63,2588.63
2097,1052,4,4,4963.98,8.8,19847.12,1863.12
2098,1053,162,1,3776.05,14.93,3761.12,1242.12
2099,1053,130,4,7243.63,8.74,28965.78,10801.78
2100,1054,74,2,2434.43,14.7,4854.16,1342.16
2101,1054,35,4,2598.33,13.95,10379.37,3187.37
2102,1055,117,2,2834.64,1.09,5668.19,1548.19
2103,1055,14,4,488.44,11.34,1942.42,270.42
2104,1055,44,3,2260.37,3.35,6777.76,756.76
2105,1056,190,3,3100.22,10.14,9290.52,2783.52
2106,1057,197,1,4180.68,3.22,4177.46,551.46
2107,1057,138,3,5451.69,10.61,16344.46,5463.46
2108,1058,22,3,4915.03,16.6,14728.49,2767.49
2109,1058,22,4,4915.03,13.57,19646.55,3698.55
2110,1058,150,1,6284.22,14.98,6269.24,1721.24
2111,1059,81,4,5497.32,13.14,21976.14,2628.14
2112,1059,77,4,5661.33,5.03,22640.29,5520.29
2113,1060,150,1,6284.22,0.6,6283.62,1735.62
2114,1061,44,3,2260.37,17.46,6763.65,742.65
2115,1061,189,4,4900.58,9.91,19592.41,2832.41
2116,1062,127,1,6494.51,15.75,6478.76,2376.76
2117,1062,121,4,2267.36,11.98,9057.46,2001.46
2118,1063,32,3,5678.29,7.52,17027.35,3626.35
2119,1064,158,2,6464.49,8.47,12920.51,2962.51
2120,1064,165,3,3471.22,18.07,10395.59,2520.59
2121,1064,129,1,1819.36,1.15,1818.21,572.21
2122,1065,20,4,303.07,9.67,1202.61,258.61
2123,1065,163,4,2701.47,4.83,10801.05,1621.05
2124,1065,109,1,3992.5,13.46,3979.04,1174.04
2125,1066,57,3,2097.22,0.25,6291.41,1998.41
2126,1067,33,1,4863.47,7.71,4855.76,789.76
2127,1067,124,3,4391.54,16.86,13157.76,2597.76
2128,1067,74,2,2434.43,14.35,4854.51,1342.51
2129,1068,52,2,448.48,15.21,881.75,69.75
2130,1068,126,3,6579.87,18.41,19721.2,5891.2
2131,1068,175,1,4435.81,8.46,4427.35,878.35
2132,1069,131,1,572.86,6.95,565.91,188.91
2133,1069,29,3,6088.79,7.3,18259.07,6370.07
2134,1069,107,1,5511.95,17.19,5494.76,2014.76
2135,1070,78,1,1600.82,11.31,1589.51,409.51
2136,1070,192,2,6331.66,7.76,12655.56,2917.56
2137,1070,4,3,4963.98,11.37,14880.57,1392.57
2138,1071,179,4,4824.55,2.33,19295.87,6447.87
2139,1072,54,3,6094.37,8.31,18274.8,6808.8
2140,1073,67,3,3825.3,18.62,11457.28,3516.28
2141,1074,102,4,6271.36,1.35,25084.09,6472.09
2142,1074,38,4,5028.62,18.07,20096.41,6768.41
2143,1075,80,4,4102.63,11.59,16398.93,3026.93
2144,1075,135,4,4537.82,11.42,18139.86,1755.86
2145,1075,161,4,2333.99,14.79,9321.17,2837.17
2146,1076,58,1,315.69,6.95,308.74,93.74
2147,1076,14,3,488.44,14.17,1451.15,197.15
2148,1077,47,3,5349.54,16.27,16032.35,4044.35
2149,1078,65,2,4404.24,4.7,8803.78,2713.78
2150,1078,35,4,2598.33,5.63,10387.69,3195.69
2151,1079,197,1,4180.68,2.21,4178.47,552.47
2152,1079,28,1,5032.36,11.41,5020.95,1538.95
2153,1079,109,2,3992.5,9.33,7975.67,2365.67
2154,1080,135,3,4537.82,13.35,13600.11,1312.11
2155,1081,2,4,3361.74,15.76,13431.2,1471.2
2156,1081,4,4,4963.98,3.77,19852.15,1868.15
2157,1082,165,3,3471.22,9.81,10403.85,2528.85
2158,1083,188,3,5532.23,3.32,16593.37,5520.37
2159,1083,80,1,4102.63,0.04,4102.59,759.59
2160,1083,3,1,7696.6,4.34,7692.26,2698.26
2161,1084,53,1,1531.38,4.36,1527.02,548.02
2162,1084,197,2,4180.68,14.19,8347.17,1095.17
2163,1085,98,2,3766.26,14.96,7517.56,2093.56
2164,1085,175,2,4435.81,15.74,8855.88,1757.88
2165,1085,21,1,6119.99,11.14,6108.85,1227.85
2166,1086,4,2,4963.98,16.7,9911.26,919.26
2167,1087,110,3,1172.22,10.11,3506.55,935.55
2168,1087,36,1,5135.84,11.24,5124.6,1094.6
2169,1087,167,1,6421.3,14.2,6407.1,1745.1
2170,1088,129,1,1819.36,9.33,1810.03,564.03
2171,1089,54,4,6094.37,8.48,24369.0,9081.0
2172,1090,167,3,6421.3,9.6,19254.3,5268.3
2173,1090,167,2,6421.3,3.17,12839.43,3515.43
2174,1091,149,3,2606.01,6.73,7811.3,851.3
2175,1091,176,4,3397.33,12.22,13577.1,4933.1
2176,1092,170,3,250.43,19.76,731.53,128.53
2177,1092,58,4,315.69,7.22,1255.54,395.54
2178,1092,177,2,2260.51,13.33,4507.69,1105.69
2179,1093,40,3,5316.39,14.79,15934.38,4765.38
2180,1094,115,3,2618.2,8.29,7846.31,2878.31
2181,1094,150,3,6284.22,0.95,18851.71,5207.71
2182,1094,188,2,5532.23,1.09,11063.37,3681.37
2183,1095,143,1,1084.42,9.12,1075.3,315.3
2184,1095,180,4,3738.11,6.6,14945.84,3577.84
2185,1096,75,1,4256.43,10.01,4246.42,1459.42
2186,1096,186,2,7914.83,10.15,15819.51,5917.51
2187,1096,2,1,3361.74,6.56,3355.18,365.18
2188,1097,114,4,4077.29,8.27,16300.89,5968.89
2189,1097,63,4,5551.59,14.52,22191.84,7155.84
2190,1098,113,4,5653.4,16.78,22596.82,3884.82
2191,1098,43,2,2515.73,14.06,5017.4,897.4
2192,1099,28,3,5032.36,13.13,15083.95,4637.95
2193,1099,145,1,792.87,17.79,775.08,216.08
2194,1100,79,3,789.02,11.61,2355.45,639.45
2195,1100,172,3,5175.17,14.81,15510.7,2406.7
2196,1100,123,4,3078.2,17.27,12295.53,3351.53
2197,1101,139,4,1210.99,6.87,4837.09,1281.09
2198,1102,9,1,3616.76,13.95,3602.81,1211.81
2199,1102,185,4,3574.96,14.9,14284.94,1924.94
2200,1102,37,2,1522.64,11.29,3033.99,837.99
2201,1103,196,3,638.3,19.19,1895.71,509.71
2202,1103,194,2,7044.36,7.67,14081.05,4153.05
2203,1103,30,3,5234.76,1.74,15702.54,2655.54
2204,1104,107,4,5511.95,2.12,22045.68,8125.68
2205,1105,59,4,1997.79,0.69,7990.47,1262.47
2206,1105,137,1,7130.26,19.9,7110.36,2622.36
2207,1105,1,2,6087.96,0.58,12175.34,4485.34
2208,1106,163,2,2701.47,11.01,5391.93,801.93
2209,1107,41,1,2657.03,15.17,2641.86,886.86
2210,1108,102,4,6271.36,8.57,25076.87,6464.87
2211,1108,42,1,2717.08,3.99,2713.09,388.09
2212,1109,199,3,7009.81,10.07,21019.36,6454.36
2213,1109,97,3,6749.43,8.41,20239.88,7558.88
2214,1110,26,1,7539.95,6.95,7533.0,2743.0
2215,1110,84,4,1792.84,16.11,7155.25,2319.25
2216,1110,50,4,5429.37,9.78,21707.7,7615.7
2217,1111,101,4,7616.13,4.02,30460.5,10676.5
2218,1111,101,3,7616.13,14.52,22833.87,7995.87
2219,1112,88,3,5157.4,19.75,15452.45,2156.45
2220,1112,168,4,360.61,14.93,1427.51,167.51
2221,1112,170,1,250.43,15.1,235.33,34.33
2222,1113,110,1,1172.22,1.16,1171.06,314.06
2223,1113,55,1,6404.04,2.73,6401.31,2255.31
2224,1113,46,4,7321.91,16.78,29270.86,10838.86
2225,1114,70,4,5087.1,15.55,20332.85,6308.85
2226,1114,176,1,3397.33,11.27,3386.06,1225.06
2227,1115,4,1,4963.98,15.59,4948.39,452.39
2228,1115,81,4,5497.32,15.37,21973.91,2625.91
2229,1116,19,1,5980.37,19.32,5961.05,1849.05
2230,1117,54,3,6094.37,5.15,18277.96,6811.96
2231,1117,195,2,3047.63,12.62,6082.64,1816.64
2232,1118,63,4,5551.59,15.06,22191.3,7155.3
2233,1118,147,1,1363.26,11.09,1352.17,471.17
2234,1119,28,3,5032.36,18.93,15078.15,4632.15
2235,1120,135,2,4537.82,2.87,9072.77,880.77
2236,1121,90,3,4881.97,2.52,14643.39,3921.39
2237,1122,65,2,4404.24,7.17,8801.31,2711.31
2238,1122,23,1,2868.81,3.93,2864.88,900.88
2239,1122,77,1,5661.33,11.56,5649.77,1369.77
2240,1123,73,1,5457.97,16.51,5441.46,720.46
2241,1123,115,1,2618.2,14.57,2603.63,947.63
2242,1123,198,2,2599.54,4.94,5194.14,1358.14
2243,1124,174,4,1465.47,19.75,5842.13,662.13
2244,1124,111,1,2962.45,19.87,2942.58,643.58
2245,1125,187,3,504.48,17.93,1495.51,535.51
2246,1126,200,3,4099.17,0.33,12297.18,2805.18
2247,1127,121,2,2267.36,10.68,4524.04,996.04
2248,1127,172,2,5175.17,0.43,10349.91,1613.91
2249,1127,51,4,5007.82,4.78,20026.5,6618.5
2250,1128,171,2,7270.84,12.67,14529.01,5163.01
2251,1128,115,1,2618.2,3.61,2614.59,958.59
2252,1128,63,2,5551.59,17.55,11085.63,3567.63
2253,1129,80,1,4102.63,11.02,4091.61,748.61
2254,1129,58,1,315.69,1.55,314.14,99.14
2255,1130,15,3,5784.26,8.75,17344.03,4282.03
2256,1130,116,4,3021.59,1.43,12084.93,3736.93
2257,1131,171,2,7270.84,15.26,14526.42,5160.42
2258,1131,16,2,1573.66,10.61,3136.71,646.71
2259,1131,114,3,4077.29,16.08,12215.79,4466.79
2260,1132,129,2,1819.36,4.76,3633.96,1141.96
2261,1132,54,4,6094.37,0.26,24377.22,9089.22
2262,1133,124,1,4391.54,11.89,4379.65,859.65
2263,1133,69,4,1797.42,13.25,7176.43,1760.43
2264,1133,83,3,4426.65,15.01,13264.94,1363.94
2265,1134,104,3,1652.43,11.52,4945.77,979.77
2266,1135,179,3,4824.55,1.89,14471.76,4835.76
2267,1135,81,2,5497.32,9.05,10985.59,1311.59
2268,1136,114,3,4077.29,19.45,12212.42,4463.42
2269,1136,133,2,1476.81,19.66,2933.96,259.96
2270,1137,108,1,1550.46,14.14,1536.32,338.32
2271,1137,94,1,5544.85,15.24,5529.61,564.61
2272,1137,29,3,6088.79,14.72,18251.65,6362.65
2273,1138,60,3,5461.59,1.49,16383.28,3420.28
2274,1139,189,4,4900.58,9.89,19592.43,2832.43
2275,1139,95,1,3093.45,13.22,3080.23,976.23
2276,1140,3,2,7696.6,10.08,15383.12,5395.12
2277,1140,18,2,6294.01,5.18,12582.84,2656.84
2278,1140,16,2,1573.66,15.19,3132.13,642.13
2279,1141,14,2,488.44,18.43,958.45,122.45
2280,1141,191,3,933.8,7.54,2793.86,678.86
2281,1142,200,2,4099.17,4.88,8193.46,1865.46
2282,1143,36,3,5135.84,15.39,15392.13,3302.13
2283,1143,87,1,3417.67,6.34,3411.33,463.33
2284,1144,185,4,3574.96,17.06,14282.78,1922.78
2285,1144,164,2,3449.26,8.05,6890.47,1502.47
2286,1145,164,2,3449.26,16.08,6882.44,1494.44
2287,1146,190,2,3100.22,9.28,6191.16,1853.16
2288,1146,171,4,7270.84,15.46,29067.9,10335.9
2289,1146,177,4,2260.51,11.6,9030.44,2226.44
2290,1147,65,4,4404.24,8.36,17608.6,5428.6
2291,1147,56,4,4864.07,0.49,19455.79,3719.79
2292,1147,89,3,454.52,9.39,1354.17,496.17
2293,1148,48,4,3393.83,10.53,13564.79,2640.79
2294,1148,49,1,5840.98,15.93,5825.05,1022.05
2295,1148,186,3,7914.83,1.81,23742.68,8889.68
2296,1149,180,2,3738.11,2.79,7473.43,1789.43
2297,1150,196,4,638.3,3.71,2549.49,701.49
2298,1151,65,1,4404.24,18.23,4386.01,1341.01
2299,1151,88,3,5157.4,5.56,15466.64,2170.64
2300,1151,157,2,1186.69,6.37,2367.01,567.01
2301,1152,22,3,4915.03,15.32,14729.77,2768.77
2302,1153,89,4,454.52,4.49,1813.59,669.59
2303,1154,130,2,7243.63,8.62,14478.64,5396.64
2304,1155,78,1,1600.82,6.17,1594.65,414.65
2305,1155,194,4,7044.36,7.21,28170.23,8314.23
2306,1155,129,4,1819.36,13.08,7264.36,2280.36
2307,1156,200,3,4099.17,1.19,12296.32,2804.32
2308,1157,105,3,4856.31,7.72,14561.21,2624.21
2309,1157,54,3,6094.37,8.77,18274.34,6808.34
2310,1157,175,2,4435.81,4.22,8867.4,1769.4
2311,1158,140,4,5410.03,3.54,21636.58,3988.58
2312,1158,167,3,6421.3,7.9,19256.0,5270.0
2313,1159,55,4,6404.04,4.19,25611.97,9027.97
2314,1159,63,1,5551.59,17.04,5534.55,1775.55
2315,1159,11,1,4727.45,9.38,4718.07,1561.07
2316,1160,132,1,198.54,4.71,193.83,41.83
2317,1161,80,1,4102.63,10.31,4092.32,749.32
2318,1161,171,4,7270.84,5.63,29077.73,10345.73
2319,1162,111,2,2962.45,5.08,5919.82,1321.82
2320,1163,175,1,4435.81,4.57,4431.24,882.24
2321,1164,177,1,2260.51,7.76,2252.75,551.75
2322,1164,97,4,6749.43,3.58,26994.14,10086.14
2323,1164,37,3,1522.64,7.26,4560.66,1266.66
2324,1165,75,1,4256.43,10.67,4245.76,1458.76
2325,1166,97,2,6749.43,3.26,13495.6,5041.6
2326,1166,20,1,303.07,12.68,290.39,54.39
2327,1166,135,4,4537.82,1.6,18149.68,1765.68
2328,1167,192,1,6331.66,14.8,6316.86,1447.86
2329,1167,47,4,5349.54,17.82,21380.34,5396.34
2330,1168,5,1,1844.85,8.84,1836.01,639.01
2331,1168,86,2,1091.11,10.22,2172.0,658.0
2332,1168,28,4,5032.36,17.82,20111.62,6183.62
2333,1169,72,1,5828.14,19.29,5808.85,1404.85
2334,1169,161,4,2333.99,10.91,9325.05,2841.05
2335,1170,57,2,2097.22,18.18,4176.26,1314.26
2336,1170,15,2,5784.26,18.22,11550.3,2842.3
2337,1171,199,2,7009.81,6.93,14012.69,4302.69
2338,1172,118,1,5356.59,16.01,5340.58,1421.58
2339,1173,176,4,3397.33,15.12,13574.2,4930.2
2340,1174,7,2,5629.83,4.88,11254.78,1850.78
2341,1174,89,1,454.52,16.81,437.71,151.71
2342,1175,65,3,4404.24,4.68,13208.04,4073.04
2343,1176,199,1,7009.81,9.99,6999.82,2144.82
2344,1177,148,3,2839.22,7.14,8510.52,3017.52
2345,1177,17,2,1855.26,11.26,3699.26,837.26
2346,1178,178,2,244.03,5.85,482.21,172.21
2347,1178,46,2,7321.91,0.12,14643.7,5427.7
2348,1178,130,1,7243.63,7.13,7236.5,2695.5
2349,1179,131,3,572.86,2.77,1715.81,584.81
2350,1180,141,1,3818.5,2.4,3816.1,465.1
2351,1180,107,4,5511.95,3.32,22044.48,8124.48
2352,1181,195,1,3047.63,9.54,3038.09,905.09
2353,1181,183,2,3649.52,5.57,7293.47,2319.47
2354,1182,60,3,5461.59,4.77,16380.0,3417.0
2355,1183,193,2,5092.0,7.31,10176.69,1070.69
2356,1183,44,4,2260.37,5.01,9036.47,1008.47
2357,1183,39,2,552.25,11.22,1093.28,205.28
2358,1184,76,1,2598.97,15.17,2583.8,801.8
2359,1184,174,2,1465.47,9.64,2921.3,331.3
2360,1185,54,3,6094.37,3.09,18280.02,6814.02
2361,1185,194,3,7044.36,14.75,21118.33,6226.33
2362,1186,7,4,5629.83,12.81,22506.51,3698.51
2363,1187,143,4,1084.42,13.11,4324.57,1284.57
2364,1187,152,1,1890.92,10.31,1880.61,599.61
2365,1188,15,3,5784.26,18.75,17334.03,4272.03
2366,1188,127,1,6494.51,6.69,6487.82,2385.82
2367,1189,31,2,5674.17,18.23,11330.11,2522.11
2368,1189,44,1,2260.37,1.19,2259.18,252.18
2369,1190,74,3,2434.43,9.41,7293.88,2025.88
2370,1190,146,1,6386.06,13.84,6372.22,2178.22
2371,1191,65,1,4404.24,0.59,4403.65,1358.65
2372,1191,92,4,1142.9,10.56,4561.04,465.04
2373,1192,71,4,2797.48,6.59,11183.33,3627.33
2374,1192,194,2,7044.36,9.58,14079.14,4151.14
2375,1192,154,4,4728.41,8.1,18905.54,5757.54
2376,1193,35,2,2598.33,7.88,5188.78,1592.78
2377,1193,197,3,4180.68,17.02,12525.02,1647.02
2378,1194,27,2,336.73,0.13,673.33,163.33
2379,1194,1,2,6087.96,8.73,12167.19,4477.19
2380,1195,164,2,3449.26,7.11,6891.41,1503.41
2381,1195,137,3,7130.26,0.09,21390.69,7926.69
2382,1195,64,3,7118.68,2.34,21353.7,6740.7
2383,1196,156,3,6188.4,9.66,18555.54,5949.54
2384,1196,34,4,5835.24,8.37,23332.59,4648.59
2385,1197,14,2,488.44,13.33,963.55,127.55
2386,1197,51,4,5007.82,9.4,20021.88,6613.88
2387,1197,81,2,5497.32,5.23,10989.41,1315.41
2388,1198,64,3,7118.68,4.88,21351.16,6738.16
2389,1199,41,2,2657.03,15.12,5298.94,1788.94
2390,1199,54,3,6094.37,4.81,18278.3,6812.3
2391,1200,179,4,4824.55,0.84,19297.36,6449.36
2392,1200,89,2,454.52,3.62,905.42,333.42
2393,1200,120,2,1361.78,5.81,2717.75,903.75
2394,1201,22,3,4915.03,12.39,14732.7,2771.7
2395,1202,78,4,1600.82,19.57,6383.71,1663.71
2396,1202,126,2,6579.87,13.44,13146.3,3926.3
2397,1202,119,1,2869.36,5.51,2863.85,621.85
2398,1203,11,4,4727.45,9.18,18900.62,6272.62
2399,1203,80,3,4102.63,16.46,12291.43,2262.43
2400,1203,87,4,3417.67,18.92,13651.76,1859.76
2401,1204,25,1,1979.19,13.27,1965.92,655.92
2402,1204,65,1,4404.24,6.86,4397.38,1352.38
2403,1205,139,1,1210.99,18.45,1192.54,303.54
2404,1205,191,1,933.8,5.87,927.93,222.93
2405,1206,128,3,2167.32,8.59,6493.37,2059.37
2406,1206,55,1,6404.04,9.48,6394.56,2248.56
2407,1206,42,1,2717.08,17.96,2699.12,374.12
2408,1207,117,4,2834.64,16.04,11322.52,3082.52
2409,1207,109,1,3992.5,7.74,3984.76,1179.76
2410,1207,47,2,5349.54,8.2,10690.88,2698.88
2411,1208,31,1,5674.17,5.27,5668.9,1264.9
2412,1209,143,4,1084.42,8.99,4328.69,1288.69
2413,1209,38,4,5028.62,6.55,20107.93,6779.93
2414,1210,141,1,3818.5,11.06,3807.44,456.44
2415,1211,31,2,5674.17,16.99,11331.35,2523.35
2416,1211,160,3,2514.92,18.24,7526.52,1622.52
2417,1211,148,1,2839.22,12.49,2826.73,995.73
2418,1212,136,3,3836.46,2.0,11507.38,1100.38
2419,1212,174,3,1465.47,17.51,4378.9,493.9
2420,1212,183,2,3649.52,1.23,7297.81,2323.81
2421,1213,117,4,2834.64,4.06,11334.5,3094.5
2422,1214,145,4,792.87,19.42,3152.06,916.06
2423,1214,32,4,5678.29,15.03,22698.13,4830.13
2424,1215,141,1,3818.5,5.42,3813.08,462.08
2425,1215,2,1,3361.74,14.93,3346.81,356.81
2426,1216,95,4,3093.45,0.9,12372.9,3956.9
2427,1216,32,1,5678.29,14.53,5663.76,1196.76
2428,1217,114,4,4077.29,3.18,16305.98,5973.98
2429,1218,42,2,2717.08,14.66,5419.5,769.5
2430,1218,85,3,4281.36,3.08,12841.0,3142.0
2431,1218,191,3,933.8,5.17,2796.23,681.23
2432,1219,148,2,2839.22,17.92,5660.52,1998.52
2433,1219,165,4,3471.22,13.79,13871.09,3371.09
2434,1220,162,3,3776.05,19.84,11308.31,3751.31
2435,1220,94,4,5544.85,16.73,22162.67,2302.67
2436,1221,187,2,504.48,19.09,989.87,349.87
2437,1221,18,1,6294.01,16.79,6277.22,1314.22
2438,1221,151,2,2964.55,7.09,5922.01,570.01
2439,1222,111,4,2962.45,9.19,11840.61,2644.61
2440,1223,183,4,3649.52,0.04,14598.04,4650.04
2441,1224,75,2,4256.43,14.01,8498.85,2924.85
2442,1224,41,3,2657.03,7.54,7963.55,2698.55
2443,1225,76,1,2598.97,4.02,2594.95,812.95
2444,1226,102,4,6271.36,9.3,25076.14,6464.14
2445,1226,199,1,7009.81,8.76,7001.05,2146.05
2446,1226,115,4,2618.2,2.05,10470.75,3846.75
2447,1227,84,1,1792.84,8.21,1784.63,575.63
2448,1227,76,2,2598.97,19.99,5177.95,1613.95
2449,1227,146,1,6386.06,13.75,6372.31,2178.31
2450,1228,162,1,3776.05,9.74,3766.31,1247.31
2451,1228,119,4,2869.36,2.71,11474.73,2506.73
2452,1228,113,1,5653.4,2.88,5650.52,972.52
2453,1229,19,4,5980.37,12.81,23908.67,7460.67
2454,1230,18,3,6294.01,10.21,18871.82,3982.82
2455,1230,70,4,5087.1,2.52,20345.88,6321.88
2456,1230,73,4,5457.97,16.14,21815.74,2931.74
2457,1231,41,1,2657.03,13.64,2643.39,888.39
2458,1231,6,4,3476.76,13.87,13893.17,1505.17
2459,1231,182,3,3177.71,0.66,9532.47,1513.47
2460,1232,17,2,1855.26,5.15,3705.37,843.37
2461,1232,121,2,2267.36,1.87,4532.85,1004.85
2462,1233,15,4,5784.26,7.68,23129.36,5713.36
2463,1233,83,3,4426.65,13.12,13266.83,1365.83
2464,1233,189,2,4900.58,5.55,9795.61,1415.61
2465,1234,30,4,5234.76,19.56,20919.48,3523.48
2466,1234,86,2,1091.11,14.03,2168.19,654.19
2467,1234,129,4,1819.36,18.27,7259.17,2275.17
2468,1235,4,3,4963.98,11.08,14880.86,1392.86
2469,1235,133,1,1476.81,19.07,1457.74,120.74
2470,1235,48,1,3393.83,4.47,3389.36,658.36
2471,1236,143,4,1084.42,5.93,4331.75,1291.75
2472,1236,96,2,2765.79,8.18,5523.4,1485.4
2473,1237,113,1,5653.4,19.86,5633.54,955.54
2474,1238,128,1,2167.32,7.28,2160.04,682.04
2475,1238,160,3,2514.92,0.72,7544.04,1640.04
2476,1239,69,3,1797.42,1.85,5390.41,1328.41
2477,1239,88,4,5157.4,13.12,20616.48,2888.48
2478,1240,144,4,4410.54,11.93,17630.23,3950.23
2479,1240,64,3,7118.68,8.62,21347.42,6734.42
2480,1241,48,3,3393.83,13.31,10168.18,1975.18
2481,1241,23,4,2868.81,16.01,11459.23,3603.23
2482,1241,194,4,7044.36,13.9,28163.54,8307.54
2483,1242,52,4,448.48,17.55,1776.37,152.37
2484,1242,86,2,1091.11,1.34,2180.88,666.88
2485,1242,117,2,2834.64,5.34,5663.94,1543.94
2486,1243,136,1,3836.46,13.38,3823.08,354.08
2487,1243,127,4,6494.51,13.75,25964.29,9556.29
2488,1244,107,1,5511.95,7.93,5504.02,2024.02
2489,1244,20,3,303.07,2.97,906.24,198.24
2490,1245,198,3,2599.54,4.97,7793.65,2039.65
2491,1245,33,3,4863.47,18.06,14572.35,2374.35
2492,1246,190,1,3100.22,19.6,3080.62,911.62
2493,1247,136,1,3836.46,3.36,3833.1,364.1
2494,1247,19,3,5980.37,0.87,17940.24,5604.24
2495,1248,169,3,6981.12,4.93,20938.43,5968.43
2496,1248,78,1,1600.82,16.19,1584.63,404.63
2497,1248,132,1,198.54,9.75,188.79,36.79
2498,1249,3,1,7696.6,10.42,7686.18,2692.18
2499,1250,139,1,1210.99,6.59,1204.4,315.4
2500,1250,131,1,572.86,10.93,561.93,184.93
2501,1250,50,2,5429.37,5.65,10853.09,3807.09
2502,1251,9,1,3616.76,13.9,3602.86,1211.86
2503,1251,87,4,3417.67,19.62,13651.06,1859.06
2504,1252,165,4,3471.22,16.21,13868.67,3368.67
2505,1252,10,2,1249.33,19.23,2479.43,333.43
2506,1253,25,4,1979.19,14.03,7902.73,2662.73
2507,1254,6,2,3476.76,19.22,6934.3,740.3
2508,1254,75,4,4256.43,19.26,17006.46,5858.46
2509,1255,37,1,1522.64,2.98,1519.66,421.66
2510,1255,187,3,504.48,11.32,1502.12,542.12
2511,1256,199,2,7009.81,1.03,14018.59,4308.59
2512,1256,69,3,1797.42,11.7,5380.56,1318.56
2513,1257,154,1,4728.41,16.94,4711.47,1424.47
2514,1257,149,2,2606.01,0.01,5212.01,572.01
2515,1258,67,4,3825.3,7.39,15293.81,4705.81
2516,1258,91,4,4930.64,14.31,19708.25,4216.25
2517,1258,195,4,3047.63,7.81,12182.71,3650.71
2518,1259,162,1,3776.05,4.22,3771.83,1252.83
2519,1259,148,3,2839.22,16.99,8500.67,3007.67
2520,1259,129,4,1819.36,5.81,7271.63,2287.63
2521,1260,91,1,4930.64,10.57,4920.07,1047.07
2522,1260,186,3,7914.83,3.8,23740.69,8887.69
2523,1261,58,1,315.69,9.44,306.25,91.25
2524,1262,187,4,504.48,7.71,2010.21,730.21
2525,1262,48,4,3393.83,1.97,13573.35,2649.35
2526,1263,94,3,5544.85,9.8,16624.75,1729.75
2527,1263,102,1,6271.36,10.08,6261.28,1608.28
2528,1263,83,2,4426.65,11.53,8841.77,907.77
2529,1264,133,2,1476.81,7.38,2946.24,272.24
2530,1265,37,4,1522.64,10.3,6080.26,1688.26
2531,1265,140,1,5410.03,11.79,5398.24,986.24
2532,1266,99,3,3956.07,7.62,11860.59,4144.59
2533,1266,95,4,3093.45,16.2,12357.6,3941.6
2534,1266,112,2,650.07,2.78,1297.36,451.36
2535,1267,22,2,4915.03,9.4,9820.66,1846.66
2536,1268,32,2,5678.29,12.26,11344.32,2410.32
2537,1268,193,3,5092.0,19.31,15256.69,1597.69
2538,1269,144,1,4410.54,3.22,4407.32,987.32
2539,1269,35,1,2598.33,1.76,2596.57,798.57
2540,1270,174,1,1465.47,8.41,1457.06,162.06
2541,1271,5,2,1844.85,14.98,3674.72,1280.72
2542,1271,147,3,1363.26,5.35,4084.43,1441.43
2543,1272,171,2,7270.84,5.55,14536.13,5170.13
2544,1272,165,3,3471.22,13.93,10399.73,2524.73
2545,1273,191,2,933.8,3.73,1863.87,453.87
2546,1274,32,4,5678.29,16.76,22696.4,4828.4
2547,1274,120,1,1361.78,17.77,1344.01,437.01
2548,1274,125,3,2559.2,9.41,7668.19,1716.19
2549,1275,193,1,5092.0,14.25,5077.75,524.75
2550,1276,16,3,1573.66,0.03,4720.95,985.95
2551,1276,65,2,4404.24,14.83,8793.65,2703.65
2552,1276,45,4,4565.43,0.36,18261.36,2385.36
2553,1277,115,4,2618.2,14.23,10458.57,3834.57
2554,1277,193,3,5092.0,12.89,15263.11,1604.11
2555,1277,192,3,6331.66,2.85,18992.13,4385.13
2556,1278,58,2,315.69,2.68,628.7,198.7
2557,1278,196,4,638.3,9.54,2543.66,695.66
2558,1278,117,4,2834.64,5.05,11333.51,3093.51
2559,1279,13,2,5553.96,19.9,11088.02,2548.02
2560,1279,134,3,3568.12,3.73,10700.63,1229.63
2561,1280,135,3,4537.82,8.64,13604.82,1316.82
2562,1280,183,4,3649.52,3.79,14594.29,4646.29
2563,1281,183,4,3649.52,10.84,14587.24,4639.24
2564,1281,77,2,5661.33,16.23,11306.43,2746.43
2565,1282,171,3,7270.84,9.24,21803.28,7754.28
2566,1282,161,2,2333.99,7.37,4660.61,1418.61
2567,1282,153,3,3013.31,8.94,9030.99,1377.99
2568,1283,148,2,2839.22,13.65,5664.79,2002.79
2569,1283,88,2,5157.4,2.62,10312.18,1448.18
2570,1284,82,3,852.5,8.15,2549.35,683.35
2571,1285,171,4,7270.84,11.84,29071.52,10339.52
2572,1285,192,4,6331.66,12.9,25313.74,5837.74
2573,1285,18,4,6294.01,4.3,25171.74,5319.74
2574,1286,58,3,315.69,12.37,934.7,289.7
2575,1287,84,2,1792.84,14.09,3571.59,1153.59
2576,1287,183,3,3649.52,14.97,10933.59,3472.59
2577,1287,162,3,3776.05,19.22,11308.93,3751.93
2578,1288,72,4,5828.14,4.28,23308.28,5692.28
2579,1288,109,2,3992.5,8.02,7976.98,2366.98
2580,1288,150,4,6284.22,17.67,25119.21,6927.21
2581,1289,160,4,2514.92,13.58,10046.1,2174.1
2582,1289,182,4,3177.71,11.08,12699.76,2007.76
2583,1289,35,1,2598.33,0.88,2597.45,799.45
2584,1290,6,1,3476.76,1.95,3474.81,377.81
2585,1291,105,4,4856.31,11.92,19413.32,3497.32
2586,1291,82,1,852.5,6.44,846.06,224.06
2587,1291,88,1,5157.4,5.07,5152.33,720.33
2588,1292,145,4,792.87,8.91,3162.57,926.57
2589,1293,4,1,4963.98,0.03,4963.95,467.95
2590,1293,91,4,4930.64,18.0,19704.56,4212.56
2591,1293,169,2,6981.12,9.68,13952.56,3972.56
2592,1294,76,4,2598.97,8.47,10387.41,3259.41
2593,1294,33,3,4863.47,16.32,14574.09,2376.09
2594,1294,12,3,4572.81,2.3,13716.13,4431.13
2595,1295,40,3,5316.39,1.28,15947.89,4778.89
2596,1295,66,2,4903.31,15.18,9791.44,1967.44
2597,1296,111,4,2962.45,7.46,11842.34,2646.34
2598,1297,128,4,2167.32,4.25,8665.03,2753.03
2599,1297,34,4,5835.24,15.98,23324.98,4640.98
2600,1298,124,3,4391.54,0.96,13173.66,2613.66
2601,1298,3,3,7696.6,14.18,23075.62,8093.62
2602,1298,154,1,4728.41,5.14,4723.27,1436.27
2603,1299,20,2,303.07,17.35,588.79,116.79
2604,1299,106,1,1926.7,18.81,1907.89,625.89
2605,1300,10,4,1249.33,16.85,4980.47,688.47
2606,1300,101,4,7616.13,12.08,30452.44,10668.44
2607,1300,172,3,5175.17,9.49,15516.02,2412.02
2608,1301,24,4,2037.73,2.39,8148.53,2164.53
2609,1301,75,2,4256.43,7.37,8505.49,2931.49
2610,1301,169,2,6981.12,15.65,13946.59,3966.59
2611,1302,40,3,5316.39,15.14,15934.03,4765.03
2612,1303,96,2,2765.79,17.67,5513.91,1475.91
2613,1303,115,4,2618.2,9.79,10463.01,3839.01
2614,1303,3,4,7696.6,19.39,30767.01,10791.01
2615,1304,15,4,5784.26,3.52,23133.52,5717.52
2616,1304,168,3,360.61,16.23,1065.6,120.6
2617,1304,69,4,1797.42,14.98,7174.7,1758.7
2618,1305,47,4,5349.54,1.76,21396.4,5412.4
2619,1306,156,2,6188.4,13.13,12363.67,3959.67
2620,1306,61,1,2566.03,15.42,2550.61,937.61
2621,1306,113,3,5653.4,7.89,16952.31,2918.31
2622,1307,149,1,2606.01,11.66,2594.35,274.35
2623,1308,87,4,3417.67,17.77,13652.91,1860.91
2624,1308,5,1,1844.85,13.04,1831.81,634.81
2625,1308,38,1,5028.62,15.85,5012.77,1680.77
2626,1309,20,4,303.07,5.18,1207.1,263.1
2627,1309,119,1,2869.36,17.42,2851.94,609.94
2628,1309,129,1,1819.36,1.81,1817.55,571.55
2629,1310,196,2,638.3,17.47,1259.13,335.13
2630,1310,122,2,7212.86,12.09,14413.63,4997.63
2631,1311,124,2,4391.54,15.31,8767.77,1727.77
2632,1312,192,4,6331.66,8.81,25317.83,5841.83
2633,1312,16,3,1573.66,7.21,4713.77,978.77
2634,1312,150,1,6284.22,9.48,6274.74,1726.74
2635,1313,151,4,2964.55,12.18,11846.02,1142.02
2636,1313,25,3,1979.19,5.85,5931.72,2001.72
2637,1313,123,1,3078.2,0.99,3077.21,841.21
2638,1314,56,1,4864.07,4.24,4859.83,925.83
2639,1315,147,2,1363.26,9.42,2717.1,955.1
2640,1315,6,2,3476.76,1.29,6952.23,758.23
2641,1315,140,3,5410.03,1.51,16228.58,2992.58
2642,1316,178,2,244.03,14.84,473.22,163.22
2643,1317,69,2,1797.42,14.01,3580.83,872.83
2644,1317,17,3,1855.26,15.93,5549.85,1256.85
2645,1317,122,4,7212.86,13.33,28838.11,10006.11
2646,1318,143,2,1084.42,3.1,2165.74,645.74
2647,1318,93,2,278.24,13.82,542.66,86.66
2648,1319,172,1,5175.17,17.39,5157.78,789.78
2649,1319,50,1,5429.37,15.68,5413.69,1890.69
2650,1320,141,2,3818.5,12.17,7624.83,922.83
2651,1321,92,2,1142.9,10.86,2274.94,226.94
2652,1322,128,1,2167.32,7.49,2159.83,681.83
2653,1322,90,4,4881.97,6.01,19521.87,5225.87
2654,1322,106,3,1926.7,17.01,5763.09,1917.09
2655,1323,71,3,2797.48,6.42,8386.02,2719.02
2656,1323,39,2,552.25,2.05,1102.45,214.45
2657,1324,141,3,3818.5,14.52,11440.98,1387.98
2658,1325,13,4,5553.96,6.32,22209.52,5129.52
2659,1325,90,1,4881.97,14.94,4867.03,1293.03
2660,1325,29,1,6088.79,6.4,6082.39,2119.39
2661,1326,144,4,4410.54,9.73,17632.43,3952.43
2662,1327,65,4,4404.24,8.7,17608.26,5428.26
2663,1327,115,4,2618.2,7.54,10465.26,3841.26
2664,1328,76,4,2598.97,15.26,10380.62,3252.62
2665,1328,57,2,2097.22,6.01,4188.43,1326.43
2666,1328,71,4,2797.48,19.48,11170.44,3614.44
2667,1329,148,2,2839.22,3.12,5675.32,2013.32
2668,1329,178,4,244.03,18.4,957.72,337.72
2669,1330,158,1,6464.49,6.9,6457.59,1478.59
2670,1331,75,2,4256.43,10.99,8501.87,2927.87
2671,1331,63,3,5551.59,19.74,16635.03,5358.03
2672,1332,30,3,5234.76,0.17,15704.11,2657.11
2673,1333,65,4,4404.24,2.61,17614.35,5434.35
2674,1334,123,4,3078.2,3.28,12309.52,3365.52
2675,1334,91,4,4930.64,9.02,19713.54,4221.54
2676,1334,105,4,4856.31,0.32,19424.92,3508.92
2677,1335,82,1,852.5,12.13,840.37,218.37
2678,1335,193,3,5092.0,9.69,15266.31,1607.31
2679,1335,100,4,4359.62,7.3,17431.18,3483.18
2680,1336,136,3,3836.46,10.48,11498.9,1091.9
2681,1336,130,3,7243.63,18.06,21712.83,8089.83
2682,1336,116,1,3021.59,4.89,3016.7,929.7
2683,1337,138,3,5451.69,19.18,16335.89,5454.89
2684,1337,186,4,7914.83,1.29,31658.03,11854.03
2685,1337,145,3,792.87,3.62,2374.99,697.99
2686,1338,123,4,3078.2,5.55,12307.25,3363.25
2687,1338,41,1,2657.03,2.83,2654.2,899.2
2688,1339,117,4,2834.64,7.38,11331.18,3091.18
2689,1339,19,1,5980.37,18.56,5961.81,1849.81
2690,1339,133,4,1476.81,6.64,5900.6,552.6
2691,1340,138,2,5451.69,2.54,10900.84,3646.84
2692,1340,153,1,3013.31,12.79,3000.52,449.52
2693,1340,16,3,1573.66,11.78,4709.2,974.2
2694,1341,190,1,3100.22,8.76,3091.46,922.46
2695,1341,141,3,3818.5,5.69,11449.81,1396.81
2696,1342,18,2,6294.01,5.54,12582.48,2656.48
2697,1342,75,4,4256.43,2.51,17023.21,5875.21
2698,1342,121,1,2267.36,19.61,2247.75,483.75
2699,1343,64,1,7118.68,15.5,7103.18,2232.18
2700,1344,61,2,2566.03,7.44,5124.62,1898.62
2701,1344,183,3,3649.52,12.25,10936.31,3475.31
2702,1345,172,1,5175.17,11.41,5163.76,795.76
2703,1345,41,2,2657.03,14.6,5299.46,1789.46
2704,1345,104,1,1652.43,10.51,1641.92,319.92
2705,1346,84,4,1792.84,10.08,7161.28,2325.28
2706,1346,38,4,5028.62,19.68,20094.8,6766.8
2707,1346,109,2,3992.5,0.95,7984.05,2374.05
2708,1347,57,2,2097.22,17.35,4177.09,1315.09
2709,1347,106,1,1926.7,11.38,1915.32,633.32
2710,1348,129,3,1819.36,18.6,5439.48,1701.48
2711,1348,194,1,7044.36,13.72,7030.64,2066.64
2712,1349,170,1,250.43,8.87,241.56,40.56
2713,1349,103,2,5536.18,18.9,11053.46,2261.46
2714,1350,198,1,2599.54,13.73,2585.81,667.81
2715,1350,114,2,4077.29,14.21,8140.37,2974.37
2716,1350,38,4,5028.62,7.11,20107.37,6779.37
2717,1351,89,3,454.52,7.72,1355.84,497.84
2718,1352,78,1,1600.82,14.76,1586.06,406.06
2719,1352,31,1,5674.17,9.18,5664.99,1260.99
2720,1352,150,4,6284.22,3.29,25133.59,6941.59
2721,1353,142,1,5775.74,14.33,5761.41,1033.41
2722,1353,142,4,5775.74,13.41,23089.55,4177.55
2723,1354,129,3,1819.36,0.14,5457.94,1719.94
2724,1354,81,2,5497.32,13.81,10980.83,1306.83
2725,1354,94,2,5544.85,14.83,11074.87,1144.87
2726,1355,123,2,3078.2,8.75,6147.65,1675.65
2727,1355,159,3,3489.26,0.66,10467.12,3450.12
2728,1355,179,1,4824.55,6.98,4817.57,1605.57
2729,1356,105,4,4856.31,8.97,19416.27,3500.27
2730,1357,137,1,7130.26,6.35,7123.91,2635.91
2731,1358,116,1,3021.59,16.56,3005.03,918.03
2732,1358,134,3,3568.12,4.49,10699.87,1228.87
2733,1358,143,2,1084.42,2.23,2166.61,646.61
2734,1359,147,2,1363.26,6.2,2720.32,958.32
2735,1359,27,4,336.73,4.83,1342.09,322.09
2736,1359,110,2,1172.22,11.33,2333.11,619.11
2737,1360,96,2,2765.79,0.67,5530.91,1492.91
2738,1360,175,2,4435.81,19.56,8852.06,1754.06
2739,1360,196,1,638.3,8.47,629.83,167.83
2740,1361,102,4,6271.36,6.72,25078.72,6466.72
2741,1361,103,4,5536.18,9.61,22135.11,4551.11
2742,1361,90,3,4881.97,8.98,14636.93,3914.93
2743,1362,75,1,4256.43,16.22,4240.21,1453.21
2744,1362,191,4,933.8,9.63,3725.57,905.57
2745,1363,4,3,4963.98,0.78,14891.16,1403.16
2746,1363,192,1,6331.66,0.52,6331.14,1462.14
2747,1364,84,4,1792.84,3.02,7168.34,2332.34
2748,1364,129,3,1819.36,15.12,5442.96,1704.96
2749,1365,39,1,552.25,10.53,541.72,97.72
2750,1365,30,1,5234.76,15.86,5218.9,869.9
2751,1365,16,4,1573.66,14.7,6279.94,1299.94
2752,1366,149,2,2606.01,2.34,5209.68,569.68
2753,1366,134,1,3568.12,8.56,3559.56,402.56
2754,1367,23,3,2868.81,12.7,8593.73,2701.73
2755,1368,23,2,2868.81,12.96,5724.66,1796.66
2756,1368,71,4,2797.48,13.27,11176.65,3620.65
2757,1369,11,3,4727.45,6.71,14175.64,4704.64
2758,1370,142,2,5775.74,2.6,11548.88,2092.88
2759,1370,104,1,1652.43,18.54,1633.89,311.89
2760,1370,156,3,6188.4,12.48,18552.72,5946.72
2761,1371,90,1,4881.97,18.41,4863.56,1289.56
2762,1371,168,4,360.61,4.22,1438.22,178.22
2763,1371,75,4,4256.43,2.8,17022.92,5874.92
2764,1372,84,1,1792.84,9.69,1783.15,574.15
2765,1372,57,2,2097.22,6.99,4187.45,1325.45
2766,1373,165,2,3471.22,5.21,6937.23,1687.23
2767,1373,157,4,1186.69,8.03,4738.73,1138.73
2768,1374,10,1,1249.33,14.59,1234.74,161.74
2769,1374,55,1,6404.04,5.46,6398.58,2252.58
2770,1374,186,4,7914.83,9.92,31649.4,11845.4
2771,1375,27,3,336.73,0.2,1009.99,244.99
2772,1375,29,4,6088.79,1.02,24354.14,8502.14
2773,1376,54,1,6094.37,9.96,6084.41,2262.41
2774,1376,152,1,1890.92,17.75,1873.17,592.17
2775,1377,144,1,4410.54,4.46,4406.08,986.08
2776,1377,161,3,2333.99,7.59,6994.38,2131.38
2777,1377,47,1,5349.54,7.3,5342.24,1346.24
2778,1378,84,3,1792.84,18.55,5359.97,1732.97
2779,1378,40,3,5316.39,8.78,15940.39,4771.39
2780,1379,57,4,2097.22,2.16,8386.72,2662.72
2781,1379,152,4,1890.92,7.89,7555.79,2431.79
2782,1380,194,3,7044.36,18.56,21114.52,6222.52
2783,1381,150,3,6284.22,9.77,18842.89,5198.89
2784,1381,143,1,1084.42,12.62,1071.8,311.8
2785,1381,158,4,6464.49,2.39,25855.57,5939.57
2786,1382,57,1,2097.22,15.17,2082.05,651.05
2787,1382,25,4,1979.19,0.74,7916.02,2676.02
2788,1382,98,1,3766.26,5.3,3760.96,1048.96
2789,1383,115,1,2618.2,17.93,2600.27,944.27
2790,1383,68,3,2309.06,15.32,6911.86,1184.86
2791,1384,67,3,3825.3,19.37,11456.53,3515.53
2792,1384,129,2,1819.36,11.99,3626.73,1134.73
2793,1385,153,3,3013.31,14.57,9025.36,1372.36
2794,1385,23,1,2868.81,16.7,2852.11,888.11
2795,1385,119,1,2869.36,5.09,2864.27,622.27
2796,1386,35,1,2598.33,12.06,2586.27,788.27
2797,1386,50,4,5429.37,4.93,21712.55,7620.55
2798,1387,189,2,4900.58,6.25,9794.91,1414.91
2799,1387,122,4,7212.86,0.05,28851.39,10019.39
2800,1388,169,1,6981.12,6.22,6974.9,1984.9
2801,1388,196,3,638.3,0.07,1914.83,528.83
2802,1389,32,2,5678.29,7.05,11349.53,2415.53
2803,1389,84,3,1792.84,6.83,5371.69,1744.69
2804,1389,51,2,5007.82,16.35,9999.29,3295.29
2805,1390,23,2,2868.81,10.67,5726.95,1798.95
2806,1391,93,3,278.24,1.45,833.27,149.27
2807,1391,171,3,7270.84,5.46,21807.06,7758.06
2808,1391,161,3,2333.99,15.45,6986.52,2123.52
2809,1392,2,3,3361.74,8.04,10077.18,1107.18
2810,1392,164,1,3449.26,10.21,3439.05,745.05
2811,1393,45,1,4565.43,8.77,4556.66,587.66
2812,1393,39,4,552.25,3.76,2205.24,429.24
2813,1393,178,2,244.03,13.13,474.93,164.93
2814,1394,27,2,336.73,3.03,670.43,160.43
2815,1394,116,2,3021.59,4.88,6038.3,1864.3
2816,1394,33,4,4863.47,8.94,19444.94,3180.94
2817,1395,75,4,4256.43,17.64,17008.08,5860.08
2818,1395,130,1,7243.63,11.61,7232.02,2691.02
2819,1396,138,4,5451.69,12.8,21793.96,7285.96
2820,1396,76,2,2598.97,19.51,5178.43,1614.43
2821,1397,157,2,1186.69,15.75,2357.63,557.63
2822,1397,126,3,6579.87,12.74,19726.87,5896.87
2823,1397,187,4,504.48,8.18,2009.74,729.74
2824,1398,2,3,3361.74,4.6,10080.62,1110.62
2825,1398,113,2,5653.4,15.27,11291.53,1935.53
2826,1398,20,4,303.07,2.47,1209.81,265.81
2827,1399,28,4,5032.36,9.0,20120.44,6192.44
2828,1400,78,1,1600.82,18.3,1582.52,402.52
2829,1401,57,2,2097.22,3.99,4190.45,1328.45
2830,1401,171,1,7270.84,10.24,7260.6,2577.6
2831,1401,104,3,1652.43,10.81,4946.48,980.48
2832,1402,109,2,3992.5,10.75,7974.25,2364.25
2833,1403,57,3,2097.22,19.1,6272.56,1979.56
2834,1403,91,3,4930.64,15.5,14776.42,3157.42
2835,1403,62,4,2352.48,10.88,9399.04,871.04
2836,1404,63,3,5551.59,16.18,16638.59,5361.59
2837,1404,149,1,2606.01,0.43,2605.58,285.58
2838,1405,4,4,4963.98,16.92,19839.0,1855.0
2839,1405,98,3,3766.26,1.19,11297.59,3161.59
2840,1406,106,2,1926.7,16.19,3837.21,1273.21
2841,1407,142,2,5775.74,2.89,11548.59,2092.59
2842,1407,87,1,3417.67,12.77,3404.9,456.9
2843,1408,38,4,5028.62,19.23,20095.25,6767.25
2844,1408,199,2,7009.81,6.75,14012.87,4302.87
2845,1408,33,1,4863.47,1.21,4862.26,796.26
2846,1409,83,4,4426.65,16.89,17689.71,1821.71
2847,1410,167,1,6421.3,7.89,6413.41,1751.41
2848,1410,135,1,4537.82,0.74,4537.08,441.08
2849,1411,165,3,3471.22,3.68,10409.98,2534.98
2850,1411,136,4,3836.46,8.37,15337.47,1461.47
2851,1412,55,4,6404.04,11.05,25605.11,9021.11
2852,1412,143,2,1084.42,2.27,2166.57,646.57
2853,1412,58,4,315.69,19.71,1243.05,383.05
2854,1413,117,1,2834.64,18.47,2816.17,756.17
2855,1413,149,1,2606.01,3.9,2602.11,282.11
2856,1413,40,1,5316.39,18.27,5298.12,1575.12
2857,1414,171,4,7270.84,3.54,29079.82,10347.82
2858,1414,124,1,4391.54,12.65,4378.89,858.89
2859,1414,73,4,5457.97,5.71,21826.17,2942.17
2860,1415,115,2,2618.2,1.26,5235.14,1923.14
2861,1415,59,1,1997.79,17.8,1979.99,297.99
2862,1415,40,2,5316.39,3.46,10629.32,3183.32
2863,1416,174,2,1465.47,19.28,2911.66,321.66
2864,1416,10,1,1249.33,5.93,1243.4,170.4
2865,1416,174,2,1465.47,11.01,2919.93,329.93
2866,1417,126,3,6579.87,5.83,19733.78,5903.78
2867,1417,130,4,7243.63,15.75,28958.77,10794.77
2868,1418,117,1,2834.64,1.15,2833.49,773.49
2869,1418,147,2,1363.26,14.73,2711.79,949.79
2870,1419,56,4,4864.07,8.22,19448.06,3712.06
2871,1419,134,2,3568.12,9.56,7126.68,812.68
2872,1420,167,3,6421.3,12.97,19250.93,5264.93
2873,1420,87,2,3417.67,10.79,6824.55,928.55
2874,1420,4,4,4963.98,14.95,19840.97,1856.97
2875,1421,149,1,2606.01,14.63,2591.38,271.38
2876,1421,38,1,5028.62,12.6,5016.02,1684.02
2877,1421,59,3,1997.79,19.83,5973.54,927.54
2878,1422,73,2,5457.97,4.19,10911.75,1469.75
2879,1423,173,4,1527.03,11.61,6096.51,1148.51
2880,1423,30,1,5234.76,1.67,5233.09,884.09
2881,1424,159,2,3489.26,19.78,6958.74,2280.74
2882,1425,48,1,3393.83,16.98,3376.85,645.85
2883,1425,45,4,4565.43,1.09,18260.63,2384.63
2884,1426,100,3,4359.62,2.61,13076.25,2615.25
2885,1427,60,1,5461.59,7.58,5454.01,1133.01
2886,1428,40,2,5316.39,2.11,10630.67,3184.67
2887,1428,22,4,4915.03,2.42,19657.7,3709.7
2888,1428,76,3,2598.97,9.3,7787.61,2441.61
2889,1429,86,1,1091.11,12.07,1079.04,322.04
2890,1430,8,1,907.81,11.96,895.85,193.85
2891,1430,2,3,3361.74,8.26,10076.96,1106.96
2892,1431,164,3,3449.26,3.15,10344.63,2262.63
2893,1432,94,3,5544.85,1.74,16632.81,1737.81
2894,1433,93,2,278.24,5.27,551.21,95.21
2895,1434,39,2,552.25,16.13,1088.37,200.37
2896,1435,123,1,3078.2,1.09,3077.11,841.11
2897,1435,191,4,933.8,0.43,3734.77,914.77
2898,1436,50,3,5429.37,17.67,16270.44,5701.44
2899,1437,21,3,6119.99,11.6,18348.37,3705.37
2900,1437,22,4,4915.03,6.74,19653.38,3705.38
2901,1438,127,4,6494.51,13.88,25964.16,9556.16
2902,1438,90,2,4881.97,7.88,9756.06,2608.06
2903,1438,135,4,4537.82,18.88,18132.4,1748.4
2904,1439,135,1,4537.82,8.02,4529.8,433.8
2905,1439,64,1,7118.68,9.55,7109.13,2238.13
2906,1439,30,1,5234.76,1.33,5233.43,884.43
2907,1440,30,2,5234.76,5.86,10463.66,1765.66
2908,1440,80,3,4102.63,17.74,12290.15,2261.15
2909,1441,56,1,4864.07,18.31,4845.76,911.76
2910,1441,114,1,4077.29,18.46,4058.83,1475.83
2911,1442,68,1,2309.06,11.47,2297.59,388.59
2912,1442,175,4,4435.81,8.05,17735.19,3539.19
2913,1442,82,1,852.5,10.85,841.65,219.65
2914,1443,50,3,5429.37,0.15,16287.96,5718.96
2915,1444,127,4,6494.51,17.66,25960.38,9552.38
2916,1445,100,1,4359.62,4.13,4355.49,868.49
2917,1446,27,2,336.73,9.04,664.42,154.42
2918,1447,171,1,7270.84,9.1,7261.74,2578.74
2919,1448,82,4,852.5,11.74,3398.26,910.26
2920,1449,67,1,3825.3,0.61,3824.69,1177.69
2921,1449,171,3,7270.84,5.82,21806.7,7757.7
2922,1450,186,1,7914.83,14.19,7900.64,2949.64
2923,1450,142,2,5775.74,17.04,11534.44,2078.44
2924,1451,72,2,5828.14,5.42,11650.86,2842.86
2925,1451,78,1,1600.82,16.72,1584.1,404.1
2926,1452,82,3,852.5,13.18,2544.32,678.32
2927,1452,37,3,1522.64,18.19,4549.73,1255.73
2928,1453,59,1,1997.79,12.88,1984.91,302.91
2929,1454,33,1,4863.47,15.93,4847.54,781.54
2930,1454,131,3,572.86,8.01,1710.57,579.57
2931,1455,90,1,4881.97,12.56,4869.41,1295.41
2932,1455,39,2,552.25,5.58,1098.92,210.92
2933,1455,101,3,7616.13,2.94,22845.45,8007.45
2934,1456,74,4,2434.43,5.14,9732.58,2708.58
2935,1456,60,1,5461.59,18.93,5442.66,1121.66
2936,1457,149,3,2606.01,0.19,7817.84,857.84
2937,1457,83,3,4426.65,2.07,13277.88,1376.88
2938,1458,122,1,7212.86,18.63,7194.23,2486.23
2939,1459,165,4,3471.22,14.86,13870.02,3370.02
2940,1459,162,1,3776.05,15.14,3760.91,1241.91
2941,1460,140,1,5410.03,12.78,5397.25,985.25
2942,1460,148,3,2839.22,9.06,8508.6,3015.6
2943,1461,143,2,1084.42,19.68,2149.16,629.16
2944,1462,173,3,1527.03,12.68,4568.41,857.41
2945,1462,164,3,3449.26,9.77,10338.01,2256.01
2946,1462,62,2,2352.48,5.35,4699.61,435.61
2947,1463,168,4,360.61,4.97,1437.47,177.47
2948,1463,123,1,3078.2,1.88,3076.32,840.32
2949,1463,198,3,2599.54,3.12,7795.5,2041.5
2950,1464,20,4,303.07,15.94,1196.34,252.34
2951,1465,2,2,3361.74,9.48,6714.0,734.0
2952,1465,192,1,6331.66,10.37,6321.29,1452.29
2953,1466,147,4,1363.26,5.37,5447.67,1923.67
2954,1466,159,3,3489.26,3.38,10464.4,3447.4
2955,1466,186,3,7914.83,0.65,23743.84,8890.84
2956,1467,40,1,5316.39,10.61,5305.78,1582.78
2957,1467,40,4,5316.39,7.96,21257.6,6365.6
2958,1467,53,2,1531.38,5.76,3057.0,1099.0
2959,1468,25,1,1979.19,11.94,1967.25,657.25
2960,1468,10,4,1249.33,3.55,4993.77,701.77
2961,1468,166,1,1355.22,10.21,1345.01,160.01
2962,1469,191,1,933.8,7.88,925.92,220.92
2963,1469,23,1,2868.81,3.0,2865.81,901.81
2964,1469,31,4,5674.17,18.73,22677.95,5061.95
2965,1470,142,2,5775.74,15.57,11535.91,2079.91
2966,1471,62,1,2352.48,3.71,2348.77,216.77
2967,1472,36,3,5135.84,0.05,15407.47,3317.47
2968,1472,55,3,6404.04,18.86,19193.26,6755.26
2969,1473,109,2,3992.5,13.78,7971.22,2361.22
2970,1474,24,2,2037.73,5.59,4069.87,1077.87
2971,1474,168,4,360.61,3.77,1438.67,178.67
2972,1475,126,2,6579.87,13.99,13145.75,3925.75
2973,1475,47,1,5349.54,13.52,5336.02,1340.02
2974,1475,39,1,552.25,12.18,540.07,96.07
2975,1476,153,2,3013.31,17.93,6008.69,906.69
2976,1476,95,4,3093.45,1.31,12372.49,3956.49
2977,1477,37,3,1522.64,1.01,4566.91,1272.91
2978,1477,85,2,4281.36,13.26,8549.46,2083.46
2979,1478,58,1,315.69,17.27,298.42,83.42
2980,1478,92,4,1142.9,9.89,4561.71,465.71
2981,1479,156,2,6188.4,7.91,12368.89,3964.89
2982,1479,47,4,5349.54,4.22,21393.94,5409.94
2983,1479,117,2,2834.64,4.45,5664.83,1544.83
2984,1480,109,1,3992.5,2.55,3989.95,1184.95
2985,1481,83,1,4426.65,2.04,4424.61,457.61
2986,1482,62,2,2352.48,1.01,4703.95,439.95
2987,1483,49,3,5840.98,18.91,17504.03,3095.03
2988,1483,46,3,7321.91,8.1,21957.63,8133.63
2989,1484,199,3,7009.81,14.23,21015.2,6450.2
2990,1484,44,2,2260.37,2.79,4517.95,503.95
2991,1484,47,2,5349.54,17.12,10681.96,2689.96
2992,1485,124,2,4391.54,10.47,8772.61,1732.61
2993,1485,181,4,3227.71,1.18,12909.66,2665.66
2994,1485,196,3,638.3,4.14,1910.76,524.76
2995,1486,64,4,7118.68,0.24,28474.48,8990.48
2996,1487,144,4,4410.54,19.18,17622.98,3942.98
2997,1487,159,2,3489.26,2.48,6976.04,2298.04
2998,1488,109,2,3992.5,2.81,7982.19,2372.19
2999,1489,2,2,3361.74,8.93,6714.55,734.55
3000,1489,160,2,2514.92,1.49,5028.35,1092.35
3001,1489,140,3,5410.03,5.4,16224.69,2988.69
3002,1490,198,2,2599.54,10.81,5188.27,1352.27
3003,1490,164,3,3449.26,19.69,10328.09,2246.09
3004,1490,190,2,3100.22,10.87,6189.57,1851.57
3005,1491,115,1,2618.2,13.42,2604.78,948.78
3006,1492,44,3,2260.37,16.85,6764.26,743.26
3007,1492,8,4,907.81,17.13,3614.11,806.11
3008,1493,4,3,4963.98,18.28,14873.66,1385.66
3009,1494,167,2,6421.3,17.08,12825.52,3501.52
3010,1494,142,1,5775.74,13.34,5762.4,1034.4
3011,1495,171,2,7270.84,11.29,14530.39,5164.39
3012,1496,83,1,4426.65,16.12,4410.53,443.53
3013,1496,137,3,7130.26,9.84,21380.94,7916.94
3014,1496,142,2,5775.74,19.23,11532.25,2076.25
3015,1497,91,2,4930.64,9.29,9851.99,2105.99
3016,1497,110,3,1172.22,2.01,3514.65,943.65
3017,1497,61,2,2566.03,14.87,5117.19,1891.19
3018,1498,98,4,3766.26,8.32,15056.72,4208.72
3019,1499,166,4,1355.22,4.26,5416.62,676.62
3020,1500,26,1,7539.95,14.37,7525.58,2735.58
3021,1501,152,3,1890.92,6.74,5666.02,1823.02
3022,1502,63,4,5551.59,4.11,22202.25,7166.25
3023,1502,49,3,5840.98,13.7,17509.24,3100.24
3024,1502,127,1,6494.51,19.45,6475.06,2373.06
3025,1503,125,2,2559.2,0.55,5117.85,1149.85
3026,1504,149,2,2606.01,17.58,5194.44,554.44
3027,1504,74,3,2434.43,10.35,7292.94,2024.94
3028,1504,37,1,1522.64,7.82,1514.82,416.82
3029,1505,178,3,244.03,2.54,729.55,264.55
3030,1505,70,4,5087.1,4.88,20343.52,6319.52
3031,1506,16,4,1573.66,18.9,6275.74,1295.74
3032,1506,148,1,2839.22,6.71,2832.51,1001.51
3033,1507,113,1,5653.4,2.59,5650.81,972.81
3034,1507,41,1,2657.03,12.43,2644.6,889.6
3035,1508,155,1,4794.0,16.94,4777.06,1533.06
3036,1508,180,3,3738.11,0.22,11214.11,2688.11
3037,1508,26,4,7539.95,10.79,30149.01,10989.01
3038,1509,68,3,2309.06,6.44,6920.74,1193.74
3039,1509,181,4,3227.71,19.98,12890.86,2646.86
3040,1509,185,1,3574.96,16.49,3558.47,468.47
3041,1510,48,1,3393.83,19.39,3374.44,643.44
3042,1510,163,3,2701.47,18.08,8086.33,1201.33
3043,1511,177,3,2260.51,8.4,6773.13,1670.13
3044,1511,72,1,5828.14,11.28,5816.86,1412.86
3045,1512,187,4,504.48,12.92,2005.0,725.0
3046,1513,189,2,4900.58,0.71,9800.45,1420.45
3047,1513,19,2,5980.37,17.69,11943.05,3719.05
3048,1513,21,3,6119.99,17.46,18342.51,3699.51
3049,1514,138,1,5451.69,7.75,5443.94,1816.94
3050,1514,147,1,1363.26,16.86,1346.4,465.4
3051,1514,70,4,5087.1,7.19,20341.21,6317.21
3052,1515,13,1,5553.96,0.8,5553.16,1283.16
3053,1516,75,4,4256.43,5.1,17020.62,5872.62
3054,1517,119,4,2869.36,10.57,11466.87,2498.87
3055,1517,188,4,5532.23,7.02,22121.9,7357.9
3056,1517,5,3,1844.85,19.87,5514.68,1923.68
3057,1518,37,3,1522.64,7.93,4559.99,1265.99
3058,1518,114,4,4077.29,1.21,16307.95,5975.95
3059,1518,136,1,3836.46,13.93,3822.53,353.53
3060,1519,21,1,6119.99,19.75,6100.24,1219.24
3061,1519,171,1,7270.84,15.85,7254.99,2571.99
3062,1519,46,3,7321.91,1.2,21964.53,8140.53
3063,1520,145,3,792.87,12.03,2366.58,689.58
3064,1520,28,3,5032.36,18.8,15078.28,4632.28
3065,1521,199,4,7009.81,5.13,28034.11,8614.11
3066,1522,71,4,2797.48,18.99,11170.93,3614.93
3067,1522,197,4,4180.68,17.56,16705.16,2201.16
3068,1522,26,1,7539.95,13.82,7526.13,2736.13
3069,1523,180,2,3738.11,2.43,7473.79,1789.79
3070,1524,15,2,5784.26,7.24,11561.28,2853.28
3071,1524,26,4,7539.95,10.2,30149.6,10989.6
3072,1525,98,4,3766.26,5.66,15059.38,4211.38
3073,1525,165,2,3471.22,5.03,6937.41,1687.41
3074,1526,139,2,1210.99,3.7,2418.28,640.28
3075,1526,18,1,6294.01,17.12,6276.89,1313.89
3076,1526,114,2,4077.29,5.44,8149.14,2983.14
3077,1527,72,4,5828.14,18.67,23293.89,5677.89
3078,1527,182,2,3177.71,15.62,6339.8,993.8
3079,1527,184,3,2633.24,19.58,7880.14,1625.14
3080,1528,77,3,5661.33,0.4,16983.59,4143.59
3081,1528,170,3,250.43,7.69,743.6,140.6
3082,1529,66,4,4903.31,4.69,19608.55,3960.55
3083,1529,149,2,2606.01,12.89,5199.13,559.13
3084,1529,190,4,3100.22,11.2,12389.68,3713.68
3085,1530,193,2,5092.0,9.57,10174.43,1068.43
3086,1530,173,4,1527.03,8.36,6099.76,1151.76
3087,1531,121,2,2267.36,9.06,4525.66,997.66
3088,1531,64,3,7118.68,17.13,21338.91,6725.91
3089,1531,145,1,792.87,17.1,775.77,216.77
3090,1532,33,4,4863.47,6.13,19447.75,3183.75
3091,1532,118,4,5356.59,8.5,21417.86,5741.86
3092,1533,178,1,244.03,11.77,232.26,77.26
3093,1534,42,4,2717.08,16.77,10851.55,1551.55
3094,1534,148,2,2839.22,2.26,5676.18,2014.18
3095,1535,128,1,2167.32,10.62,2156.7,678.7
3096,1535,193,4,5092.0,6.37,20361.63,2149.63
3097,1535,161,3,2333.99,16.91,6985.06,2122.06
3098,1536,188,4,5532.23,9.7,22119.22,7355.22
3099,1537,115,4,2618.2,19.32,10453.48,3829.48
3100,1537,29,3,6088.79,0.68,18265.69,6376.69
3101,1538,15,2,5784.26,19.39,11549.13,2841.13
3102,1538,192,1,6331.66,13.94,6317.72,1448.72
3103,1539,66,3,4903.31,0.72,14709.21,2973.21
3104,1539,159,3,3489.26,9.17,10458.61,3441.61
3105,1540,100,2,4359.62,9.81,8709.43,1735.43
3106,1540,69,3,1797.42,7.14,5385.12,1323.12
3107,1541,172,4,5175.17,7.81,20692.87,3220.87
3108,1541,193,4,5092.0,4.21,20363.79,2151.79
3109,1541,177,3,2260.51,19.43,6762.1,1659.1
3110,1542,7,3,5629.83,19.04,16870.45,2764.45
3111,1542,176,4,3397.33,3.21,13586.11,4942.11
3112,1543,34,2,5835.24,9.5,11660.98,2318.98
3113,1543,173,4,1527.03,1.2,6106.92,1158.92
3114,1544,70,2,5087.1,14.71,10159.49,3147.49
3115,1544,110,4,1172.22,0.46,4688.42,1260.42
3116,1544,109,1,3992.5,15.76,3976.74,1171.74
3117,1545,112,3,650.07,5.28,1944.93,675.93
3118,1545,198,3,2599.54,3.93,7794.69,2040.69
3119,1546,124,4,4391.54,16.04,17550.12,3470.12
3120,1547,123,4,3078.2,17.41,12295.39,3351.39
3121,1548,66,2,4903.31,5.56,9801.06,1977.06
3122,1548,74,1,2434.43,11.73,2422.7,666.7
3123,1548,175,4,4435.81,11.64,17731.6,3535.6
3124,1549,121,2,2267.36,6.86,4527.86,999.86
3125,1549,10,1,1249.33,7.76,1241.57,168.57
3126,1549,110,4,1172.22,10.6,4678.28,1250.28
3127,1550,37,2,1522.64,1.07,3044.21,848.21
3128,1550,6,1,3476.76,3.93,3472.83,375.83
3129,1550,192,3,6331.66,16.5,18978.48,4371.48
3130,1551,54,4,6094.37,5.99,24371.49,9083.49
3131,1552,147,2,1363.26,15.16,2711.36,949.36
3132,1552,73,1,5457.97,11.04,5446.93,725.93
3133,1553,173,3,1527.03,18.15,4562.94,851.94
3134,1553,31,2,5674.17,11.45,11336.89,2528.89
3135,1554,11,2,4727.45,1.36,9453.54,3139.54
3136,1554,40,4,5316.39,19.87,21245.69,6353.69
3137,1555,112,3,650.07,11.8,1938.41,669.41
3138,1555,22,2,4915.03,0.55,9829.51,1855.51
3139,1556,145,1,792.87,19.86,773.01,214.01
3140,1557,111,4,2962.45,12.93,11836.87,2640.87
3141,1557,56,3,4864.07,16.54,14575.67,2773.67
3142,1558,185,4,3574.96,7.14,14292.7,1932.7
3143,1559,74,2,2434.43,10.6,4858.26,1346.26
3144,1559,63,4,5551.59,14.39,22191.97,7155.97
3145,1559,161,3,2333.99,1.07,7000.9,2137.9
3146,1560,46,4,7321.91,9.5,29278.14,10846.14
3147,1560,21,4,6119.99,11.51,24468.45,4944.45
3148,1560,103,2,5536.18,7.15,11065.21,2273.21
3149,1561,91,2,4930.64,3.16,9858.12,2112.12
3150,1561,156,2,6188.4,5.56,12371.24,3967.24
3151,1562,79,2,789.02,13.82,1564.22,420.22
3152,1562,143,4,1084.42,15.25,4322.43,1282.43
3153,1562,62,3,2352.48,17.21,7040.23,644.23
3154,1563,135,4,4537.82,8.85,18142.43,1758.43
3155,1564,66,4,4903.31,15.77,19597.47,3949.47
3156,1564,158,1,6464.49,1.04,6463.45,1484.45
3157,1565,181,2,3227.71,11.94,6443.48,1321.48
3158,1565,98,3,3766.26,3.65,11295.13,3159.13
3159,1566,191,3,933.8,9.72,2791.68,676.68
3160,1567,13,2,5553.96,0.36,11107.56,2567.56
3161,1567,20,1,303.07,9.2,293.87,57.87
3162,1567,18,2,6294.01,11.9,12576.12,2650.12
3163,1568,177,2,2260.51,9.13,4511.89,1109.89
3164,1569,109,3,3992.5,8.76,11968.74,3553.74
3165,1570,159,4,3489.26,4.44,13952.6,4596.6
3166,1570,8,1,907.81,11.65,896.16,194.16
3167,1571,170,1,250.43,0.61,249.82,48.82
3168,1572,131,3,572.86,7.39,1711.19,580.19
3169,1572,58,1,315.69,16.25,299.44,84.44
3170,1573,12,1,4572.81,19.74,4553.07,1458.07
3171,1573,71,2,2797.48,1.85,5593.11,1815.11
3172,1573,93,4,278.24,19.03,1093.93,181.93
3173,1574,2,2,3361.74,18.87,6704.61,724.61
3174,1575,114,2,4077.29,9.06,8145.52,2979.52
3175,1575,153,4,3013.31,16.23,12037.01,1833.01
3176,1575,22,1,4915.03,1.95,4913.08,926.08
3177,1576,145,2,792.87,8.27,1577.47,459.47
3178,1576,142,2,5775.74,18.39,11533.09,2077.09
3179,1577,174,3,1465.47,0.31,4396.1,511.1
3180,1577,20,2,303.07,10.48,595.66,123.66
3181,1577,178,4,244.03,18.53,957.59,337.59
3182,1578,81,1,5497.32,19.52,5477.8,640.8
3183,1578,88,1,5157.4,16.69,5140.71,708.71
3184,1578,22,1,4915.03,16.6,4898.43,911.43
3185,1579,9,3,3616.76,6.78,10843.5,3670.5
3186,1580,192,2,6331.66,18.45,12644.87,2906.87
3187,1580,147,3,1363.26,12.22,4077.56,1434.56
3188,1581,105,1,4856.31,16.61,4839.7,860.7
3189,1581,104,2,1652.43,15.98,3288.88,644.88
3190,1581,71,4,2797.48,19.93,11169.99,3613.99
3191,1582,13,3,5553.96,5.13,16656.75,3846.75
3192,1582,86,4,1091.11,2.99,4361.45,1333.45
3193,1583,70,2,5087.1,3.59,10170.61,3158.61
3194,1584,194,1,7044.36,7.74,7036.62,2072.62
3195,1584,170,4,250.43,15.14,986.58,182.58
3196,1585,87,3,3417.67,17.6,10235.41,1391.41
3197,1585,41,4,2657.03,15.54,10612.58,3592.58
3198,1586,77,1,5661.33,7.65,5653.68,1373.68
3199,1587,6,1,3476.76,11.35,3465.41,368.41
3200,1587,85,3,4281.36,18.21,12825.87,3126.87
3201,1587,44,4,2260.37,9.84,9031.64,1003.64
3202,1588,12,3,4572.81,5.42,13713.01,4428.01
3203,1588,77,3,5661.33,14.93,16969.06,4129.06
3204,1589,197,2,4180.68,14.97,8346.39,1094.39
3205,1589,162,1,3776.05,10.6,3765.45,1246.45
3206,1590,12,1,4572.81,6.57,4566.24,1471.24
3207,1590,113,4,5653.4,19.59,22594.01,3882.01
3208,1591,131,3,572.86,17.56,1701.02,570.02
3209,1591,114,1,4077.29,5.87,4071.42,1488.42
3210,1592,186,1,7914.83,5.9,7908.93,2957.93
3211,1592,2,4,3361.74,19.52,13427.44,1467.44
3212,1593,113,1,5653.4,0.88,5652.52,974.52
3213,1594,57,4,2097.22,7.2,8381.68,2657.68
3214,1594,172,2,5175.17,11.92,10338.42,1602.42
3215,1595,101,4,7616.13,14.74,30449.78,10665.78
3216,1595,81,3,5497.32,2.43,16489.53,1978.53
3217,1596,83,1,4426.65,0.59,4426.06,459.06
3218,1597,21,4,6119.99,6.96,24473.0,4949.0
3219,1598,191,1,933.8,0.11,933.69,228.69
3220,1598,122,3,7212.86,3.58,21635.0,7511.0
3221,1598,95,3,3093.45,9.13,9271.22,2959.22
3222,1599,110,4,1172.22,9.64,4679.24,1251.24
3223,1599,110,4,1172.22,2.62,4686.26,1258.26
3224,1599,186,2,7914.83,15.97,15813.69,5911.69
3225,1600,77,1,5661.33,5.18,5656.15,1376.15
3226,1601,152,2,1890.92,2.21,3779.63,1217.63
3227,1601,46,3,7321.91,12.44,21953.29,8129.29
3228,1601,51,4,5007.82,19.07,20012.21,6604.21
3229,1602,177,1,2260.51,17.91,2242.6,541.6
3230,1602,27,2,336.73,13.74,659.72,149.72
3231,1603,150,3,6284.22,16.16,18836.5,5192.5
3232,1603,161,4,2333.99,11.82,9324.14,2840.14
3233,1603,139,1,1210.99,1.81,1209.18,320.18
3234,1604,88,4,5157.4,15.95,20613.65,2885.65
3235,1605,107,1,5511.95,14.86,5497.09,2017.09
3236,1606,10,2,1249.33,7.15,2491.51,345.51
3237,1606,10,1,1249.33,17.0,1232.33,159.33
3238,1606,44,1,2260.37,14.7,2245.67,238.67
3239,1607,118,1,5356.59,4.53,5352.06,1433.06
3240,1608,159,3,3489.26,17.7,10450.08,3433.08
3241,1608,82,1,852.5,7.83,844.67,222.67
3242,1609,112,4,650.07,3.03,2597.25,905.25
3243,1610,139,4,1210.99,18.47,4825.49,1269.49
3244,1610,99,1,3956.07,2.66,3953.41,1381.41
3245,1611,132,4,198.54,3.76,790.4,182.4
3246,1611,16,2,1573.66,3.56,3143.76,653.76
3247,1612,12,1,4572.81,7.74,4565.07,1470.07
3248,1612,157,4,1186.69,11.18,4735.58,1135.58
3249,1613,167,4,6421.3,18.23,25666.97,7018.97
3250,1614,52,3,448.48,17.84,1327.6,109.6
3251,1614,14,1,488.44,8.74,479.7,61.7
3252,1614,75,3,4256.43,19.85,12749.44,4388.44
3253,1615,183,2,3649.52,19.09,7279.95,2305.95
3254,1616,111,1,2962.45,4.5,2957.95,658.95
3255,1616,167,4,6421.3,0.03,25685.17,7037.17
3256,1617,161,4,2333.99,17.75,9318.21,2834.21
3257,1617,145,2,792.87,9.41,1576.33,458.33
3258,1617,2,3,3361.74,5.65,10079.57,1109.57
3259,1618,163,3,2701.47,14.95,8089.46,1204.46
3260,1619,68,4,2309.06,0.3,9235.94,1599.94
3261,1620,148,1,2839.22,3.2,2836.02,1005.02
3262,1620,68,3,2309.06,2.27,6924.91,1197.91
3263,1620,176,1,3397.33,6.41,3390.92,1229.92
3264,1621,31,3,5674.17,18.31,17004.2,3792.2
3265,1622,54,1,6094.37,10.84,6083.53,2261.53
3266,1622,79,1,789.02,7.66,781.36,209.36
3267,1623,84,1,1792.84,8.89,1783.95,574.95
3268,1623,58,2,315.69,0.26,631.12,201.12
3269,1623,138,3,5451.69,1.46,16353.61,5472.61
3270,1624,30,2,5234.76,6.59,10462.93,1764.93
3271,1625,24,4,2037.73,11.06,8139.86,2155.86
3272,1626,4,3,4963.98,2.44,14889.5,1401.5
3273,1626,160,1,2514.92,17.54,2497.38,529.38
3274,1627,132,1,198.54,7.18,191.36,39.36
3275,1628,27,2,336.73,0.44,673.02,163.02
3276,1628,1,4,6087.96,5.17,24346.67,8966.67
3277,1629,189,3,4900.58,1.35,14700.39,2130.39
3278,1629,155,2,4794.0,4.33,9583.67,3095.67
3279,1630,105,2,4856.31,15.69,9696.93,1738.93
3280,1630,147,3,1363.26,8.96,4080.82,1437.82
3281,1631,52,1,448.48,11.35,437.13,31.13
3282,1631,95,2,3093.45,17.02,6169.88,1961.88
3283,1631,97,1,6749.43,7.34,6742.09,2515.09
3284,1632,113,1,5653.4,2.97,5650.43,972.43
3285,1633,53,4,1531.38,4.1,6121.42,2205.42
3286,1634,23,2,2868.81,12.9,5724.72,1796.72
3287,1634,18,2,6294.01,17.87,12570.15,2644.15
3288,1634,74,2,2434.43,8.61,4860.25,1348.25
3289,1635,90,2,4881.97,1.68,9762.26,2614.26
3290,1635,190,3,3100.22,13.86,9286.8,2779.8
3291,1636,96,4,2765.79,11.04,11052.12,2976.12
3292,1636,9,3,3616.76,19.84,10830.44,3657.44
3293,1637,180,2,3738.11,15.8,7460.42,1776.42
3294,1637,28,4,5032.36,12.35,20117.09,6189.09
3295,1638,200,2,4099.17,4.8,8193.54,1865.54
3296,1638,12,2,4572.81,3.97,9141.65,2951.65
3297,1639,62,2,2352.48,13.83,4691.13,427.13
3298,1640,27,4,336.73,0.08,1346.84,326.84
3299,1641,157,2,1186.69,9.91,2363.47,563.47
3300,1642,200,3,4099.17,4.9,12292.61,2800.61
3301,1643,98,4,3766.26,10.3,15054.74,4206.74
3302,1643,128,2,2167.32,7.77,4326.87,1370.87
3303,1644,81,4,5497.32,14.67,21974.61,2626.61
3304,1644,110,2,1172.22,8.27,2336.17,622.17
3305,1645,125,2,2559.2,10.6,5107.8,1139.8
3306,1646,38,2,5028.62,3.8,10053.44,3389.44
3307,1646,145,4,792.87,0.59,3170.89,934.89
3308,1646,149,2,2606.01,5.89,5206.13,566.13
3309,1647,176,4,3397.33,7.24,13582.08,4938.08
3310,1647,102,2,6271.36,2.09,12540.63,3234.63
3311,1647,170,4,250.43,16.79,984.93,180.93
3312,1648,176,2,3397.33,10.11,6784.55,2462.55
3313,1648,109,4,3992.5,0.23,15969.77,4749.77
3314,1648,103,1,5536.18,17.5,5518.68,1122.68
3315,1649,13,3,5553.96,14.54,16647.34,3837.34
3316,1649,44,3,2260.37,7.55,6773.56,752.56
3317,1649,6,4,3476.76,10.92,13896.12,1508.12
3318,1650,153,2,3013.31,3.14,6023.48,921.48
3319,1650,171,4,7270.84,19.87,29063.49,10331.49
3320,1651,32,1,5678.29,11.15,5667.14,1200.14
3321,1652,144,1,4410.54,12.36,4398.18,978.18
3322,1652,89,3,454.52,5.15,1358.41,500.41
3323,1653,142,1,5775.74,18.88,5756.86,1028.86
3324,1653,70,2,5087.1,3.85,10170.35,3158.35
3325,1654,139,4,1210.99,18.36,4825.6,1269.6
3326,1654,189,2,4900.58,7.74,9793.42,1413.42
3327,1655,18,1,6294.01,8.45,6285.56,1322.56
3328,1656,107,3,5511.95,1.12,16534.73,6094.73
3329,1656,156,4,6188.4,12.71,24740.89,7932.89
3330,1656,164,1,3449.26,10.62,3438.64,744.64
3331,1657,180,2,3738.11,8.9,7467.32,1783.32
3332,1658,199,3,7009.81,14.12,21015.31,6450.31
3333,1658,113,1,5653.4,2.53,5650.87,972.87
3334,1658,135,4,4537.82,0.46,18150.82,1766.82
3335,1659,86,3,1091.11,9.73,3263.6,992.6
3336,1660,61,4,2566.03,4.01,10260.11,3808.11
3337,1661,31,4,5674.17,13.37,22683.31,5067.31
3338,1662,70,4,5087.1,11.88,20336.52,6312.52
3339,1663,65,2,4404.24,3.93,8804.55,2714.55
3340,1663,140,2,5410.03,8.99,10811.07,1987.07
3341,1663,10,3,1249.33,12.99,3735.0,516.0
3342,1664,112,2,650.07,0.64,1299.5,453.5
3343,1664,4,4,4963.98,10.42,19845.5,1861.5
3344,1665,65,1,4404.24,15.28,4388.96,1343.96
3345,1665,115,3,2618.2,8.13,7846.47,2878.47
3346,1666,154,4,4728.41,10.22,18903.42,5755.42
3347,1667,88,2,5157.4,6.32,10308.48,1444.48
3348,1667,77,2,5661.33,5.26,11317.4,2757.4
3349,1668,103,4,5536.18,3.49,22141.23,4557.23
3350,1668,156,1,6188.4,19.88,6168.52,1966.52
3351,1669,108,4,1550.46,12.32,6189.52,1397.52
3352,1669,171,1,7270.84,1.98,7268.86,2585.86
3353,1669,67,1,3825.3,4.55,3820.75,1173.75
3354,1670,60,4,5461.59,13.42,21832.94,4548.94
3355,1670,61,2,2566.03,16.07,5115.99,1889.99
3356,1670,171,4,7270.84,2.76,29080.6,10348.6
3357,1671,109,4,3992.5,3.73,15966.27,4746.27
3358,1671,111,1,2962.45,1.21,2961.24,662.24
3359,1672,128,3,2167.32,12.83,6489.13,2055.13
3360,1672,80,2,4102.63,9.81,8195.45,1509.45
3361,1673,79,2,789.02,8.21,1569.83,425.83
3362,1673,161,3,2333.99,0.08,7001.89,2138.89
3363,1673,14,1,488.44,2.97,485.47,67.47
3364,1674,100,1,4359.62,11.71,4347.91,860.91
3365,1674,73,1,5457.97,11.33,5446.64,725.64
3366,1675,13,1,5553.96,8.59,5545.37,1275.37
3367,1676,152,3,1890.92,6.18,5666.58,1823.58
3368,1676,185,2,3574.96,0.77,7149.15,969.15
3369,1676,133,3,1476.81,17.08,4413.35,402.35
3370,1677,126,3,6579.87,17.24,19722.37,5892.37
3371,1677,41,1,2657.03,18.23,2638.8,883.8
3372,1677,183,2,3649.52,6.8,7292.24,2318.24
3373,1678,130,4,7243.63,13.73,28960.79,10796.79
3374,1678,15,4,5784.26,15.47,23121.57,5705.57
3375,1678,28,4,5032.36,19.84,20109.6,6181.6
3376,1679,146,1,6386.06,0.92,6385.14,2191.14
3377,1679,161,4,2333.99,15.02,9320.94,2836.94
3378,1680,127,1,6494.51,4.27,6490.24,2388.24
3379,1681,164,2,3449.26,7.15,6891.37,1503.37
3380,1682,70,2,5087.1,2.95,10171.25,3159.25
3381,1682,108,3,1550.46,4.9,4646.48,1052.48
3382,1683,79,4,789.02,6.77,3149.31,861.31
3383,1683,173,3,1527.03,1.22,4579.87,868.87
3384,1683,50,3,5429.37,9.98,16278.13,5709.13
3385,1684,21,1,6119.99,19.92,6100.07,1219.07
3386,1684,131,3,572.86,14.02,1704.56,573.56
3387,1685,184,4,2633.24,6.87,10526.09,2186.09
3388,1686,127,3,6494.51,11.28,19472.25,7166.25
3389,1686,16,3,1573.66,14.47,4706.51,971.51
3390,1686,83,2,4426.65,19.25,8834.05,900.05
3391,1687,43,2,2515.73,0.99,5030.47,910.47
3392,1687,103,3,5536.18,14.57,16593.97,3405.97
3393,1687,169,2,6981.12,12.54,13949.7,3969.7
3394,1688,127,4,6494.51,14.1,25963.94,9555.94
3395,1688,199,3,7009.81,4.55,21024.88,6459.88
3396,1688,38,3,5028.62,6.9,15078.96,5082.96
3397,1689,128,3,2167.32,17.56,6484.4,2050.4
3398,1689,121,4,2267.36,2.59,9066.85,2010.85
3399,1690,185,3,3574.96,18.27,10706.61,1436.61
3400,1690,190,2,3100.22,13.23,6187.21,1849.21
3401,1691,3,4,7696.6,9.01,30777.39,10801.39
3402,1691,169,1,6981.12,0.44,6980.68,1990.68
3403,1691,114,3,4077.29,5.83,12226.04,4477.04
3404,1692,43,2,2515.73,1.32,5030.14,910.14
3405,1692,34,1,5835.24,2.57,5832.67,1161.67
3406,1692,92,3,1142.9,19.21,3409.49,337.49
3407,1693,197,2,4180.68,5.68,8355.68,1103.68
3408,1694,88,3,5157.4,9.39,15462.81,2166.81
3409,1695,93,3,278.24,4.57,830.15,146.15
3410,1696,97,3,6749.43,19.23,20229.06,7548.06
3411,1696,198,2,2599.54,5.74,5193.34,1357.34
3412,1697,15,4,5784.26,13.84,23123.2,5707.2
3413,1697,6,4,3476.76,17.07,13889.97,1501.97
3414,1698,62,3,2352.48,12.21,7045.23,649.23
3415,1698,83,4,4426.65,10.8,17695.8,1827.8
3416,1698,69,3,1797.42,12.39,5379.87,1317.87
3417,1699,177,1,2260.51,3.12,2257.39,556.39
3418,1700,26,1,7539.95,3.65,7536.3,2746.3
3419,1700,39,1,552.25,19.44,532.81,88.81
3420,1700,82,3,852.5,5.25,2552.25,686.25
3421,1701,130,2,7243.63,15.34,14471.92,5389.92
3422,1701,117,1,2834.64,9.75,2824.89,764.89
3423,1701,8,4,907.81,0.5,3630.74,822.74
3424,1702,185,1,3574.96,12.77,3562.19,472.19
3425,1702,99,2,3956.07,3.71,7908.43,2764.43
3426,1702,66,2,4903.31,2.6,9804.02,1980.02
3427,1703,1,4,6087.96,12.13,24339.71,8959.71
3428,1704,126,1,6579.87,9.63,6570.24,1960.24
3429,1704,191,2,933.8,8.82,1858.78,448.78
3430,1704,128,4,2167.32,13.27,8656.01,2744.01
3431,1705,49,4,5840.98,16.72,23347.2,4135.2
3432,1705,145,1,792.87,16.22,776.65,217.65
3433,1705,71,3,2797.48,2.15,8390.29,2723.29
3434,1706,140,2,5410.03,19.64,10800.42,1976.42
3435,1706,116,2,3021.59,10.55,6032.63,1858.63
3436,1706,38,1,5028.62,2.01,5026.61,1694.61
3437,1707,27,3,336.73,12.07,998.12,233.12
3438,1707,43,4,2515.73,18.57,10044.35,1804.35
3439,1708,190,4,3100.22,19.15,12381.73,3705.73
3440,1708,85,2,4281.36,3.86,8558.86,2092.86
3441,1708,166,4,1355.22,11.48,5409.4,669.4
3442,1709,171,2,7270.84,12.82,14528.86,5162.86
3443,1710,99,1,3956.07,12.33,3943.74,1371.74
3444,1710,25,4,1979.19,7.59,7909.17,2669.17
3445,1711,29,1,6088.79,16.04,6072.75,2109.75
3446,1712,128,4,2167.32,6.15,8663.13,2751.13
3447,1713,92,4,1142.9,1.13,4570.47,474.47
3448,1713,31,2,5674.17,18.85,11329.49,2521.49
3449,1713,167,1,6421.3,17.49,6403.81,1741.81
3450,1714,25,1,1979.19,6.62,1972.57,662.57
3451,1715,99,2,3956.07,3.41,7908.73,2764.73
3452,1715,163,2,2701.47,14.18,5388.76,798.76
3453,1716,74,4,2434.43,15.49,9722.23,2698.23
3454,1716,132,4,198.54,6.35,787.81,179.81
3455,1717,90,2,4881.97,13.37,9750.57,2602.57
3456,1717,53,4,1531.38,2.68,6122.84,2206.84
3457,1717,114,3,4077.29,8.92,12222.95,4473.95
3458,1718,80,3,4102.63,5.02,12302.87,2273.87
3459,1719,152,4,1890.92,13.2,7550.48,2426.48
3460,1720,148,4,2839.22,3.52,11353.36,4029.36
3461,1720,52,3,448.48,0.13,1345.31,127.31
3462,1720,184,2,2633.24,15.34,5251.14,1081.14
3463,1721,20,3,303.07,9.01,900.2,192.2
3464,1721,171,4,7270.84,10.56,29072.8,10340.8
3465,1721,114,1,4077.29,6.41,4070.88,1487.88
3466,1722,40,3,5316.39,1.77,15947.4,4778.4
3467,1722,8,2,907.81,1.79,1813.83,409.83
3468,1722,116,2,3021.59,19.94,6023.24,1849.24
3469,1723,27,3,336.73,5.56,1004.63,239.63
3470,1723,107,4,5511.95,19.03,22028.77,8108.77
3471,1723,105,4,4856.31,14.56,19410.68,3494.68
3472,1724,24,3,2037.73,1.09,6112.1,1624.1
3473,1725,1,1,6087.96,0.02,6087.94,2242.94
3474,1725,168,3,360.61,6.84,1074.99,129.99
3475,1726,119,3,2869.36,8.39,8599.69,1873.69
3476,1726,198,4,2599.54,7.26,10390.9,2718.9
3477,1727,186,2,7914.83,11.76,15817.9,5915.9
3478,1728,22,1,4915.03,6.75,4908.28,921.28
3479,1728,84,1,1792.84,15.85,1776.99,567.99
3480,1729,62,2,2352.48,1.09,4703.87,439.87
3481,1730,195,2,3047.63,2.35,6092.91,1826.91
3482,1730,163,1,2701.47,17.28,2684.19,389.19
3483,1731,86,2,1091.11,17.0,2165.22,651.22
3484,1731,57,1,2097.22,6.44,2090.78,659.78
3485,1732,43,1,2515.73,19.02,2496.71,436.71
3486,1732,18,4,6294.01,2.98,25173.06,5321.06
3487,1733,167,4,6421.3,2.23,25682.97,7034.97
3488,1733,123,1,3078.2,17.17,3061.03,825.03
3489,1733,102,1,6271.36,7.95,6263.41,1610.41
3490,1734,118,1,5356.59,6.63,5349.96,1430.96
3491,1734,31,1,5674.17,9.2,5664.97,1260.97
3492,1735,175,4,4435.81,8.86,17734.38,3538.38
3493,1735,52,1,448.48,11.89,436.59,30.59
3494,1735,106,4,1926.7,0.65,7706.15,2578.15
3495,1736,173,1,1527.03,10.99,1516.04,279.04
3496,1736,108,1,1550.46,17.26,1533.2,335.2
3497,1737,57,1,2097.22,10.26,2086.96,655.96
3498,1737,139,3,1210.99,14.24,3618.73,951.73
3499,1737,145,2,792.87,5.12,1580.62,462.62
3500,1738,160,4,2514.92,19.72,10039.96,2167.96
3501,1738,138,4,5451.69,19.92,21786.84,7278.84
3502,1739,129,2,1819.36,18.78,3619.94,1127.94
3503,1739,200,1,4099.17,11.4,4087.77,923.77
3504,1740,66,4,4903.31,16.29,19596.95,3948.95
3505,1740,91,1,4930.64,2.31,4928.33,1055.33
3506,1741,99,4,3956.07,17.16,15807.12,5519.12
3507,1742,17,3,1855.26,7.64,5558.14,1265.14
3508,1743,17,3,1855.26,0.36,5565.42,1272.42
3509,1743,137,2,7130.26,18.95,14241.57,5265.57
3510,1743,104,3,1652.43,18.76,4938.53,972.53
3511,1744,165,2,3471.22,8.99,6933.45,1683.45
3512,1745,15,3,5784.26,13.4,17339.38,4277.38
3513,1745,56,1,4864.07,7.47,4856.6,922.6
3514,1746,61,4,2566.03,19.67,10244.45,3792.45
3515,1746,58,1,315.69,17.64,298.05,83.05
3516,1746,17,3,1855.26,2.12,5563.66,1270.66
3517,1747,62,4,2352.48,16.14,9393.78,865.78
3518,1747,7,3,5629.83,18.05,16871.44,2765.44
3519,1747,78,4,1600.82,14.67,6388.61,1668.61
3520,1748,16,3,1573.66,13.65,4707.33,972.33
3521,1748,85,1,4281.36,12.1,4269.26,1036.26
3522,1749,40,4,5316.39,11.19,21254.37,6362.37
3523,1749,181,1,3227.71,12.44,3215.27,654.27
3524,1750,137,1,7130.26,0.42,7129.84,2641.84
3525,1750,110,1,1172.22,12.81,1159.41,302.41
3526,1751,19,3,5980.37,6.17,17934.94,5598.94
3527,1751,164,4,3449.26,17.42,13779.62,3003.62
3528,1751,27,4,336.73,15.18,1331.74,311.74
3529,1752,72,2,5828.14,19.41,11636.87,2828.87
3530,1752,121,1,2267.36,11.14,2256.22,492.22
3531,1752,190,3,3100.22,11.09,9289.57,2782.57
3532,1753,3,3,7696.6,12.46,23077.34,8095.34
3533,1753,183,3,3649.52,14.03,10934.53,3473.53
3534,1753,2,1,3361.74,4.61,3357.13,367.13
3535,1754,17,4,1855.26,1.85,7419.19,1695.19
3536,1754,143,4,1084.42,3.56,4334.12,1294.12
3537,1755,157,3,1186.69,12.67,3547.4,847.4
3538,1755,68,1,2309.06,12.2,2296.86,387.86
3539,1756,130,2,7243.63,3.62,14483.64,5401.64
3540,1756,154,1,4728.41,1.66,4726.75,1439.75
3541,1757,60,2,5461.59,5.25,10917.93,2275.93
3542,1757,35,2,2598.33,8.86,5187.8,1591.8
3543,1758,195,4,3047.63,1.1,12189.42,3657.42
3544,1758,79,2,789.02,8.45,1569.59,425.59
3545,1758,158,3,6464.49,14.83,19378.64,4441.64
3546,1759,72,3,5828.14,10.76,17473.66,4261.66
3547,1759,62,1,2352.48,2.34,2350.14,218.14
3548,1759,87,4,3417.67,8.11,13662.57,1870.57
3549,1760,173,3,1527.03,17.4,4563.69,852.69
3550,1761,140,3,5410.03,19.65,16210.44,2974.44
3551,1761,64,2,7118.68,18.11,14219.25,4477.25
3552,1761,93,1,278.24,10.08,268.16,40.16
3553,1762,63,1,5551.59,9.26,5542.33,1783.33
3554,1762,82,2,852.5,13.63,1691.37,447.37
3555,1763,72,2,5828.14,5.02,11651.26,2843.26
3556,1764,53,3,1531.38,15.95,4578.19,1641.19
3557,1764,148,4,2839.22,6.52,11350.36,4026.36
3558,1764,142,1,5775.74,9.82,5765.92,1037.92
3559,1765,5,1,1844.85,8.41,1836.44,639.44
3560,1765,177,3,2260.51,15.43,6766.1,1663.1
3561,1766,79,2,789.02,12.26,1565.78,421.78
3562,1767,174,2,1465.47,10.39,2920.55,330.55
3563,1767,189,3,4900.58,10.43,14691.31,2121.31
3564,1768,49,4,5840.98,0.47,23363.45,4151.45
3565,1768,193,2,5092.0,12.6,10171.4,1065.4
3566,1768,130,4,7243.63,14.48,28960.04,10796.04
3567,1769,16,3,1573.66,7.04,4713.94,978.94
3568,1769,174,2,1465.47,8.36,2922.58,332.58
3569,1769,181,1,3227.71,19.44,3208.27,647.27
3570,1770,6,1,3476.76,1.69,3475.07,378.07
3571,1770,35,4,2598.33,14.95,10378.37,3186.37
3572,1771,77,1,5661.33,16.59,5644.74,1364.74
3573,1772,123,3,3078.2,15.14,9219.46,2511.46
3574,1772,140,4,5410.03,4.23,21635.89,3987.89
3575,1773,113,4,5653.4,0.16,22613.44,3901.44
3576,1774,86,2,1091.11,10.12,2172.1,658.1
3577,1774,150,1,6284.22,15.96,6268.26,1720.26
3578,1774,168,2,360.61,19.69,701.53,71.53
3579,1775,85,4,4281.36,13.76,17111.68,4179.68
3580,1775,50,4,5429.37,15.84,21701.64,7609.64
3581,1776,86,1,1091.11,3.17,1087.94,330.94
3582,1776,99,2,3956.07,18.79,7893.35,2749.35
3583,1777,169,2,6981.12,15.7,13946.54,3966.54
3584,1777,66,3,4903.31,16.0,14693.93,2957.93
3585,1777,145,4,792.87,2.44,3169.04,933.04
3586,1778,20,4,303.07,0.89,1211.39,267.39
3587,1778,146,2,6386.06,12.1,12760.02,4372.02
3588,1779,10,4,1249.33,13.16,4984.16,692.16
3589,1780,185,2,3574.96,12.33,7137.59,957.59
3590,1780,38,4,5028.62,0.29,20114.19,6786.19
3591,1780,125,3,2559.2,14.02,7663.58,1711.58
3592,1781,193,1,5092.0,4.91,5087.09,534.09
3593,1782,4,3,4963.98,7.53,14884.41,1396.41
3594,1782,167,4,6421.3,18.26,25666.94,7018.94
3595,1782,9,4,3616.76,12.27,14454.77,4890.77
3596,1783,82,2,852.5,10.94,1694.06,450.06
3597,1784,173,1,1527.03,13.55,1513.48,276.48
3598,1784,132,4,198.54,15.25,778.91,170.91
3599,1784,24,1,2037.73,9.21,2028.52,532.52
3600,1785,45,2,4565.43,14.08,9116.78,1178.78
3601,1785,200,4,4099.17,10.23,16386.45,3730.45
3602,1785,86,3,1091.11,5.22,3268.11,997.11
3603,1786,125,2,2559.2,15.59,5102.81,1134.81
3604,1787,111,4,2962.45,19.87,11829.93,2633.93
3605,1788,144,2,4410.54,15.52,8805.56,1965.56
3606,1789,20,1,303.07,16.02,287.05,51.05
3607,1789,77,2,5661.33,0.93,11321.73,2761.73
3608,1789,121,4,2267.36,6.59,9062.85,2006.85
3609,1790,184,3,2633.24,3.53,7896.19,1641.19
3610,1790,143,1,1084.42,1.31,1083.11,323.11
3611,1790,192,4,6331.66,5.59,25321.05,5845.05
3612,1791,183,2,3649.52,2.1,7296.94,2322.94
3613,1792,92,4,1142.9,6.18,4565.42,469.42
3614,1792,15,2,5784.26,13.72,11554.8,2846.8
3615,1793,126,1,6579.87,8.96,6570.91,1960.91
3616,1794,46,2,7321.91,17.37,14626.45,5410.45
3617,1794,81,1,5497.32,17.46,5479.86,642.86
3618,1795,43,1,2515.73,8.29,2507.44,447.44
3619,1795,67,1,3825.3,7.62,3817.68,1170.68
3620,1795,117,2,2834.64,17.54,5651.74,1531.74
3621,1796,27,1,336.73,11.5,325.23,70.23
3622,1796,11,1,4727.45,19.47,4707.98,1550.98
3623,1796,118,2,5356.59,15.15,10698.03,2860.03
3624,1797,164,2,3449.26,3.12,6895.4,1507.4
3625,1797,5,1,1844.85,4.31,1840.54,643.54
3626,1798,46,1,7321.91,17.01,7304.9,2696.9
3627,1799,24,3,2037.73,0.1,6113.09,1625.09
3628,1799,194,3,7044.36,7.76,21125.32,6233.32
3629,1799,181,2,3227.71,16.32,6439.1,1317.1
3630,1800,127,2,6494.51,17.89,12971.13,4767.13
3631,1800,162,3,3776.05,7.29,11320.86,3763.86
3632,1801,142,1,5775.74,8.68,5767.06,1039.06
3633,1801,53,3,1531.38,4.57,4589.57,1652.57
3634,1801,93,1,278.24,2.24,276.0,48.0
3635,1802,108,2,1550.46,6.51,3094.41,698.41
3636,1803,148,3,2839.22,7.56,8510.1,3017.1
3637,1803,63,1,5551.59,17.57,5534.02,1775.02
3638,1804,187,3,504.48,2.01,1511.43,551.43
3639,1805,8,4,907.81,8.86,3622.38,814.38
3640,1806,39,3,552.25,19.51,1637.24,305.24
3641,1806,24,2,2037.73,6.76,4068.7,1076.7
3642,1806,108,4,1550.46,6.75,6195.09,1403.09
3643,1807,57,4,2097.22,4.51,8384.37,2660.37
3644,1808,124,3,4391.54,4.01,13170.61,2610.61
3645,1808,151,3,2964.55,17.47,8876.18,848.18
3646,1809,8,3,907.81,2.04,2721.39,615.39
3647,1810,125,3,2559.2,0.88,7676.72,1724.72
3648,1810,111,2,2962.45,12.97,5911.93,1313.93
3649,1811,2,1,3361.74,4.5,3357.24,367.24
3650,1811,163,3,2701.47,17.34,8087.07,1202.07
3651,1812,173,3,1527.03,7.77,4573.32,862.32
3652,1812,165,2,3471.22,1.17,6941.27,1691.27
3653,1812,196,1,638.3,2.81,635.49,173.49
3654,1813,97,3,6749.43,2.1,20246.19,7565.19
3655,1814,2,4,3361.74,14.88,13432.08,1472.08
3656,1814,29,4,6088.79,15.31,24339.85,8487.85
3657,1814,88,1,5157.4,18.38,5139.02,707.02
3658,1815,100,4,4359.62,9.46,17429.02,3481.02
3659,1816,72,4,5828.14,1.88,23310.68,5694.68
3660,1817,170,2,250.43,13.47,487.39,85.39
3661,1818,73,2,5457.97,14.67,10901.27,1459.27
3662,1818,89,4,454.52,10.76,1807.32,663.32
3663,1818,163,4,2701.47,15.69,10790.19,1610.19
3664,1819,1,3,6087.96,16.91,18246.97,6711.97
3665,1820,21,1,6119.99,16.57,6103.42,1222.42
3666,1820,173,3,1527.03,4.55,4576.54,865.54
3667,1821,23,3,2868.81,5.83,8600.6,2708.6
3668,1821,182,4,3177.71,2.3,12708.54,2016.54
3669,1822,76,3,2598.97,4.36,7792.55,2446.55
3670,1822,94,3,5544.85,7.1,16627.45,1732.45
3671,1823,13,2,5553.96,12.56,11095.36,2555.36
3672,1824,185,3,3574.96,6.1,10718.78,1448.78
3673,1824,81,4,5497.32,18.23,21971.05,2623.05
3674,1825,177,2,2260.51,11.87,4509.15,1107.15
3675,1825,162,1,3776.05,0.76,3775.29,1256.29
3676,1826,145,2,792.87,5.22,1580.52,462.52
3677,1827,30,3,5234.76,14.2,15690.08,2643.08
3678,1827,114,1,4077.29,3.02,4074.27,1491.27
3679,1827,2,4,3361.74,5.91,13441.05,1481.05
3680,1828,4,2,4963.98,3.47,9924.49,932.49
3681,1828,83,2,4426.65,13.21,8840.09,906.09
3682,1829,191,1,933.8,9.0,924.8,219.8
3683,1829,48,1,3393.83,18.15,3375.68,644.68
3684,1830,126,3,6579.87,5.32,19734.29,5904.29
3685,1831,64,4,7118.68,12.28,28462.44,8978.44
3686,1831,141,3,3818.5,11.09,11444.41,1391.41
3687,1832,49,2,5840.98,4.23,11677.73,2071.73
3688,1832,191,4,933.8,12.37,3722.83,902.83
3689,1833,195,2,3047.63,16.03,6079.23,1813.23
3690,1834,91,4,4930.64,19.04,19703.52,4211.52
3691,1834,16,4,1573.66,5.7,6288.94,1308.94
3692,1834,105,4,4856.31,7.52,19417.72,3501.72
3693,1835,98,2,3766.26,6.62,7525.9,2101.9
3694,1835,67,3,3825.3,1.16,11474.74,3533.74
3695,1836,79,2,789.02,15.89,1562.15,418.15
3696,1836,147,2,1363.26,7.12,2719.4,957.4
3697,1836,149,2,2606.01,10.29,5201.73,561.73
3698,1837,134,3,3568.12,12.57,10691.79,1220.79
3699,1838,65,2,4404.24,10.57,8797.91,2707.91
3700,1839,175,3,4435.81,2.82,13304.61,2657.61
3701,1839,173,4,1527.03,6.75,6101.37,1153.37
3702,1840,196,1,638.3,17.22,621.08,159.08
3703,1840,136,1,3836.46,15.58,3820.88,351.88
3704,1840,53,1,1531.38,17.0,1514.38,535.38
3705,1841,111,4,2962.45,4.39,11845.41,2649.41
3706,1842,139,2,1210.99,16.24,2405.74,627.74
3707,1842,135,3,4537.82,0.37,13613.09,1325.09
3708,1842,164,4,3449.26,9.28,13787.76,3011.76
3709,1843,179,1,4824.55,11.63,4812.92,1600.92
3710,1844,5,3,1844.85,0.25,5534.3,1943.3
3711,1844,26,4,7539.95,0.7,30159.1,10999.1
3712,1844,125,3,2559.2,19.43,7658.17,1706.17
3713,1845,181,3,3227.71,0.49,9682.64,1999.64
3714,1845,30,3,5234.76,4.94,15699.34,2652.34
3715,1846,121,2,2267.36,11.05,4523.67,995.67
3716,1846,30,3,5234.76,14.9,15689.38,2642.38
3717,1847,109,3,3992.5,11.99,11965.51,3550.51
3718,1847,42,4,2717.08,3.6,10864.72,1564.72
3719,1848,184,4,2633.24,4.37,10528.59,2188.59
3720,1849,126,1,6579.87,3.81,6576.06,1966.06
3721,1850,21,1,6119.99,6.53,6113.46,1232.46
3722,1850,83,1,4426.65,18.48,4408.17,441.17
3723,1850,176,2,3397.33,6.16,6788.5,2466.5
3724,1851,102,2,6271.36,3.01,12539.71,3233.71
3725,1851,130,4,7243.63,7.69,28966.83,10802.83
3726,1852,165,4,3471.22,0.67,13884.21,3384.21
3727,1853,161,1,2333.99,11.66,2322.33,701.33
3728,1853,2,2,3361.74,13.61,6709.87,729.87
3729,1853,61,4,2566.03,14.99,10249.13,3797.13
3730,1854,170,2,250.43,9.25,491.61,89.61
3731,1854,18,2,6294.01,19.4,12568.62,2642.62
3732,1854,68,2,2309.06,5.74,4612.38,794.38
3733,1855,124,1,4391.54,16.1,4375.44,855.44
3734,1855,37,4,1522.64,2.49,6088.07,1696.07
3735,1855,74,4,2434.43,7.64,9730.08,2706.08
3736,1856,114,2,4077.29,5.11,8149.47,2983.47
3737,1857,188,3,5532.23,6.24,16590.45,5517.45
3738,1858,90,4,4881.97,17.42,19510.46,5214.46
3739,1858,50,1,5429.37,13.04,5416.33,1893.33
3740,1859,137,3,7130.26,11.85,21378.93,7914.93
3741,1859,60,4,5461.59,12.74,21833.62,4549.62
3742,1859,140,3,5410.03,4.47,16225.62,2989.62
3743,1860,77,3,5661.33,9.48,16974.51,4134.51
3744,1861,104,3,1652.43,18.04,4939.25,973.25
3745,1862,13,3,5553.96,17.94,16643.94,3833.94
3746,1862,159,1,3489.26,15.02,3474.24,1135.24
3747,1862,73,3,5457.97,18.96,16354.95,2191.95
3748,1863,143,2,1084.42,8.64,2160.2,640.2
3749,1864,178,4,244.03,0.68,975.44,355.44
3750,1864,140,4,5410.03,4.35,21635.77,3987.77
3751,1865,21,3,6119.99,11.28,18348.69,3705.69
3752,1866,22,2,4915.03,9.03,9821.03,1847.03
3753,1866,39,2,552.25,10.4,1094.1,206.1
3754,1866,79,3,789.02,0.14,2366.92,650.92
3755,1867,135,2,4537.82,5.54,9070.1,878.1
3756,1867,21,4,6119.99,5.72,24474.24,4950.24
3757,1867,149,2,2606.01,14.51,5197.51,557.51
3758,1868,105,1,4856.31,4.07,4852.24,873.24
3759,1868,187,4,504.48,12.98,2004.94,724.94
3760,1868,42,4,2717.08,16.2,10852.12,1552.12
3761,1869,143,1,1084.42,7.28,1077.14,317.14
3762,1870,149,2,2606.01,7.3,5204.72,564.72
3763,1870,64,1,7118.68,18.65,7100.03,2229.03
3764,1870,102,4,6271.36,1.27,25084.17,6472.17
3765,1871,63,3,5551.59,1.45,16653.32,5376.32
3766,1872,117,4,2834.64,0.27,11338.29,3098.29
3767,1872,80,1,4102.63,9.44,4093.19,750.19
3768,1872,177,3,2260.51,10.62,6770.91,1667.91
3769,1873,178,1,244.03,4.96,239.07,84.07
3770,1873,124,1,4391.54,3.47,4388.07,868.07
3771,1874,114,2,4077.29,12.03,8142.55,2976.55
3772,1875,146,2,6386.06,18.84,12753.28,4365.28
3773,1875,199,2,7009.81,19.31,14000.31,4290.31
3774,1875,115,1,2618.2,5.48,2612.72,956.72
3775,1876,152,3,1890.92,4.9,5667.86,1824.86
3776,1877,133,2,1476.81,4.86,2948.76,274.76
3777,1877,45,1,4565.43,8.77,4556.66,587.66
3778,1877,131,4,572.86,1.98,2289.46,781.46
3779,1878,111,2,2962.45,4.62,5920.28,1322.28
3780,1878,178,4,244.03,9.97,966.15,346.15
3781,1879,148,3,2839.22,7.71,8509.95,3016.95
3782,1879,22,3,4915.03,14.08,14731.01,2770.01
3783,1879,39,1,552.25,5.11,547.14,103.14
3784,1880,10,2,1249.33,15.15,2483.51,337.51
3785,1881,115,3,2618.2,10.08,7844.52,2876.52
3786,1881,55,4,6404.04,10.89,25605.27,9021.27
3787,1881,109,1,3992.5,9.59,3982.91,1177.91
3788,1882,116,4,3021.59,19.38,12066.98,3718.98
3789,1883,195,2,3047.63,12.22,6083.04,1817.04
3790,1883,85,1,4281.36,14.12,4267.24,1034.24
3791,1884,150,1,6284.22,8.53,6275.69,1727.69
3792,1884,75,1,4256.43,13.96,4242.47,1455.47
3793,1884,65,2,4404.24,19.16,8789.32,2699.32
3794,1885,63,2,5551.59,9.51,11093.67,3575.67
3795,1885,96,4,2765.79,15.62,11047.54,2971.54
3796,1885,130,3,7243.63,7.07,21723.82,8100.82
3797,1886,124,4,4391.54,17.78,17548.38,3468.38
3798,1886,36,3,5135.84,19.29,15388.23,3298.23
3799,1887,19,2,5980.37,8.8,11951.94,3727.94
3800,1887,145,2,792.87,3.8,1581.94,463.94
3801,1888,10,3,1249.33,2.61,3745.38,526.38
3802,1888,2,2,3361.74,7.03,6716.45,736.45
3803,1889,164,1,3449.26,3.11,3446.15,752.15
3804,1889,133,2,1476.81,12.36,2941.26,267.26
3805,1890,143,1,1084.42,18.26,1066.16,306.16
3806,1890,186,1,7914.83,19.25,7895.58,2944.58
3807,1890,106,2,1926.7,15.28,3838.12,1274.12
3808,1891,58,1,315.69,6.08,309.61,94.61
3809,1892,161,2,2333.99,8.74,4659.24,1417.24
3810,1893,3,4,7696.6,6.38,30780.02,10804.02
3811,1893,4,4,4963.98,15.53,19840.39,1856.39
3812,1893,152,4,1890.92,18.36,7545.32,2421.32
3813,1894,186,2,7914.83,12.49,15817.17,5915.17
3814,1894,21,2,6119.99,2.56,12237.42,2475.42
3815,1895,174,4,1465.47,15.89,5845.99,665.99
3816,1896,92,1,1142.9,1.32,1141.58,117.58
3817,1897,115,3,2618.2,7.3,7847.3,2879.3
3818,1897,134,4,3568.12,4.24,14268.24,1640.24
3819,1898,3,4,7696.6,13.39,30773.01,10797.01
3820,1899,101,1,7616.13,17.43,7598.7,2652.7
3821,1899,81,4,5497.32,4.2,21985.08,2637.08
3822,1900,30,1,5234.76,11.44,5223.32,874.32
3823,1900,8,4,907.81,18.56,3612.68,804.68
3824,1901,173,1,1527.03,13.2,1513.83,276.83
3825,1901,21,4,6119.99,7.57,24472.39,4948.39
3826,1902,43,3,2515.73,5.84,7541.35,1361.35
3827,1902,154,4,4728.41,14.05,18899.59,5751.59
3828,1902,22,3,4915.03,4.26,14740.83,2779.83
3829,1903,159,4,3489.26,6.56,13950.48,4594.48
3830,1903,93,3,278.24,7.86,826.86,142.86
3831,1904,49,3,5840.98,15.5,17507.44,3098.44
3832,1904,6,3,3476.76,3.89,10426.39,1135.39
3833,1904,140,2,5410.03,16.26,10803.8,1979.8
3834,1905,151,4,2964.55,11.77,11846.43,1142.43
3835,1905,13,1,5553.96,10.28,5543.68,1273.68
3836,1905,133,1,1476.81,5.77,1471.04,134.04
3837,1906,50,4,5429.37,19.62,21697.86,7605.86
3838,1907,114,3,4077.29,6.67,12225.2,4476.2
3839,1907,191,4,933.8,2.42,3732.78,912.78
3840,1907,62,4,2352.48,12.25,9397.67,869.67
3841,1908,168,2,360.61,17.58,703.64,73.64
3842,1909,75,3,4256.43,4.31,12764.98,4403.98
3843,1909,176,2,3397.33,1.7,6792.96,2470.96
3844,1909,183,3,3649.52,6.61,10941.95,3480.95
3845,1910,153,1,3013.31,18.39,2994.92,443.92
3846,1910,88,4,5157.4,7.75,20621.85,2893.85
3847,1910,194,4,7044.36,2.62,28174.82,8318.82
3848,1911,165,2,3471.22,18.82,6923.62,1673.62
3849,1911,135,2,4537.82,8.84,9066.8,874.8
3850,1912,95,1,3093.45,19.3,3074.15,970.15
3851,1912,26,2,7539.95,7.98,15071.92,5491.92
3852,1912,98,4,3766.26,12.12,15052.92,4204.92
3853,1913,178,2,244.03,14.87,473.19,163.19
3854,1913,34,3,5835.24,17.41,17488.31,3475.31
3855,1913,56,4,4864.07,1.59,19454.69,3718.69
3856,1914,85,4,4281.36,11.65,17113.79,4181.79
3857,1914,34,1,5835.24,16.75,5818.49,1147.49
3858,1915,172,1,5175.17,18.45,5156.72,788.72
3859,1915,160,3,2514.92,18.04,7526.72,1622.72
3860,1916,136,2,3836.46,7.54,7665.38,727.38
3861,1916,104,3,1652.43,19.12,4938.17,972.17
3862,1916,100,4,4359.62,9.74,17428.74,3480.74
3863,1917,110,4,1172.22,12.05,4676.83,1248.83
3864,1917,197,4,4180.68,10.36,16712.36,2208.36
3865,1917,21,3,6119.99,2.44,18357.53,3714.53
3866,1918,150,1,6284.22,14.92,6269.3,1721.3
3867,1918,74,1,2434.43,13.74,2420.69,664.69
3868,1919,120,3,1361.78,3.73,4081.61,1360.61
3869,1919,36,3,5135.84,6.0,15401.52,3311.52
3870,1920,123,4,3078.2,1.27,12311.53,3367.53
3871,1921,118,2,5356.59,10.99,10702.19,2864.19
3872,1921,15,4,5784.26,6.35,23130.69,5714.69
3873,1922,63,1,5551.59,18.63,5532.96,1773.96
3874,1922,2,2,3361.74,8.98,6714.5,734.5
3875,1922,144,1,4410.54,4.57,4405.97,985.97
3876,1923,156,1,6188.4,13.52,6174.88,1972.88
3877,1923,167,3,6421.3,10.7,19253.2,5267.2
3878,1923,1,4,6087.96,7.16,24344.68,8964.68
3879,1924,168,2,360.61,16.76,704.46,74.46
3880,1924,45,3,4565.43,7.87,13688.42,1781.42
3881,1924,157,4,1186.69,13.83,4732.93,1132.93
3882,1925,101,2,7616.13,1.84,15230.42,5338.42
3883,1925,200,4,4099.17,1.34,16395.34,3739.34
3884,1925,105,4,4856.31,14.62,19410.62,3494.62
3885,1926,106,1,1926.7,8.08,1918.62,636.62
3886,1926,58,4,315.69,4.15,1258.61,398.61
3887,1926,62,1,2352.48,18.77,2333.71,201.71
3888,1927,34,3,5835.24,13.7,17492.02,3479.02
3889,1927,108,3,1550.46,0.54,4650.84,1056.84
3890,1928,94,3,5544.85,11.34,16623.21,1728.21
3891,1928,200,3,4099.17,4.5,12293.01,2801.01
3892,1929,66,3,4903.31,5.75,14704.18,2968.18
3893,1930,120,4,1361.78,3.41,5443.71,1815.71
3894,1930,167,1,6421.3,16.96,6404.34,1742.34
3895,1930,136,2,3836.46,17.93,7654.99,716.99
3896,1931,137,1,7130.26,18.34,7111.92,2623.92
3897,1932,42,1,2717.08,7.11,2709.97,384.97
3898,1932,83,1,4426.65,5.78,4420.87,453.87
3899,1932,135,4,4537.82,12.38,18138.9,1754.9
3900,1933,21,2,6119.99,17.53,12222.45,2460.45
3901,1934,35,3,2598.33,0.29,7794.7,2400.7
3902,1934,32,3,5678.29,12.75,17022.12,3621.12
3903,1935,69,2,1797.42,9.24,3585.6,877.6
3904,1935,24,2,2037.73,9.61,4065.85,1073.85
3905,1935,187,2,504.48,16.09,992.87,352.87
3906,1936,112,3,650.07,18.09,1932.12,663.12
3907,1936,142,3,5775.74,5.13,17322.09,3138.09
3908,1937,97,1,6749.43,8.28,6741.15,2514.15
3909,1937,172,2,5175.17,17.68,10332.66,1596.66
3910,1938,198,3,2599.54,1.06,7797.56,2043.56
3911,1938,17,1,1855.26,4.28,1850.98,419.98
3912,1938,17,4,1855.26,17.75,7403.29,1679.29
3913,1939,105,3,4856.31,16.53,14552.4,2615.4
3914,1939,163,4,2701.47,7.39,10798.49,1618.49
3915,1939,93,3,278.24,8.59,826.13,142.13
3916,1940,16,2,1573.66,15.22,3132.1,642.1
3917,1940,189,4,4900.58,9.1,19593.22,2833.22
3918,1940,67,3,3825.3,13.5,11462.4,3521.4
3919,1941,193,2,5092.0,14.11,10169.89,1063.89
3920,1941,155,1,4794.0,17.85,4776.15,1532.15
3921,1941,86,2,1091.11,6.79,2175.43,661.43
3922,1942,47,3,5349.54,12.59,16036.03,4048.03
3923,1942,111,2,2962.45,16.59,5908.31,1310.31
3924,1943,192,1,6331.66,9.93,6321.73,1452.73
3925,1943,22,2,4915.03,15.64,9814.42,1840.42
3926,1944,183,4,3649.52,15.9,14582.18,4634.18
3927,1944,63,3,5551.59,15.49,16639.28,5362.28
3928,1945,159,1,3489.26,10.06,3479.2,1140.2
3929,1945,5,3,1844.85,13.98,5520.57,1929.57
3930,1946,172,3,5175.17,1.04,15524.47,2420.47
3931,1947,197,3,4180.68,8.35,12533.69,1655.69
3932,1947,34,1,5835.24,8.03,5827.21,1156.21
3933,1948,166,4,1355.22,2.17,5418.71,678.71
3934,1948,185,3,3574.96,15.43,10709.45,1439.45
3935,1948,164,4,3449.26,3.11,13793.93,3017.93
3936,1949,60,1,5461.59,6.31,5455.28,1134.28
3937,1950,59,3,1997.79,5.43,5987.94,941.94
3938,1950,33,1,4863.47,13.76,4849.71,783.71
3939,1951,16,2,1573.66,15.59,3131.73,641.73
3940,1952,28,3,5032.36,18.68,15078.4,4632.4
3941,1953,144,4,4410.54,4.86,17637.3,3957.3
3942,1953,88,2,5157.4,11.64,10303.16,1439.16
3943,1954,195,3,3047.63,12.68,9130.21,2731.21
3944,1955,48,2,3393.83,17.6,6770.06,1308.06
3945,1956,175,3,4435.81,15.38,13292.05,2645.05
3946,1956,89,4,454.52,16.38,1801.7,657.7
3947,1957,156,4,6188.4,7.43,24746.17,7938.17
3948,1957,188,4,5532.23,10.93,22117.99,7353.99
3949,1958,153,2,3013.31,12.05,6014.57,912.57
3950,1959,19,1,5980.37,11.57,5968.8,1856.8
3951,1960,130,3,7243.63,15.24,21715.65,8092.65
3952,1960,136,2,3836.46,15.7,7657.22,719.22
3953,1960,4,3,4963.98,9.65,14882.29,1394.29
3954,1961,63,4,5551.59,10.37,22195.99,7159.99
3955,1961,19,4,5980.37,16.27,23905.21,7457.21
3956,1961,151,3,2964.55,8.08,8885.57,857.57
3957,1962,188,1,5532.23,16.65,5515.58,1824.58
3958,1962,88,4,5157.4,3.15,20626.45,2898.45
3959,1962,192,4,6331.66,12.81,25313.83,5837.83
3960,1963,41,4,2657.03,1.99,10626.13,3606.13
3961,1964,130,4,7243.63,7.13,28967.39,10803.39
3962,1964,85,1,4281.36,15.89,4265.47,1032.47
3963,1964,9,2,3616.76,0.69,7232.83,2450.83
3964,1965,33,1,4863.47,5.04,4858.43,792.43
3965,1965,150,1,6284.22,17.73,6266.49,1718.49
3966,1965,54,1,6094.37,12.66,6081.71,2259.71
3967,1966,65,4,4404.24,19.91,17597.05,5417.05
3968,1966,43,1,2515.73,2.98,2512.75,452.75
3969,1966,66,3,4903.31,0.26,14709.67,2973.67
3970,1967,26,4,7539.95,1.61,30158.19,10998.19
3971,1967,160,1,2514.92,2.42,2512.5,544.5
3972,1967,194,2,7044.36,15.15,14073.57,4145.57
3973,1968,157,1,1186.69,14.7,1171.99,271.99
3974,1969,65,2,4404.24,17.86,8790.62,2700.62
3975,1969,164,4,3449.26,8.3,13788.74,3012.74
3976,1969,124,1,4391.54,19.82,4371.72,851.72
3977,1970,57,3,2097.22,3.66,6288.0,1995.0
3978,1970,94,2,5544.85,19.77,11069.93,1139.93
3979,1970,140,2,5410.03,2.13,10817.93,1993.93
3980,1971,3,1,7696.6,1.5,7695.1,2701.1
3981,1972,135,2,4537.82,3.57,9072.07,880.07
3982,1972,146,1,6386.06,1.19,6384.87,2190.87
3983,1972,76,1,2598.97,16.15,2582.82,800.82
3984,1973,183,3,3649.52,4.22,10944.34,3483.34
3985,1973,97,1,6749.43,16.06,6733.37,2506.37
3986,1974,61,1,2566.03,7.96,2558.07,945.07
3987,1974,34,3,5835.24,7.64,17498.08,3485.08
3988,1974,72,4,5828.14,2.31,23310.25,5694.25
3989,1975,16,4,1573.66,9.08,6285.56,1305.56
3990,1975,126,4,6579.87,10.57,26308.91,7868.91
3991,1976,19,3,5980.37,2.44,17938.67,5602.67
3992,1977,118,2,5356.59,16.13,10697.05,2859.05
3993,1978,66,4,4903.31,12.41,19600.83,3952.83
3994,1978,137,1,7130.26,14.53,7115.73,2627.73
3995,1978,117,1,2834.64,14.7,2819.94,759.94
3996,1979,120,4,1361.78,14.8,5432.32,1804.32
3997,1979,95,4,3093.45,15.13,12358.67,3942.67
3998,1980,58,2,315.69,7.97,623.41,193.41
3999,1981,82,3,852.5,15.36,2542.14,676.14
4000,1981,22,1,4915.03,16.37,4898.66,911.66
4001,1981,184,2,2633.24,14.85,5251.63,1081.63
4002,1982,73,4,5457.97,6.29,21825.59,2941.59
4003,1982,12,1,4572.81,5.78,4567.03,1472.03
4004,1982,50,3,5429.37,17.54,16270.57,5701.57
4005,1983,140,2,5410.03,0.52,10819.54,1995.54
4006,1983,9,1,3616.76,0.47,3616.29,1225.29
4007,1983,197,4,4180.68,6.99,16715.73,2211.73
4008,1984,52,4,448.48,16.1,1777.82,153.82
4009,1984,23,4,2868.81,4.22,11471.02,3615.02
4010,1985,27,4,336.73,17.08,1329.84,309.84
4011,1986,52,1,448.48,3.85,444.63,38.63
4012,1986,130,2,7243.63,1.79,14485.47,5403.47
4013,1986,45,4,4565.43,19.13,18242.59,2366.59
4014,1987,140,1,5410.03,15.66,5394.37,982.37
4015,1988,142,1,5775.74,10.71,5765.03,1037.03
4016,1988,183,4,3649.52,17.61,14580.47,4632.47
4017,1989,198,3,2599.54,10.04,7788.58,2034.58
4018,1990,60,1,5461.59,7.96,5453.63,1132.63
4019,1990,200,4,4099.17,18.45,16378.23,3722.23
4020,1990,26,2,7539.95,8.9,15071.0,5491.0
4021,1991,28,1,5032.36,11.29,5021.07,1539.07
4022,1991,169,4,6981.12,19.98,27904.5,7944.5
4023,1991,60,3,5461.59,2.57,16382.2,3419.2
4024,1992,124,2,4391.54,16.56,8766.52,1726.52
4025,1992,19,1,5980.37,9.04,5971.33,1859.33
4026,1993,137,4,7130.26,10.52,28510.52,10558.52
4027,1993,108,3,1550.46,2.02,4649.36,1055.36
4028,1994,90,3,4881.97,8.55,14637.36,3915.36
4029,1995,163,4,2701.47,5.84,10800.04,1620.04
4030,1996,82,4,852.5,8.89,3401.11,913.11
4031,1997,146,4,6386.06,14.35,25529.89,8753.89
4032,1997,57,3,2097.22,1.77,6289.89,1996.89
4033,1997,99,1,3956.07,4.49,3951.58,1379.58
4034,1998,167,2,6421.3,13.13,12829.47,3505.47
4035,1998,8,1,907.81,5.3,902.51,200.51
4036,1998,158,3,6464.49,14.25,19379.22,4442.22
4037,1999,113,1,5653.4,7.02,5646.38,968.38
4038,1999,25,4,1979.19,14.57,7902.19,2662.19
4039,1999,57,2,2097.22,4.47,4189.97,1327.97
4040,2000,126,2,6579.87,6.74,13153.0,3933.0
4041,2000,20,1,303.07,7.23,295.84,59.84
4042,2001,181,3,3227.71,13.73,9669.4,1986.4
4043,2001,59,2,1997.79,16.09,3979.49,615.49
4044,2001,75,1,4256.43,7.87,4248.56,1461.56
4045,2002,149,1,2606.01,8.69,2597.32,277.32
4046,2002,196,1,638.3,6.42,631.88,169.88
4047,2002,105,4,4856.31,1.07,19424.17,3508.17
4048,2003,7,1,5629.83,7.03,5622.8,920.8
4049,2004,56,3,4864.07,18.62,14573.59,2771.59
4050,2004,146,2,6386.06,8.15,12763.97,4375.97
4051,2004,136,1,3836.46,13.85,3822.61,353.61
4052,2005,114,2,4077.29,5.69,8148.89,2982.89
4053,2005,180,3,3738.11,1.88,11212.45,2686.45
4054,2006,37,1,1522.64,16.01,1506.63,408.63
4055,2006,75,2,4256.43,0.41,8512.45,2938.45
4056,2007,78,2,1600.82,12.05,3189.59,829.59
4057,2007,101,2,7616.13,14.59,15217.67,5325.67
4058,2008,155,2,4794.0,11.67,9576.33,3088.33
4059,2009,173,2,1527.03,11.2,3042.86,568.86
4060,2009,143,3,1084.42,6.97,3246.29,966.29
4061,2010,97,2,6749.43,8.76,13490.1,5036.1
4062,2011,27,2,336.73,6.75,666.71,156.71
4063,2012,197,4,4180.68,7.87,16714.85,2210.85
4064,2012,69,1,1797.42,5.12,1792.3,438.3
4065,2012,114,3,4077.29,5.22,12226.65,4477.65
4066,2013,88,2,5157.4,17.0,10297.8,1433.8
4067,2013,103,4,5536.18,10.32,22134.4,4550.4
4068,2014,106,2,1926.7,1.33,3852.07,1288.07
4069,2015,27,2,336.73,7.43,666.03,156.03
4070,2015,162,3,3776.05,6.55,11321.6,3764.6
4071,2016,183,3,3649.52,0.14,10948.42,3487.42
4072,2017,67,3,3825.3,14.18,11461.72,3520.72
4073,2017,125,4,2559.2,8.39,10228.41,2292.41
4074,2018,77,1,5661.33,4.52,5656.81,1376.81
4075,2018,31,2,5674.17,9.12,11339.22,2531.22
4076,2018,138,2,5451.69,3.93,10899.45,3645.45
4077,2019,46,2,7321.91,18.4,14625.42,5409.42
4078,2019,74,1,2434.43,7.74,2426.69,670.69
4079,2019,49,3,5840.98,16.14,17506.8,3097.8
4080,2020,109,3,3992.5,6.23,11971.27,3556.27
4081,2020,68,1,2309.06,2.06,2307.0,398.0
4082,2021,28,1,5032.36,13.08,5019.28,1537.28
4083,2021,199,4,7009.81,17.29,28021.95,8601.95
4084,2021,170,1,250.43,12.59,237.84,36.84
4085,2022,167,2,6421.3,18.81,12823.79,3499.79
4086,2022,65,3,4404.24,11.2,13201.52,4066.52
4087,2022,3,1,7696.6,2.69,7693.91,2699.91
4088,2023,114,4,4077.29,13.95,16295.21,5963.21
4089,2024,166,3,1355.22,3.89,4061.77,506.77
4090,2024,2,1,3361.74,13.62,3348.12,358.12
4091,2025,146,3,6386.06,0.28,19157.9,6575.9
4092,2025,169,2,6981.12,0.58,13961.66,3981.66
4093,2026,153,2,3013.31,3.33,6023.29,921.29
4094,2026,104,3,1652.43,16.56,4940.73,974.73
4095,2026,196,4,638.3,6.52,2546.68,698.68
4096,2027,40,2,5316.39,9.29,10623.49,3177.49
4097,2028,107,3,5511.95,11.1,16524.75,6084.75
4098,2029,4,2,4963.98,4.76,9923.2,931.2
4099,2029,82,4,852.5,3.57,3406.43,918.43
4100,2029,4,1,4963.98,7.3,4956.68,460.68
4101,2030,31,1,5674.17,0.14,5674.03,1270.03
4102,2030,1,3,6087.96,18.55,18245.33,6710.33
4103,2030,40,4,5316.39,17.31,21248.25,6356.25
4104,2031,42,2,2717.08,1.02,5433.14,783.14
4105,2031,49,1,5840.98,9.09,5831.89,1028.89
4106,2031,139,1,1210.99,17.99,1193.0,304.0
4107,2032,44,2,2260.37,4.1,4516.64,502.64
4108,2032,120,4,1361.78,18.9,5428.22,1800.22
4109,2032,29,3,6088.79,5.38,18260.99,6371.99
4110,2033,18,1,6294.01,8.91,6285.1,1322.1
4111,2033,174,2,1465.47,9.09,2921.85,331.85
4112,2033,170,2,250.43,16.64,484.22,82.22
4113,2034,40,4,5316.39,4.33,21261.23,6369.23
4114,2034,61,3,2566.03,11.68,7686.41,2847.41
4115,2035,52,4,448.48,12.9,1781.02,157.02
4116,2035,83,3,4426.65,12.18,13267.77,1366.77
4117,2036,198,2,2599.54,18.8,5180.28,1344.28
4118,2037,130,3,7243.63,9.11,21721.78,8098.78
4119,2037,132,2,198.54,5.25,391.83,87.83
4120,2037,166,1,1355.22,17.75,1337.47,152.47
4121,2038,7,3,5629.83,6.42,16883.07,2777.07
4122,2038,125,3,2559.2,4.16,7673.44,1721.44
4123,2038,39,4,552.25,1.73,2207.27,431.27
4124,2039,172,1,5175.17,19.61,5155.56,787.56
4125,2039,157,3,1186.69,1.29,3558.78,858.78
4126,2039,84,2,1792.84,13.04,3572.64,1154.64
4127,2040,200,1,4099.17,5.5,4093.67,929.67
4128,2040,139,1,1210.99,16.19,1194.8,305.8
4129,2040,158,1,6464.49,9.46,6455.03,1476.03
4130,2041,87,3,3417.67,10.72,10242.29,1398.29
4131,2041,151,3,2964.55,0.86,8892.79,864.79
4132,2042,108,2,1550.46,11.05,3089.87,693.87
4133,2043,89,1,454.52,19.6,434.92,148.92
4134,2043,48,1,3393.83,16.56,3377.27,646.27
4135,2044,6,3,3476.76,9.14,10421.14,1130.14
4136,2044,146,4,6386.06,5.7,25538.54,8762.54
4137,2044,196,3,638.3,8.93,1905.97,519.97
4138,2045,158,2,6464.49,6.6,12922.38,2964.38
4139,2045,179,3,4824.55,17.46,14456.19,4820.19
4140,2045,7,3,5629.83,8.49,16881.0,2775.0
4141,2046,1,1,6087.96,6.79,6081.17,2236.17
4142,2047,33,2,4863.47,7.6,9719.34,1587.34
4143,2048,48,3,3393.83,12.41,10169.08,1976.08
4144,2048,74,4,2434.43,13.57,9724.15,2700.15
4145,2048,89,1,454.52,11.44,443.08,157.08
4146,2049,115,2,2618.2,6.17,5230.23,1918.23
4147,2049,109,1,3992.5,12.43,3980.07,1175.07
4148,2049,122,4,7212.86,17.95,28833.49,10001.49
4149,2050,123,4,3078.2,5.78,12307.02,3363.02
4150,2050,14,2,488.44,6.67,970.21,134.21
4151,2050,138,1,5451.69,18.89,5432.8,1805.8
4152,2051,15,1,5784.26,14.32,5769.94,1415.94
4153,2051,64,3,7118.68,12.82,21343.22,6730.22
4154,2051,198,1,2599.54,10.1,2589.44,671.44
4155,2052,12,2,4572.81,3.14,9142.48,2952.48
4156,2053,123,3,3078.2,9.13,9225.47,2517.47
4157,2053,199,4,7009.81,19.85,28019.39,8599.39
4158,2053,193,2,5092.0,18.62,10165.38,1059.38
4159,2054,89,4,454.52,7.2,1810.88,666.88
4160,2054,36,3,5135.84,10.18,15397.34,3307.34
4161,2055,139,3,1210.99,0.49,3632.48,965.48
4162,2055,196,4,638.3,5.35,2547.85,699.85
4163,2056,135,2,4537.82,13.16,9062.48,870.48
4164,2056,131,4,572.86,2.23,2289.21,781.21
4165,2057,45,3,4565.43,7.05,13689.24,1782.24
4166,2058,88,2,5157.4,4.77,10310.03,1446.03
4167,2058,131,3,572.86,2.72,1715.86,584.86
4168,2059,131,3,572.86,5.76,1712.82,581.82
4169,2059,31,3,5674.17,7.44,17015.07,3803.07
4170,2059,191,4,933.8,4.24,3730.96,910.96
4171,2060,110,3,1172.22,12.98,3503.68,932.68
4172,2061,27,4,336.73,12.97,1333.95,313.95
4173,2061,166,4,1355.22,17.11,5403.77,663.77
4174,2061,158,3,6464.49,6.51,19386.96,4449.96
4175,2062,148,1,2839.22,13.3,2825.92,994.92
4176,2063,39,3,552.25,1.53,1655.22,323.22
4177,2063,118,4,5356.59,14.38,21411.98,5735.98
4178,2063,2,1,3361.74,14.28,3347.46,357.46
4179,2064,118,3,5356.59,18.82,16050.95,4293.95
4180,2064,14,3,488.44,10.91,1454.41,200.41
4181,2064,152,3,1890.92,12.07,5660.69,1817.69
4182,2065,58,4,315.69,11.47,1251.29,391.29
4183,2065,65,2,4404.24,19.39,8789.09,2699.09
4184,2066,100,2,4359.62,14.31,8704.93,1730.93
4185,2066,101,1,7616.13,14.01,7602.12,2656.12
4186,2067,118,4,5356.59,6.14,21420.22,5744.22
4187,2067,135,1,4537.82,10.79,4527.03,431.03
4188,2068,107,3,5511.95,3.25,16532.6,6092.6
4189,2068,178,4,244.03,16.74,959.38,339.38
4190,2068,164,1,3449.26,17.19,3432.07,738.07
4191,2069,35,4,2598.33,0.4,10392.92,3200.92
4192,2070,77,1,5661.33,2.8,5658.53,1378.53
4193,2070,137,3,7130.26,18.53,21372.25,7908.25
4194,2071,196,4,638.3,8.47,2544.73,696.73
4195,2071,145,1,792.87,12.81,780.06,221.06
4196,2071,24,2,2037.73,0.69,4074.77,1082.77
4197,2072,54,1,6094.37,15.63,6078.74,2256.74
4198,2072,62,3,2352.48,11.63,7045.81,649.81
4199,2073,189,2,4900.58,15.3,9785.86,1405.86
4200,2074,150,2,6284.22,4.04,12564.4,3468.4
4201,2074,178,1,244.03,19.29,224.74,69.74
4202,2075,82,4,852.5,1.55,3408.45,920.45
4203,2075,99,2,3956.07,16.22,7895.92,2751.92
4204,2076,86,1,1091.11,18.21,1072.9,315.9
4205,2077,132,4,198.54,4.02,790.14,182.14
4206,2078,40,2,5316.39,1.99,10630.79,3184.79
4207,2079,34,1,5835.24,0.89,5834.35,1163.35
4208,2080,125,4,2559.2,4.65,10232.15,2296.15
4209,2080,54,2,6094.37,5.6,12183.14,4539.14
4210,2080,47,4,5349.54,19.41,21378.75,5394.75
4211,2081,94,4,5544.85,5.55,22173.85,2313.85
4212,2081,164,2,3449.26,11.85,6886.67,1498.67
4213,2081,127,1,6494.51,16.23,6478.28,2376.28
4214,2082,93,1,278.24,5.38,272.86,44.86
4215,2083,59,3,1997.79,17.09,5976.28,930.28
4216,2083,34,2,5835.24,13.37,11657.11,2315.11
4217,2083,94,1,5544.85,5.26,5539.59,574.59
4218,2084,80,3,4102.63,3.39,12304.5,2275.5
4219,2084,193,2,5092.0,16.44,10167.56,1061.56
4220,2084,86,3,1091.11,13.1,3260.23,989.23
4221,2085,66,1,4903.31,17.83,4885.48,973.48
4222,2086,61,1,2566.03,15.28,2550.75,937.75
4223,2086,30,2,5234.76,12.26,10457.26,1759.26
4224,2087,168,2,360.61,9.47,711.75,81.75
4225,2087,43,2,2515.73,5.36,5026.1,906.1
4226,2088,193,3,5092.0,8.38,15267.62,1608.62
4227,2089,58,2,315.69,6.69,624.69,194.69
4228,2089,103,2,5536.18,10.18,11062.18,2270.18
4229,2089,17,2,1855.26,11.13,3699.39,837.39
4230,2090,145,4,792.87,5.94,3165.54,929.54
4231,2090,149,1,2606.01,0.88,2605.13,285.13
4232,2090,93,4,278.24,14.23,1098.73,186.73
4233,2091,135,1,4537.82,9.22,4528.6,432.6
4234,2092,104,4,1652.43,0.02,6609.7,1321.7
4235,2093,78,3,1600.82,9.12,4793.34,1253.34
4236,2094,27,4,336.73,16.15,1330.77,310.77
4237,2095,174,4,1465.47,6.94,5854.94,674.94
4238,2095,153,1,3013.31,12.91,3000.4,449.4
4239,2096,152,4,1890.92,17.31,7546.37,2422.37
4240,2096,183,2,3649.52,3.28,7295.76,2321.76
4241,2097,11,3,4727.45,4.8,14177.55,4706.55
4242,2098,177,1,2260.51,11.48,2249.03,548.03
4243,2099,145,4,792.87,16.76,3154.72,918.72
4244,2099,64,4,7118.68,15.18,28459.54,8975.54
4245,2100,196,1,638.3,16.9,621.4,159.4
4246,2101,13,2,5553.96,10.95,11096.97,2556.97
4247,2102,56,2,4864.07,11.08,9717.06,1849.06
4248,2103,70,1,5087.1,14.32,5072.78,1566.78
4249,2104,85,3,4281.36,2.73,12841.35,3142.35
4250,2104,153,2,3013.31,3.42,6023.2,921.2
4251,2105,60,2,5461.59,15.48,10907.7,2265.7
4252,2106,25,2,1979.19,2.59,3955.79,1335.79
4253,2107,44,2,2260.37,5.3,4515.44,501.44
4254,2107,16,4,1573.66,11.34,6283.3,1303.3
4255,2107,60,3,5461.59,4.61,16380.16,3417.16
4256,2108,98,1,3766.26,12.72,3753.54,1041.54
4257,2108,106,2,1926.7,11.77,3841.63,1277.63
4258,2109,133,3,1476.81,8.16,4422.27,411.27
4259,2109,97,3,6749.43,1.12,20247.17,7566.17
4260,2109,193,4,5092.0,9.17,20358.83,2146.83
4261,2110,97,1,6749.43,18.1,6731.33,2504.33
4262,2111,1,4,6087.96,0.79,24351.05,8971.05
4263,2112,61,4,2566.03,1.09,10263.03,3811.03
4264,2113,32,3,5678.29,8.46,17026.41,3625.41
4265,2114,108,1,1550.46,9.8,1540.66,342.66
4266,2115,110,2,1172.22,11.75,2332.69,618.69
4267,2116,172,4,5175.17,14.15,20686.53,3214.53
4268,2116,51,2,5007.82,13.82,10001.82,3297.82
4269,2116,129,2,1819.36,1.28,3637.44,1145.44
4270,2117,41,2,2657.03,3.72,5310.34,1800.34
4271,2117,136,2,3836.46,3.94,7668.98,730.98
4272,2117,22,2,4915.03,10.0,9820.06,1846.06
4273,2118,185,2,3574.96,4.35,7145.57,965.57
4274,2119,99,2,3956.07,9.71,7902.43,2758.43
4275,2120,181,3,3227.71,18.39,9664.74,1981.74
4276,2120,11,1,4727.45,19.97,4707.48,1550.48
4277,2120,44,3,2260.37,6.77,6774.34,753.34
4278,2121,40,3,5316.39,16.22,15932.95,4763.95
4279,2121,173,1,1527.03,10.45,1516.58,279.58
4280,2121,146,2,6386.06,11.51,12760.61,4372.61
4281,2122,165,3,3471.22,0.69,10412.97,2537.97
4282,2122,41,2,2657.03,3.93,5310.13,1800.13
4283,2122,72,1,5828.14,7.05,5821.09,1417.09
4284,2123,142,2,5775.74,4.14,11547.34,2091.34
4285,2123,131,3,572.86,15.76,1702.82,571.82
4286,2124,6,3,3476.76,4.85,10425.43,1134.43
4287,2124,164,3,3449.26,6.81,10340.97,2258.97
4288,2124,147,3,1363.26,1.18,4088.6,1445.6
4289,2125,89,4,454.52,2.58,1815.5,671.5
4290,2126,175,2,4435.81,0.28,8871.34,1773.34
4291,2126,144,4,4410.54,17.48,17624.68,3944.68
4292,2126,112,3,650.07,10.06,1940.15,671.15
4293,2127,117,3,2834.64,9.33,8494.59,2314.59
4294,2127,90,2,4881.97,14.86,9749.08,2601.08
4295,2127,141,2,3818.5,14.8,7622.2,920.2
4296,2128,93,1,278.24,11.12,267.12,39.12
4297,2128,147,2,1363.26,13.29,2713.23,951.23
4298,2129,1,2,6087.96,6.66,12169.26,4479.26
4299,2129,175,3,4435.81,16.06,13291.37,2644.37
4300,2129,181,3,3227.71,17.85,9665.28,1982.28
4301,2130,191,1,933.8,17.84,915.96,210.96
4302,2131,190,4,3100.22,3.56,12397.32,3721.32
4303,2131,19,2,5980.37,8.46,11952.28,3728.28
4304,2132,166,1,1355.22,15.72,1339.5,154.5
4305,2132,68,1,2309.06,14.78,2294.28,385.28
4306,2133,124,1,4391.54,4.97,4386.57,866.57
4307,2133,69,2,1797.42,16.83,3578.01,870.01
4308,2134,195,2,3047.63,19.57,6075.69,1809.69
4309,2134,111,3,2962.45,5.41,8881.94,1984.94
4310,2135,36,4,5135.84,12.68,20530.68,4410.68
4311,2136,77,1,5661.33,13.91,5647.42,1367.42
4312,2137,123,1,3078.2,6.9,3071.3,835.3
4313,2138,69,2,1797.42,15.9,3578.94,870.94
4314,2138,17,3,1855.26,13.52,5552.26,1259.26
4315,2138,137,2,7130.26,13.01,14247.51,5271.51
4316,2139,94,2,5544.85,14.53,11075.17,1145.17
4317,2139,192,2,6331.66,3.27,12660.05,2922.05
4318,2139,189,4,4900.58,5.51,19596.81,2836.81
4319,2140,141,4,3818.5,1.23,15272.77,1868.77
4320,2140,161,4,2333.99,5.81,9330.15,2846.15
4321,2141,161,2,2333.99,0.74,4667.24,1425.24
4322,2141,189,1,4900.58,9.2,4891.38,701.38
4323,2142,188,1,5532.23,14.66,5517.57,1826.57
4324,2143,75,1,4256.43,7.44,4248.99,1461.99
4325,2143,77,2,5661.33,2.1,11320.56,2760.56
4326,2144,79,1,789.02,0.51,788.51,216.51
4327,2144,18,1,6294.01,13.16,6280.85,1317.85
4328,2145,113,2,5653.4,13.97,11292.83,1936.83
4329,2146,76,2,2598.97,19.98,5177.96,1613.96
4330,2146,154,2,4728.41,0.33,9456.49,2882.49
4331,2146,75,1,4256.43,17.76,4238.67,1451.67
4332,2147,16,4,1573.66,0.8,6293.84,1313.84
4333,2148,53,1,1531.38,0.58,1530.8,551.8
4334,2148,3,2,7696.6,1.76,15391.44,5403.44
4335,2148,132,4,198.54,10.99,783.17,175.17
4336,2149,4,4,4963.98,8.9,19847.02,1863.02
4337,2149,166,1,1355.22,5.35,1349.87,164.87
4338,2150,89,1,454.52,6.64,447.88,161.88
4339,2151,31,3,5674.17,14.39,17008.12,3796.12
4340,2151,122,1,7212.86,13.71,7199.15,2491.15
4341,2152,139,4,1210.99,2.3,4841.66,1285.66
4342,2153,31,1,5674.17,18.14,5656.03,1252.03
4343,2154,121,1,2267.36,5.12,2262.24,498.24
4344,2154,158,2,6464.49,5.26,12923.72,2965.72
4345,2154,27,4,336.73,19.27,1327.65,307.65
4346,2155,179,4,4824.55,3.74,19294.46,6446.46
4347,2155,56,1,4864.07,16.99,4847.08,913.08
4348,2156,128,1,2167.32,3.74,2163.58,685.58
4349,2157,83,1,4426.65,10.91,4415.74,448.74
4350,2158,186,2,7914.83,6.01,15823.65,5921.65
4351,2158,133,4,1476.81,14.38,5892.86,544.86
4352,2159,110,2,1172.22,6.35,2338.09,624.09
4353,2159,61,4,2566.03,0.78,10263.34,3811.34
4354,2159,150,2,6284.22,15.64,12552.8,3456.8
4355,2160,26,3,7539.95,15.45,22604.4,8234.4
4356,2160,153,1,3013.31,3.29,3010.02,459.02
4357,2160,160,4,2514.92,18.83,10040.85,2168.85
4358,2161,35,2,2598.33,10.33,5186.33,1590.33
4359,2161,79,1,789.02,6.71,782.31,210.31
4360,2161,66,2,4903.31,16.01,9790.61,1966.61
4361,2162,77,3,5661.33,16.42,16967.57,4127.57
4362,2163,67,2,3825.3,9.58,7641.02,2347.02
4363,2163,182,4,3177.71,12.51,12698.33,2006.33
4364,2164,72,1,5828.14,17.57,5810.57,1406.57
4365,2164,18,2,6294.01,11.31,12576.71,2650.71
4366,2165,120,2,1361.78,16.38,2707.18,893.18
4367,2165,189,4,4900.58,9.85,19592.47,2832.47
4368,2165,133,2,1476.81,13.26,2940.36,266.36
4369,2166,18,1,6294.01,9.86,6284.15,1321.15
4370,2166,35,3,2598.33,19.21,7775.78,2381.78
4371,2166,58,3,315.69,1.66,945.41,300.41
4372,2167,49,1,5840.98,19.87,5821.11,1018.11
4373,2168,15,2,5784.26,13.44,11555.08,2847.08
4374,2169,22,4,4915.03,12.86,19647.26,3699.26
4375,2169,115,2,2618.2,11.79,5224.61,1912.61
4376,2170,30,2,5234.76,7.63,10461.89,1763.89
4377,2170,103,1,5536.18,17.63,5518.55,1122.55
4378,2170,108,4,1550.46,15.52,6186.32,1394.32
4379,2171,142,3,5775.74,0.03,17327.19,3143.19
4380,2172,191,2,933.8,13.17,1854.43,444.43
4381,2173,101,4,7616.13,4.33,30460.19,10676.19
4382,2173,199,4,7009.81,4.57,28034.67,8614.67
4383,2174,150,3,6284.22,0.88,18851.78,5207.78
4384,2175,165,4,3471.22,8.56,13876.32,3376.32
4385,2175,88,3,5157.4,0.4,15471.8,2175.8
4386,2176,10,3,1249.33,16.63,3731.36,512.36
4387,2176,156,1,6188.4,10.97,6177.43,1975.43
4388,2176,161,2,2333.99,7.21,4660.77,1418.77
4389,2177,195,1,3047.63,7.03,3040.6,907.6
4390,2177,95,4,3093.45,18.56,12355.24,3939.24
4391,2177,20,3,303.07,15.5,893.71,185.71
4392,2178,55,4,6404.04,1.32,25614.84,9030.84
4393,2178,4,2,4963.98,11.92,9916.04,924.04
4394,2179,157,1,1186.69,8.8,1177.89,277.89
4395,2179,31,1,5674.17,14.84,5659.33,1255.33
4396,2179,157,2,1186.69,8.26,2365.12,565.12
4397,2180,4,2,4963.98,2.68,9925.28,933.28
4398,2180,116,4,3021.59,5.58,12080.78,3732.78
4399,2180,179,1,4824.55,19.48,4805.07,1593.07
4400,2181,113,3,5653.4,7.43,16952.77,2918.77
4401,2181,171,1,7270.84,5.58,7265.26,2582.26
4402,2182,165,2,3471.22,14.76,6927.68,1677.68
4403,2182,115,3,2618.2,12.89,7841.71,2873.71
4404,2183,46,3,7321.91,1.05,21964.68,8140.68
4405,2184,101,1,7616.13,18.14,7597.99,2651.99
4406,2184,16,2,1573.66,8.49,3138.83,648.83
4407,2184,110,4,1172.22,17.01,4671.87,1243.87
4408,2185,95,2,3093.45,15.44,6171.46,1963.46
4409,2185,20,3,303.07,4.97,904.24,196.24
4410,2186,73,2,5457.97,11.97,10903.97,1461.97
4411,2186,1,1,6087.96,3.42,6084.54,2239.54
4412,2187,196,1,638.3,4.15,634.15,172.15
4413,2188,30,1,5234.76,4.98,5229.78,880.78
4414,2189,129,2,1819.36,16.94,3621.78,1129.78
4415,2190,197,4,4180.68,0.19,16722.53,2218.53
4416,2191,148,4,2839.22,6.95,11349.93,4025.93
4417,2192,91,1,4930.64,17.73,4912.91,1039.91
4418,2192,145,1,792.87,9.97,782.9,223.9
4419,2192,80,3,4102.63,17.92,12289.97,2260.97
4420,2193,152,3,1890.92,14.9,5657.86,1814.86
4421,2194,184,1,2633.24,8.68,2624.56,539.56
4422,2194,33,2,4863.47,19.7,9707.24,1575.24
4423,2195,34,4,5835.24,2.09,23338.87,4654.87
4424,2195,200,1,4099.17,3.39,4095.78,931.78
4425,2196,47,3,5349.54,17.03,16031.59,4043.59
4426,2196,185,3,3574.96,11.69,10713.19,1443.19
4427,2196,182,3,3177.71,7.66,9525.47,1506.47
4428,2197,65,2,4404.24,17.0,8791.48,2701.48
4429,2197,116,3,3021.59,7.05,9057.72,2796.72
4430,2198,137,1,7130.26,3.52,7126.74,2638.74
4431,2199,113,4,5653.4,1.69,22611.91,3899.91
4432,2199,78,3,1600.82,4.48,4797.98,1257.98
4433,2199,58,4,315.69,18.08,1244.68,384.68
4434,2200,166,1,1355.22,12.41,1342.81,157.81
4435,2200,132,3,198.54,8.77,586.85,130.85
4436,2200,189,4,4900.58,12.06,19590.26,2830.26
4437,2201,27,2,336.73,13.08,660.38,150.38
4438,2202,5,1,1844.85,3.17,1841.68,644.68
4439,2202,43,4,2515.73,10.74,10052.18,1812.18
4440,2202,41,2,2657.03,5.91,5308.15,1798.15
4441,2203,21,3,6119.99,1.39,18358.58,3715.58
4442,2203,41,1,2657.03,15.11,2641.92,886.92
4443,2203,104,1,1652.43,16.41,1636.02,314.02
4444,2204,12,1,4572.81,0.39,4572.42,1477.42
4445,2204,110,3,1172.22,10.11,3506.55,935.55
4446,2205,174,2,1465.47,14.11,2916.83,326.83
4447,2205,95,4,3093.45,7.21,12366.59,3950.59
4448,2205,148,2,2839.22,11.14,5667.3,2005.3
4449,2206,164,1,3449.26,12.56,3436.7,742.7
4450,2206,76,3,2598.97,0.36,7796.55,2450.55
4451,2206,148,4,2839.22,3.87,11353.01,4029.01
4452,2207,192,3,6331.66,7.54,18987.44,4380.44
4453,2208,155,1,4794.0,10.46,4783.54,1539.54
4454,2208,76,4,2598.97,19.93,10375.95,3247.95
4455,2209,104,3,1652.43,19.76,4937.53,971.53
4456,2209,143,2,1084.42,17.32,2151.52,631.52
4457,2209,52,1,448.48,9.59,438.89,32.89
4458,2210,27,1,336.73,15.92,320.81,65.81
4459,2210,179,4,4824.55,10.33,19287.87,6439.87
4460,2210,20,3,303.07,1.24,907.97,199.97
4461,2211,58,2,315.69,18.6,612.78,182.78
4462,2211,82,1,852.5,3.59,848.91,226.91
4463,2211,155,3,4794.0,6.94,14375.06,4643.06
4464,2212,54,2,6094.37,15.57,12173.17,4529.17
4465,2212,28,3,5032.36,13.01,15084.07,4638.07
4466,2212,182,3,3177.71,2.89,9530.24,1511.24
4467,2213,79,2,789.02,10.53,1567.51,423.51
4468,2213,52,3,448.48,16.52,1328.92,110.92
4469,2214,15,4,5784.26,10.17,23126.87,5710.87
4470,2214,86,3,1091.11,0.01,3273.32,1002.32
4471,2214,49,3,5840.98,9.68,17513.26,3104.26
4472,2215,162,4,3776.05,14.26,15089.94,5013.94
4473,2215,101,4,7616.13,4.18,30460.34,10676.34
4474,2215,18,3,6294.01,3.62,18878.41,3989.41
4475,2216,22,3,4915.03,15.29,14729.8,2768.8
4476,2216,112,2,650.07,3.0,1297.14,451.14
4477,2217,182,1,3177.71,12.83,3164.88,491.88
4478,2217,197,2,4180.68,19.21,8342.15,1090.15
4479,2218,107,3,5511.95,10.91,16524.94,6084.94
4480,2219,42,4,2717.08,13.62,10854.7,1554.7
4481,2219,122,2,7212.86,1.2,14424.52,5008.52
4482,2219,67,4,3825.3,0.59,15300.61,4712.61
4483,2220,197,1,4180.68,11.91,4168.77,542.77
4484,2220,186,1,7914.83,1.23,7913.6,2962.6
4485,2221,84,4,1792.84,13.53,7157.83,2321.83
4486,2222,85,4,4281.36,16.58,17108.86,4176.86
4487,2222,64,4,7118.68,9.55,28465.17,8981.17
4488,2222,67,1,3825.3,2.68,3822.62,1175.62
4489,2223,196,1,638.3,5.66,632.64,170.64
4490,2223,50,4,5429.37,5.45,21712.03,7620.03
4491,2224,137,2,7130.26,8.36,14252.16,5276.16
4492,2225,198,4,2599.54,19.28,10378.88,2706.88
4493,2225,58,4,315.69,9.57,1253.19,393.19
4494,2225,117,3,2834.64,15.23,8488.69,2308.69
4495,2226,4,2,4963.98,15.58,9912.38,920.38
4496,2226,131,2,572.86,12.1,1133.62,379.62
4497,2227,85,2,4281.36,7.99,8554.73,2088.73
4498,2227,44,2,2260.37,13.72,4507.02,493.02
4499,2228,113,1,5653.4,6.63,5646.77,968.77
4500,2228,127,4,6494.51,7.16,25970.88,9562.88
4501,2229,52,1,448.48,1.36,447.12,41.12
4502,2229,168,4,360.61,7.7,1434.74,174.74
4503,2229,156,2,6188.4,16.7,12360.1,3956.1
4504,2230,131,3,572.86,18.09,1700.49,569.49
4505,2231,116,1,3021.59,17.03,3004.56,917.56
4506,2231,177,2,2260.51,5.43,4515.59,1113.59
4507,2231,200,3,4099.17,4.49,12293.02,2801.02
4508,2232,159,4,3489.26,17.97,13939.07,4583.07
4509,2232,82,3,852.5,5.41,2552.09,686.09
4510,2232,72,1,5828.14,3.12,5825.02,1421.02
4511,2233,138,1,5451.69,6.03,5445.66,1818.66
4512,2233,135,4,4537.82,14.05,18137.23,1753.23
4513,2234,183,1,3649.52,10.79,3638.73,1151.73
4514,2234,52,3,448.48,18.76,1326.68,108.68
4515,2234,43,3,2515.73,8.78,7538.41,1358.41
4516,2235,90,4,4881.97,11.0,19516.88,5220.88
4517,2236,22,3,4915.03,17.78,14727.31,2766.31
4518,2236,104,2,1652.43,1.3,3303.56,659.56
4519,2236,97,4,6749.43,16.89,26980.83,10072.83
4520,2237,185,4,3574.96,3.95,14295.89,1935.89
4521,2237,179,2,4824.55,18.12,9630.98,3206.98
4522,2237,31,4,5674.17,8.5,22688.18,5072.18
4523,2238,31,4,5674.17,3.39,22693.29,5077.29
4524,2238,170,4,250.43,12.35,989.37,185.37
4525,2238,186,4,7914.83,9.59,31649.73,11845.73
4526,2239,189,1,4900.58,10.04,4890.54,700.54
4527,2240,146,2,6386.06,2.52,12769.6,4381.6
4528,2240,167,4,6421.3,8.8,25676.4,7028.4
4529,2241,27,4,336.73,16.84,1330.08,310.08
4530,2241,69,3,1797.42,9.21,5383.05,1321.05
4531,2242,138,3,5451.69,13.84,16341.23,5460.23
4532,2242,81,2,5497.32,11.95,10982.69,1308.69
4533,2243,159,2,3489.26,5.85,6972.67,2294.67
4534,2244,62,3,2352.48,6.82,7050.62,654.62
4535,2244,74,4,2434.43,16.65,9721.07,2697.07
4536,2245,17,3,1855.26,17.52,5548.26,1255.26
4537,2246,47,1,5349.54,11.15,5338.39,1342.39
4538,2247,22,4,4915.03,1.84,19658.28,3710.28
4539,2247,1,4,6087.96,16.46,24335.38,8955.38
4540,2248,168,4,360.61,19.5,1422.94,162.94
4541,2248,30,2,5234.76,1.94,10467.58,1769.58
4542,2249,81,2,5497.32,11.07,10983.57,1309.57
4543,2249,76,2,2598.97,6.98,5190.96,1626.96
4544,2250,93,2,278.24,4.86,551.62,95.62
4545,2251,186,2,7914.83,16.31,15813.35,5911.35
4546,2251,26,2,7539.95,6.75,15073.15,5493.15
4547,2251,104,4,1652.43,6.55,6603.17,1315.17
4548,2252,75,3,4256.43,16.98,12752.31,4391.31
4549,2253,121,1,2267.36,4.65,2262.71,498.71
4550,2253,123,1,3078.2,7.21,3070.99,834.99
4551,2254,33,3,4863.47,11.04,14579.37,2381.37
4552,2254,18,3,6294.01,16.03,18866.0,3977.0
4553,2254,79,3,789.02,7.77,2359.29,643.29
4554,2255,102,4,6271.36,12.32,25073.12,6461.12
4555,2256,112,4,650.07,4.71,2595.57,903.57
4556,2257,172,3,5175.17,14.39,15511.12,2407.12
4557,2257,130,1,7243.63,0.61,7243.02,2702.02
4558,2258,193,2,5092.0,15.68,10168.32,1062.32
4559,2259,145,2,792.87,12.68,1573.06,455.06
4560,2260,6,3,3476.76,2.81,10427.47,1136.47
4561,2260,76,2,2598.97,12.32,5185.62,1621.62
4562,2260,194,1,7044.36,1.79,7042.57,2078.57
4563,2261,115,3,2618.2,19.14,7835.46,2867.46
4564,2261,162,3,3776.05,1.0,11327.15,3770.15
4565,2262,139,2,1210.99,1.2,2420.78,642.78
4566,2262,54,4,6094.37,2.69,24374.79,9086.79
4567,2263,5,2,1844.85,10.23,3679.47,1285.47
4568,2264,130,2,7243.63,11.75,14475.51,5393.51
4569,2264,153,1,3013.31,2.1,3011.21,460.21
4570,2264,200,3,4099.17,12.43,12285.08,2793.08
4571,2265,110,1,1172.22,8.69,1163.53,306.53
4572,2265,16,4,1573.66,10.26,6284.38,1304.38
4573,2266,80,1,4102.63,0.12,4102.51,759.51
4574,2267,179,3,4824.55,17.4,14456.25,4820.25
4575,2267,21,2,6119.99,2.37,12237.61,2475.61
4576,2267,71,2,2797.48,18.35,5576.61,1798.61
4577,2268,127,3,6494.51,3.92,19479.61,7173.61
4578,2268,28,1,5032.36,18.2,5014.16,1532.16
4579,2269,86,2,1091.11,11.56,2170.66,656.66
4580,2269,122,1,7212.86,11.93,7200.93,2492.93
4581,2269,160,1,2514.92,12.05,2502.87,534.87
4582,2270,75,1,4256.43,9.8,4246.63,1459.63
4583,2270,180,2,3738.11,0.36,7475.86,1791.86
4584,2271,147,3,1363.26,10.84,4078.94,1435.94
4585,2271,102,1,6271.36,18.02,6253.34,1600.34
4586,2272,108,1,1550.46,2.15,1548.31,350.31
4587,2273,56,4,4864.07,0.36,19455.92,3719.92
4588,2273,54,3,6094.37,7.28,18275.83,6809.83
4589,2273,51,3,5007.82,17.9,15005.56,4949.56
4590,2274,16,1,1573.66,17.01,1556.65,311.65
4591,2275,96,2,2765.79,6.7,5524.88,1486.88
4592,2276,92,2,1142.9,3.58,2282.22,234.22
4593,2277,191,2,933.8,18.54,1849.06,439.06
4594,2277,144,1,4410.54,17.28,4393.26,973.26
4595,2278,127,1,6494.51,5.29,6489.22,2387.22
4596,2278,180,3,3738.11,6.45,11207.88,2681.88
4597,2278,25,4,1979.19,11.4,7905.36,2665.36
4598,2279,73,1,5457.97,16.87,5441.1,720.1
4599,2279,164,4,3449.26,15.13,13781.91,3005.91
4600,2279,75,1,4256.43,1.61,4254.82,1467.82
4601,2280,95,2,3093.45,11.34,6175.56,1967.56
4602,2281,132,1,198.54,13.87,184.67,32.67
4603,2282,128,4,2167.32,13.74,8655.54,2743.54
4604,2282,174,3,1465.47,3.1,4393.31,508.31
4605,2283,174,4,1465.47,10.61,5851.27,671.27
4606,2283,67,2,3825.3,12.12,7638.48,2344.48
4607,2284,9,2,3616.76,6.53,7226.99,2444.99
4608,2285,163,3,2701.47,9.68,8094.73,1209.73
4609,2285,156,1,6188.4,3.83,6184.57,1982.57
4610,2285,116,4,3021.59,4.12,12082.24,3734.24
4611,2286,95,4,3093.45,11.34,12362.46,3946.46
4612,2287,91,2,4930.64,13.84,9847.44,2101.44
4613,2287,134,4,3568.12,18.95,14253.53,1625.53
4614,2287,49,3,5840.98,19.5,17503.44,3094.44
4615,2288,177,1,2260.51,18.48,2242.03,541.03
4616,2288,15,1,5784.26,11.07,5773.19,1419.19
4617,2289,99,1,3956.07,9.89,3946.18,1374.18
4618,2289,10,3,1249.33,10.29,3737.7,518.7
4619,2289,187,1,504.48,14.47,490.01,170.01
4620,2290,35,2,2598.33,13.31,5183.35,1587.35
4621,2290,27,1,336.73,17.49,319.24,64.24
4622,2290,174,3,1465.47,3.31,4393.1,508.1
4623,2291,180,4,3738.11,2.92,14949.52,3581.52
4624,2292,21,3,6119.99,5.38,18354.59,3711.59
4625,2292,170,4,250.43,1.22,1000.5,196.5
4626,2293,157,2,1186.69,13.23,2360.15,560.15
4627,2294,151,3,2964.55,2.16,8891.49,863.49
4628,2295,29,1,6088.79,17.7,6071.09,2108.09
4629,2296,41,3,2657.03,15.0,7956.09,2691.09
4630,2297,192,3,6331.66,18.56,18976.42,4369.42
4631,2297,174,4,1465.47,16.27,5845.61,665.61
4632,2298,106,3,1926.7,10.33,5769.77,1923.77
4633,2298,164,1,3449.26,0.04,3449.22,755.22
4634,2299,54,2,6094.37,19.54,12169.2,4525.2
4635,2299,108,4,1550.46,11.59,6190.25,1398.25
4636,2299,95,4,3093.45,13.01,12360.79,3944.79
4637,2300,57,2,2097.22,7.76,4186.68,1324.68
4638,2301,62,3,2352.48,5.63,7051.81,655.81
4639,2301,45,1,4565.43,15.0,4550.43,581.43
4640,2302,165,1,3471.22,6.28,3464.94,839.94
4641,2302,173,1,1527.03,6.85,1520.18,283.18
4642,2302,2,3,3361.74,3.24,10081.98,1111.98
4643,2303,140,2,5410.03,7.95,10812.11,1988.11
4644,2303,115,4,2618.2,3.58,10469.22,3845.22
4645,2304,126,2,6579.87,9.34,13150.4,3930.4
4646,2304,32,1,5678.29,16.65,5661.64,1194.64
4647,2304,21,3,6119.99,14.82,18345.15,3702.15
4648,2305,131,1,572.86,7.46,565.4,188.4
4649,2305,142,3,5775.74,11.86,17315.36,3131.36
4650,2305,95,2,3093.45,12.45,6174.45,1966.45
4651,2306,82,2,852.5,2.75,1702.25,458.25
4652,2306,33,3,4863.47,2.83,14587.58,2389.58
4653,2306,123,2,3078.2,11.33,6145.07,1673.07
4654,2307,6,2,3476.76,12.34,6941.18,747.18
4655,2308,45,4,4565.43,6.29,18255.43,2379.43
4656,2308,166,2,1355.22,14.38,2696.06,326.06
4657,2309,161,3,2333.99,16.82,6985.15,2122.15
4658,2309,29,2,6088.79,2.13,12175.45,4249.45
4659,2310,36,3,5135.84,4.54,15402.98,3312.98
4660,2310,36,3,5135.84,17.0,15390.52,3300.52
4661,2311,30,1,5234.76,4.22,5230.54,881.54
4662,2312,79,2,789.02,1.67,1576.37,432.37
4663,2312,165,4,3471.22,10.04,13874.84,3374.84
4664,2313,96,3,2765.79,13.28,8284.09,2227.09
4665,2314,35,4,2598.33,19.32,10374.0,3182.0
4666,2314,170,2,250.43,8.55,492.31,90.31
4667,2314,145,4,792.87,7.99,3163.49,927.49
4668,2315,157,4,1186.69,13.92,4732.84,1132.84
4669,2315,172,4,5175.17,12.96,20687.72,3215.72
4670,2316,55,3,6404.04,0.31,19211.81,6773.81
4671,2317,75,4,4256.43,9.03,17016.69,5868.69
4672,2317,181,4,3227.71,3.8,12907.04,2663.04
4673,2318,7,1,5629.83,8.86,5620.97,918.97
4674,2318,158,3,6464.49,9.98,19383.49,4446.49
4675,2318,200,3,4099.17,12.7,12284.81,2792.81
4676,2319,17,2,1855.26,17.69,3692.83,830.83
4677,2320,3,3,7696.6,2.85,23086.95,8104.95
4678,2320,95,2,3093.45,4.71,6182.19,1974.19
4679,2321,54,1,6094.37,16.16,6078.21,2256.21
4680,2322,105,1,4856.31,8.63,4847.68,868.68
4681,2323,171,4,7270.84,6.15,29077.21,10345.21
4682,2323,106,4,1926.7,0.79,7706.01,2578.01
4683,2323,155,3,4794.0,17.95,14364.05,4632.05
4684,2324,95,4,3093.45,10.9,12362.9,3946.9
4685,2325,150,1,6284.22,18.27,6265.95,1717.95
4686,2326,166,3,1355.22,18.72,4046.94,491.94
4687,2326,3,2,7696.6,8.05,15385.15,5397.15
4688,2327,46,3,7321.91,6.78,21958.95,8134.95
4689,2327,185,3,3574.96,14.23,10710.65,1440.65
4690,2328,115,1,2618.2,16.25,2601.95,945.95
4691,2329,128,3,2167.32,17.29,6484.67,2050.67
4692,2329,6,3,3476.76,12.92,10417.36,1126.36
4693,2329,17,1,1855.26,17.78,1837.48,406.48
4694,2330,136,3,3836.46,12.64,11496.74,1089.74
4695,2330,16,2,1573.66,14.67,3132.65,642.65
4696,2331,155,3,4794.0,3.4,14378.6,4646.6
4697,2331,60,4,5461.59,12.15,21834.21,4550.21
4698,2331,100,4,4359.62,19.14,17419.34,3471.34
4699,2332,194,4,7044.36,15.72,28161.72,8305.72
4700,2332,30,1,5234.76,10.77,5223.99,874.99
4701,2332,18,2,6294.01,14.8,12573.22,2647.22
4702,2333,57,3,2097.22,16.47,6275.19,1982.19
4703,2333,151,4,2964.55,8.76,11849.44,1145.44
4704,2333,75,3,4256.43,14.01,12755.28,4394.28
4705,2334,178,2,244.03,12.84,475.22,165.22
4706,2335,133,1,1476.81,6.35,1470.46,133.46
4707,2335,73,1,5457.97,16.39,5441.58,720.58
4708,2335,71,3,2797.48,6.87,8385.57,2718.57
4709,2336,164,1,3449.26,14.48,3434.78,740.78
4710,2336,185,1,3574.96,9.52,3565.44,475.44
4711,2337,80,3,4102.63,6.75,12301.14,2272.14
4712,2338,19,4,5980.37,3.92,23917.56,7469.56
4713,2339,27,2,336.73,9.42,664.04,154.04
4714,2339,151,2,2964.55,2.17,5926.93,574.93
4715,2340,142,3,5775.74,7.64,17319.58,3135.58
4716,2340,67,1,3825.3,7.33,3817.97,1170.97
4717,2340,166,2,1355.22,6.53,2703.91,333.91
4718,2341,121,3,2267.36,12.69,6789.39,1497.39
4719,2341,83,2,4426.65,18.46,8834.84,900.84
4720,2342,195,3,3047.63,4.32,9138.57,2739.57
4721,2343,191,2,933.8,15.64,1851.96,441.96
4722,2343,33,1,4863.47,5.5,4857.97,791.97
4723,2343,75,4,4256.43,0.84,17024.88,5876.88
4724,2344,41,1,2657.03,19.08,2637.95,882.95
4725,2344,28,3,5032.36,10.27,15086.81,4640.81
4726,2345,106,4,1926.7,19.01,7687.79,2559.79
4727,2345,96,1,2765.79,1.1,2764.69,745.69
4728,2345,42,1,2717.08,14.7,2702.38,377.38
4729,2346,160,2,2514.92,15.78,5014.06,1078.06
4730,2346,188,1,5532.23,8.45,5523.78,1832.78
4731,2346,102,4,6271.36,18.21,25067.23,6455.23
4732,2347,197,3,4180.68,18.31,12523.73,1645.73
4733,2347,70,3,5087.1,2.53,15258.77,4740.77
4734,2347,149,3,2606.01,1.44,7816.59,856.59
4735,2348,9,2,3616.76,0.66,7232.86,2450.86
4736,2349,104,1,1652.43,5.95,1646.48,324.48
4737,2349,106,2,1926.7,4.9,3848.5,1284.5
4738,2350,31,4,5674.17,6.3,22690.38,5074.38
4739,2350,122,2,7212.86,17.81,14407.91,4991.91
4740,2351,134,4,3568.12,7.07,14265.41,1637.41
4741,2351,70,2,5087.1,5.41,10168.79,3156.79
4742,2352,127,1,6494.51,18.04,6476.47,2374.47
4743,2353,12,4,4572.81,9.15,18282.09,5902.09
4744,2353,144,4,4410.54,5.08,17637.08,3957.08
4745,2353,153,3,3013.31,18.25,9021.68,1368.68
4746,2354,103,4,5536.18,18.65,22126.07,4542.07
4747,2354,187,4,504.48,0.66,2017.26,737.26
4748,2354,101,4,7616.13,13.35,30451.17,10667.17
4749,2355,129,1,1819.36,2.36,1817.0,571.0
4750,2356,9,3,3616.76,3.44,10846.84,3673.84
4751,2357,54,2,6094.37,7.28,12181.46,4537.46
4752,2358,54,4,6094.37,9.88,24367.6,9079.6
4753,2359,135,1,4537.82,7.95,4529.87,433.87
4754,2359,48,3,3393.83,5.57,10175.92,1982.92
4755,2360,141,3,3818.5,8.2,11447.3,1394.3
4756,2360,29,2,6088.79,8.36,12169.22,4243.22
4757,2361,94,3,5544.85,12.62,16621.93,1726.93
4758,2361,150,2,6284.22,3.93,12564.51,3468.51
4759,2361,121,1,2267.36,2.65,2264.71,500.71
4760,2362,172,4,5175.17,1.55,20699.13,3227.13
4761,2362,191,1,933.8,6.24,927.56,222.56
4762,2363,13,2,5553.96,19.3,11088.62,2548.62
4763,2364,195,3,3047.63,5.27,9137.62,2738.62
4764,2364,192,1,6331.66,15.15,6316.51,1447.51
4765,2364,126,4,6579.87,17.34,26302.14,7862.14
4766,2365,107,4,5511.95,18.49,22029.31,8109.31
4767,2365,3,2,7696.6,6.43,15386.77,5398.77
4768,2365,44,2,2260.37,18.99,4501.75,487.75
4769,2366,102,3,6271.36,15.43,18798.65,4839.65
4770,2366,102,1,6271.36,5.88,6265.48,1612.48
4771,2367,23,1,2868.81,11.7,2857.11,893.11
4772,2367,104,3,1652.43,15.05,4942.24,976.24
4773,2368,48,4,3393.83,9.7,13565.62,2641.62
4774,2369,20,4,303.07,10.17,1202.11,258.11
4775,2370,155,2,4794.0,13.63,9574.37,3086.37
4776,2370,149,1,2606.01,8.11,2597.9,277.9
4777,2371,196,2,638.3,2.61,1273.99,349.99
4778,2372,90,2,4881.97,10.93,9753.01,2605.01
4779,2373,85,4,4281.36,19.33,17106.11,4174.11
4780,2373,126,4,6579.87,7.49,26311.99,7871.99
4781,2374,172,3,5175.17,17.26,15508.25,2404.25
4782,2375,134,2,3568.12,8.72,7127.52,813.52
4783,2375,150,2,6284.22,4.7,12563.74,3467.74
4784,2375,13,2,5553.96,14.66,11093.26,2553.26
4785,2376,131,2,572.86,7.85,1137.87,383.87
4786,2376,91,2,4930.64,17.04,9844.24,2098.24
4787,2377,98,1,3766.26,10.84,3755.42,1043.42
4788,2377,151,3,2964.55,8.34,8885.31,857.31
4789,2378,13,2,5553.96,16.23,11091.69,2551.69
4790,2379,4,2,4963.98,13.84,9914.12,922.12
4791,2379,5,3,1844.85,9.41,5525.14,1934.14
4792,2380,144,1,4410.54,4.7,4405.84,985.84
4793,2381,68,2,2309.06,13.64,4604.48,786.48
4794,2382,74,4,2434.43,16.48,9721.24,2697.24
4795,2382,146,2,6386.06,11.58,12760.54,4372.54
4796,2383,105,3,4856.31,17.48,14551.45,2614.45
4797,2383,41,4,2657.03,16.46,10611.66,3591.66
4798,2383,33,2,4863.47,14.58,9712.36,1580.36
4799,2384,188,2,5532.23,2.83,11061.63,3679.63
4800,2384,174,4,1465.47,3.48,5858.4,678.4
4801,2385,158,3,6464.49,12.23,19381.24,4444.24
4802,2386,107,1,5511.95,13.3,5498.65,2018.65
4803,2386,130,1,7243.63,12.0,7231.63,2690.63
4804,2386,16,3,1573.66,0.39,4720.59,985.59
4805,2387,186,2,7914.83,8.75,15820.91,5918.91
4806,2387,200,3,4099.17,6.59,12290.92,2798.92
4807,2388,93,3,278.24,2.72,832.0,148.0
4808,2388,35,4,2598.33,3.59,10389.73,3197.73
4809,2389,81,3,5497.32,4.76,16487.2,1976.2
4810,2390,101,2,7616.13,15.55,15216.71,5324.71
4811,2391,65,3,4404.24,1.93,13210.79,4075.79
4812,2391,102,3,6271.36,16.3,18797.78,4838.78
4813,2392,109,1,3992.5,10.93,3981.57,1176.57
4814,2393,152,3,1890.92,17.57,5655.19,1812.19
4815,2393,149,4,2606.01,8.52,10415.52,1135.52
4816,2394,88,4,5157.4,6.47,20623.13,2895.13
4817,2394,148,4,2839.22,7.9,11348.98,4024.98
4818,2394,123,1,3078.2,19.52,3058.68,822.68
4819,2395,55,2,6404.04,13.17,12794.91,4502.91
4820,2396,189,1,4900.58,11.66,4888.92,698.92
4821,2397,103,3,5536.18,18.53,16590.01,3402.01
4822,2397,199,4,7009.81,18.75,28020.49,8600.49
4823,2398,171,3,7270.84,19.94,21792.58,7743.58
4824,2398,97,4,6749.43,17.64,26980.08,10072.08
4825,2398,167,3,6421.3,7.1,19256.8,5270.8
4826,2399,20,4,303.07,19.96,1192.32,248.32
4827,2399,114,4,4077.29,1.23,16307.93,5975.93
4828,2399,51,4,5007.82,5.49,20025.79,6617.79
4829,2400,147,3,1363.26,13.73,4076.05,1433.05
4830,2400,61,4,2566.03,13.33,10250.79,3798.79
4831,2400,51,3,5007.82,19.48,15003.98,4947.98
4832,2401,108,2,1550.46,8.6,3092.32,696.32
4833,2402,121,3,2267.36,14.16,6787.92,1495.92
4834,2402,47,2,5349.54,1.98,10697.1,2705.1
4835,2403,34,1,5835.24,16.2,5819.04,1148.04
4836,2403,123,2,3078.2,19.47,6136.93,1664.93
4837,2404,175,1,4435.81,18.34,4417.47,868.47
4838,2404,53,1,1531.38,9.07,1522.31,543.31
4839,2404,170,2,250.43,11.82,489.04,87.04
4840,2405,187,3,504.48,0.29,1513.15,553.15
4841,2406,44,4,2260.37,2.02,9039.46,1011.46
4842,2407,189,3,4900.58,1.75,14699.99,2129.99
4843,2408,110,2,1172.22,19.69,2324.75,610.75
4844,2408,58,1,315.69,13.94,301.75,86.75
4845,2408,155,1,4794.0,17.88,4776.12,1532.12
4846,2409,195,3,3047.63,5.22,9137.67,2738.67
4847,2410,92,3,1142.9,17.31,3411.39,339.39
4848,2410,164,2,3449.26,6.47,6892.05,1504.05
4849,2410,106,2,1926.7,13.79,3839.61,1275.61
4850,2411,139,2,1210.99,11.39,2410.59,632.59
4851,2411,186,3,7914.83,6.82,23737.67,8884.67
4852,2412,45,3,4565.43,6.93,13689.36,1782.36
4853,2413,107,1,5511.95,15.13,5496.82,2016.82
4854,2413,132,1,198.54,8.54,190.0,38.0
4855,2413,76,2,2598.97,2.14,5195.8,1631.8
4856,2414,187,4,504.48,6.77,2011.15,731.15
4857,2415,112,1,650.07,15.73,634.34,211.34
4858,2415,178,3,244.03,16.97,715.12,250.12
4859,2415,26,4,7539.95,16.52,30143.28,10983.28
4860,2416,58,4,315.69,13.64,1249.12,389.12
4861,2417,178,2,244.03,7.65,480.41,170.41
4862,2417,128,3,2167.32,9.68,6492.28,2058.28
4863,2417,193,3,5092.0,19.27,15256.73,1597.73
4864,2418,28,4,5032.36,15.79,20113.65,6185.65
4865,2419,78,1,1600.82,13.26,1587.56,407.56
4866,2419,198,4,2599.54,2.81,10395.35,2723.35
4867,2419,115,2,2618.2,17.08,5219.32,1907.32
4868,2420,111,2,2962.45,12.26,5912.64,1314.64
4869,2420,194,1,7044.36,12.9,7031.46,2067.46
4870,2420,142,4,5775.74,6.27,23096.69,4184.69
4871,2421,99,3,3956.07,9.83,11858.38,4142.38
4872,2421,200,1,4099.17,12.15,4087.02,923.02
4873,2421,94,3,5544.85,4.94,16629.61,1734.61
4874,2422,84,1,1792.84,5.21,1787.63,578.63
4875,2422,112,1,650.07,5.9,644.17,221.17
4876,2423,70,1,5087.1,4.53,5082.57,1576.57
4877,2423,33,4,4863.47,9.54,19444.34,3180.34
4878,2423,113,4,5653.4,16.37,22597.23,3885.23
4879,2424,76,1,2598.97,5.16,2593.81,811.81
4880,2424,169,1,6981.12,12.33,6968.79,1978.79
4881,2424,105,1,4856.31,4.36,4851.95,872.95
4882,2425,42,2,2717.08,3.8,5430.36,780.36
4883,2425,39,4,552.25,9.72,2199.28,423.28
4884,2426,52,3,448.48,10.72,1334.72,116.72
4885,2426,94,1,5544.85,17.43,5527.42,562.42
4886,2427,105,2,4856.31,10.24,9702.38,1744.38
4887,2427,101,2,7616.13,2.84,15229.42,5337.42
4888,2428,70,2,5087.1,9.75,10164.45,3152.45
4889,2428,108,4,1550.46,3.53,6198.31,1406.31
4890,2428,20,4,303.07,16.25,1196.03,252.03
4891,2429,95,2,3093.45,19.3,6167.6,1959.6
4892,2429,194,3,7044.36,6.94,21126.14,6234.14
4893,2430,95,1,3093.45,8.5,3084.95,980.95
4894,2430,158,3,6464.49,10.05,19383.42,4446.42
4895,2431,68,4,2309.06,4.71,9231.53,1595.53
4896,2431,156,4,6188.4,14.08,24739.52,7931.52
4897,2431,84,3,1792.84,2.43,5376.09,1749.09
4898,2432,197,3,4180.68,18.25,12523.79,1645.79
4899,2432,145,1,792.87,5.27,787.6,228.6
4900,2432,92,3,1142.9,6.2,3422.5,350.5
4901,2433,149,4,2606.01,9.25,10414.79,1134.79
4902,2434,37,3,1522.64,9.89,4558.03,1264.03
4903,2434,6,3,3476.76,3.18,10427.1,1136.1
4904,2435,163,4,2701.47,19.84,10786.04,1606.04
4905,2435,52,3,448.48,5.03,1340.41,122.41
4906,2436,60,1,5461.59,19.29,5442.3,1121.3
4907,2436,169,4,6981.12,11.41,27913.07,7953.07
4908,2437,20,1,303.07,11.66,291.41,55.41
4909,2437,168,3,360.61,15.33,1066.5,121.5
4910,2438,160,3,2514.92,0.46,7544.3,1640.3
4911,2439,72,4,5828.14,2.05,23310.51,5694.51
4912,2440,31,1,5674.17,9.98,5664.19,1260.19
4913,2440,145,2,792.87,2.78,1582.96,464.96
4914,2441,23,2,2868.81,12.36,5725.26,1797.26
4915,2441,150,3,6284.22,0.9,18851.76,5207.76
4916,2442,78,4,1600.82,5.13,6398.15,1678.15
4917,2443,46,1,7321.91,14.17,7307.74,2699.74
4918,2443,83,2,4426.65,4.81,8848.49,914.49
4919,2444,159,1,3489.26,5.05,3484.21,1145.21
4920,2444,127,3,6494.51,9.6,19473.93,7167.93
4921,2444,81,4,5497.32,18.57,21970.71,2622.71
4922,2445,98,2,3766.26,3.91,7528.61,2104.61
4923,2446,199,3,7009.81,17.69,21011.74,6446.74
4924,2447,17,1,1855.26,4.14,1851.12,420.12
4925,2447,52,1,448.48,11.18,437.3,31.3
4926,2448,11,1,4727.45,8.44,4719.01,1562.01
4927,2449,198,3,2599.54,13.23,7785.39,2031.39
4928,2449,149,1,2606.01,4.03,2601.98,281.98
4929,2449,145,2,792.87,17.49,1568.25,450.25
4930,2450,125,4,2559.2,14.79,10222.01,2286.01
4931,2451,53,3,1531.38,14.37,4579.77,1642.77
4932,2452,162,1,3776.05,19.14,3756.91,1237.91
4933,2452,117,1,2834.64,10.94,2823.7,763.7
4934,2452,26,2,7539.95,1.84,15078.06,5498.06
4935,2453,112,2,650.07,11.38,1288.76,442.76
4936,2454,136,4,3836.46,9.23,15336.61,1460.61
4937,2455,30,1,5234.76,13.23,5221.53,872.53
4938,2455,140,1,5410.03,3.09,5406.94,994.94
4939,2455,139,2,1210.99,17.75,2404.23,626.23
4940,2456,123,1,3078.2,15.41,3062.79,826.79
4941,2456,172,3,5175.17,8.99,15516.52,2412.52
4942,2456,62,3,2352.48,8.46,7048.98,652.98
4943,2457,18,2,6294.01,6.97,12581.05,2655.05
4944,2458,178,2,244.03,10.47,477.59,167.59
4945,2458,145,4,792.87,3.25,3168.23,932.23
4946,2459,41,2,2657.03,10.04,5304.02,1794.02
4947,2459,160,2,2514.92,1.15,5028.69,1092.69
4948,2459,163,3,2701.47,12.46,8091.95,1206.95
4949,2460,156,1,6188.4,12.03,6176.37,1974.37
4950,2461,160,3,2514.92,15.34,7529.42,1625.42
4951,2462,158,2,6464.49,12.3,12916.68,2958.68
4952,2462,164,1,3449.26,0.49,3448.77,754.77
4953,2463,58,2,315.69,4.26,627.12,197.12
4954,2463,114,4,4077.29,19.4,16289.76,5957.76
4955,2464,195,3,3047.63,10.8,9132.09,2733.09
4956,2465,178,3,244.03,11.53,720.56,255.56
4957,2466,148,2,2839.22,4.71,5673.73,2011.73
4958,2466,141,3,3818.5,14.49,11441.01,1388.01
4959,2466,7,1,5629.83,0.03,5629.8,927.8
4960,2467,180,3,3738.11,13.57,11200.76,2674.76
4961,2467,79,3,789.02,9.83,2357.23,641.23
4962,2467,115,3,2618.2,1.14,7853.46,2885.46
4963,2468,177,4,2260.51,0.28,9041.76,2237.76
4964,2468,35,2,2598.33,2.05,5194.61,1598.61
4965,2468,117,3,2834.64,12.31,8491.61,2311.61
4966,2469,200,3,4099.17,14.96,12282.55,2790.55
4967,2469,136,2,3836.46,11.48,7661.44,723.44
4968,2470,46,1,7321.91,13.82,7308.09,2700.09
4969,2471,59,4,1997.79,2.62,7988.54,1260.54
4970,2472,39,4,552.25,3.45,2205.55,429.55
4971,2473,84,3,1792.84,17.69,5360.83,1733.83
4972,2473,111,2,2962.45,9.27,5915.63,1317.63
4973,2474,196,4,638.3,15.4,2537.8,689.8
4974,2474,191,2,933.8,4.16,1863.44,453.44
4975,2475,41,3,2657.03,2.07,7969.02,2704.02
4976,2476,137,2,7130.26,2.36,14258.16,5282.16
4977,2476,74,4,2434.43,3.21,9734.51,2710.51
4978,2477,78,3,1600.82,11.54,4790.92,1250.92
4979,2478,46,3,7321.91,19.24,21946.49,8122.49
4980,2478,102,2,6271.36,1.28,12541.44,3235.44
4981,2478,154,3,4728.41,16.9,14168.33,4307.33
4982,2479,146,3,6386.06,17.5,19140.68,6558.68
4983,2479,77,4,5661.33,7.29,22638.03,5518.03
4984,2479,113,4,5653.4,16.92,22596.68,3884.68
4985,2480,182,2,3177.71,6.98,6348.44,1002.44
4986,2480,75,3,4256.43,10.87,12758.42,4397.42
4987,2480,128,4,2167.32,8.35,8660.93,2748.93
4988,2481,83,4,4426.65,9.72,17696.88,1828.88
4989,2481,31,4,5674.17,17.23,22679.45,5063.45
4990,2481,14,4,488.44,9.28,1944.48,272.48
4991,2482,106,3,1926.7,17.29,5762.81,1916.81
4992,2482,96,1,2765.79,6.26,2759.53,740.53
4993,2482,85,4,4281.36,10.06,17115.38,4183.38
4994,2483,109,3,3992.5,7.56,11969.94,3554.94
4995,2484,92,1,1142.9,16.96,1125.94,101.94
4996,2484,199,3,7009.81,13.77,21015.66,6450.66
4997,2484,2,4,3361.74,4.41,13442.55,1482.55
4998,2485,130,3,7243.63,0.63,21730.26,8107.26
4999,2486,37,4,1522.64,6.6,6083.96,1691.96
5000,2486,162,2,3776.05,0.55,7551.55,2513.55
5001,2487,86,2,1091.11,2.2,2180.02,666.02
5002,2488,144,1,4410.54,3.49,4407.05,987.05
5003,2489,73,3,5457.97,14.0,16359.91,2196.91
5004,2489,35,4,2598.33,7.56,10385.76,3193.76
5005,2489,185,1,3574.96,17.74,3557.22,467.22
5006,2490,68,4,2309.06,12.6,9223.64,1587.64
5007,2490,25,2,1979.19,13.46,3944.92,1324.92
5008,2491,95,2,3093.45,14.6,6172.3,1964.3
5009,2491,58,2,315.69,6.63,624.75,194.75
5010,2492,147,1,1363.26,8.67,1354.59,473.59
5011,2492,90,3,4881.97,2.86,14643.05,3921.05
5012,2493,167,3,6421.3,1.58,19262.32,5276.32
5013,2493,147,1,1363.26,1.31,1361.95,480.95
5014,2494,78,4,1600.82,4.99,6398.29,1678.29
5015,2494,21,3,6119.99,17.87,18342.1,3699.1
5016,2494,54,4,6094.37,17.01,24360.47,9072.47
5017,2495,184,1,2633.24,18.59,2614.65,529.65
5018,2495,172,1,5175.17,5.64,5169.53,801.53
5019,2495,83,4,4426.65,12.7,17693.9,1825.9
5020,2496,116,3,3021.59,1.23,9063.54,2802.54
5021,2496,93,4,278.24,7.34,1105.62,193.62
5022,2496,68,3,2309.06,7.15,6920.03,1193.03
5023,2497,23,1,2868.81,14.32,2854.49,890.49
5024,2498,131,3,572.86,16.27,1702.31,571.31
5025,2498,48,4,3393.83,6.41,13568.91,2644.91
5026,2498,120,4,1361.78,3.48,5443.64,1815.64
5027,2499,96,3,2765.79,2.39,8294.98,2237.98
5028,2499,31,1,5674.17,11.48,5662.69,1258.69
5029,2499,115,4,2618.2,19.63,10453.17,3829.17
5030,2500,149,4,2606.01,13.15,10410.89,1130.89
5031,2500,175,4,4435.81,1.85,17741.39,3545.39
5032,2501,71,1,2797.48,4.23,2793.25,904.25
5033,2501,26,2,7539.95,16.34,15063.56,5483.56
5034,2501,143,2,1084.42,7.6,2161.24,641.24
5035,2502,151,3,2964.55,10.76,8882.89,854.89
5036,2502,119,1,2869.36,13.86,2855.5,613.5
5037,2503,35,4,2598.33,11.98,10381.34,3189.34
5038,2504,100,3,4359.62,11.96,13066.9,2605.9
5039,2504,6,2,3476.76,9.95,6943.57,749.57
5040,2505,44,2,2260.37,7.08,4513.66,499.66
5041,2506,7,3,5629.83,7.31,16882.18,2776.18
5042,2507,150,1,6284.22,6.69,6277.53,1729.53
5043,2507,53,3,1531.38,12.02,4582.12,1645.12
5044,2508,89,4,454.52,4.01,1814.07,670.07
5045,2508,146,3,6386.06,11.85,19146.33,6564.33
5046,2508,188,4,5532.23,17.81,22111.11,7347.11
5047,2509,29,1,6088.79,12.6,6076.19,2113.19
5048,2510,175,1,4435.81,2.4,4433.41,884.41
5049,2510,122,3,7212.86,17.55,21621.03,7497.03
5050,2510,54,2,6094.37,1.88,12186.86,4542.86
5051,2511,21,4,6119.99,0.25,24479.71,4955.71
5052,2511,195,1,3047.63,2.89,3044.74,911.74
5053,2512,107,2,5511.95,4.91,11018.99,4058.99
5054,2512,195,1,3047.63,16.83,3030.8,897.8
5055,2512,50,2,5429.37,3.45,10855.29,3809.29
5056,2513,37,2,1522.64,17.58,3027.7,831.7
5057,2513,133,3,1476.81,13.18,4417.25,406.25
5058,2513,82,1,852.5,12.07,840.43,218.43
5059,2514,26,4,7539.95,17.61,30142.19,10982.19
5060,2514,122,1,7212.86,16.06,7196.8,2488.8
5061,2514,75,2,4256.43,13.37,8499.49,2925.49
5062,2515,152,1,1890.92,0.3,1890.62,609.62
5063,2515,162,2,3776.05,10.22,7541.88,2503.88
5064,2515,71,1,2797.48,9.97,2787.51,898.51
5065,2516,200,2,4099.17,17.04,8181.3,1853.3
5066,2516,62,4,2352.48,9.84,9400.08,872.08
5067,2516,66,1,4903.31,4.48,4898.83,986.83
5068,2517,88,4,5157.4,11.48,20618.12,2890.12
5069,2518,24,4,2037.73,4.46,8146.46,2162.46
5070,2518,89,1,454.52,4.65,449.87,163.87
5071,2518,195,2,3047.63,0.94,6094.32,1828.32
5072,2519,40,4,5316.39,12.33,21253.23,6361.23
5073,2519,74,4,2434.43,3.51,9734.21,2710.21
5074,2520,3,1,7696.6,8.34,7688.26,2694.26
5075,2520,36,1,5135.84,16.47,5119.37,1089.37
5076,2521,199,4,7009.81,8.65,28030.59,8610.59
5077,2521,163,3,2701.47,13.36,8091.05,1206.05
5078,2522,148,2,2839.22,2.33,5676.11,2014.11
5079,2523,86,1,1091.11,12.66,1078.45,321.45
5080,2523,62,3,2352.48,5.13,7052.31,656.31
5081,2523,139,3,1210.99,0.54,3632.43,965.43
5082,2524,22,3,4915.03,10.17,14734.92,2773.92
5083,2524,152,3,1890.92,7.12,5665.64,1822.64
5084,2524,185,3,3574.96,14.71,10710.17,1440.17
5085,2525,76,4,2598.97,16.85,10379.03,3251.03
5086,2525,196,1,638.3,5.78,632.52,170.52
5087,2526,33,1,4863.47,8.96,4854.51,788.51
5088,2526,60,3,5461.59,11.74,16373.03,3410.03
5089,2527,84,1,1792.84,17.46,1775.38,566.38
5090,2527,79,4,789.02,13.88,3142.2,854.2
5091,2528,133,1,1476.81,15.96,1460.85,123.85
5092,2528,41,3,2657.03,2.69,7968.4,2703.4
5093,2529,137,4,7130.26,5.96,28515.08,10563.08
5094,2529,5,2,1844.85,17.9,3671.8,1277.8
5095,2529,22,4,4915.03,18.57,19641.55,3693.55
5096,2530,61,1,2566.03,4.48,2561.55,948.55
5097,2531,159,4,3489.26,6.8,13950.24,4594.24
5098,2531,158,2,6464.49,9.75,12919.23,2961.23
5099,2531,34,4,5835.24,14.76,23326.2,4642.2
5100,2532,39,2,552.25,5.15,1099.35,211.35
5101,2532,82,1,852.5,14.33,838.17,216.17
5102,2533,54,3,6094.37,15.15,18267.96,6801.96
5103,2533,122,2,7212.86,3.61,14422.11,5006.11
5104,2533,117,2,2834.64,0.87,5668.41,1548.41
5105,2534,154,4,4728.41,6.91,18906.73,5758.73
5106,2535,173,1,1527.03,17.12,1509.91,272.91
5107,2536,153,4,3013.31,18.76,12034.48,1830.48
5108,2537,41,1,2657.03,19.84,2637.19,882.19
5109,2537,136,2,3836.46,19.35,7653.57,715.57
5110,2538,175,2,4435.81,19.39,8852.23,1754.23
5111,2538,41,1,2657.03,10.55,2646.48,891.48
5112,2539,26,1,7539.95,11.14,7528.81,2738.81
5113,2539,130,1,7243.63,10.56,7233.07,2692.07
5114,2540,159,3,3489.26,3.63,10464.15,3447.15
5115,2540,182,2,3177.71,5.71,6349.71,1003.71
5116,2540,1,4,6087.96,5.1,24346.74,8966.74
5117,2541,191,3,933.8,6.79,2794.61,679.61
5118,2541,51,2,5007.82,5.68,10009.96,3305.96
5119,2541,183,1,3649.52,15.37,3634.15,1147.15
5120,2542,4,3,4963.98,1.01,14890.93,1402.93
5121,2542,145,2,792.87,3.7,1582.04,464.04
5122,2542,199,2,7009.81,16.56,14003.06,4293.06
5123,2543,7,1,5629.83,13.61,5616.22,914.22
5124,2544,58,1,315.69,7.52,308.17,93.17
5125,2544,76,2,2598.97,0.08,5197.86,1633.86
5126,2545,128,2,2167.32,6.12,4328.52,1372.52
5127,2545,62,1,2352.48,18.46,2334.02,202.02
5128,2545,35,1,2598.33,18.21,2580.12,782.12
5129,2546,159,4,3489.26,18.69,13938.35,4582.35
5130,2546,13,2,5553.96,6.07,11101.85,2561.85
5131,2547,169,2,6981.12,9.42,13952.82,3972.82
5132,2547,72,3,5828.14,13.03,17471.39,4259.39
5133,2547,10,4,1249.33,7.68,4989.64,697.64
5134,2548,92,2,1142.9,16.32,2269.48,221.48
5135,2549,24,4,2037.73,9.86,8141.06,2157.06
5136,2550,110,4,1172.22,7.17,4681.71,1253.71
5137,2551,137,1,7130.26,1.05,7129.21,2641.21
5138,2552,193,2,5092.0,9.34,10174.66,1068.66
5139,2553,171,2,7270.84,4.45,14537.23,5171.23
5140,2554,121,3,2267.36,1.84,6800.24,1508.24
5141,2554,5,2,1844.85,7.72,3681.98,1287.98
5142,2555,90,4,4881.97,17.22,19510.66,5214.66
5143,2555,200,4,4099.17,19.87,16376.81,3720.81
5144,2555,70,4,5087.1,19.43,20328.97,6304.97
5145,2556,191,3,933.8,16.04,2785.36,670.36
5146,2557,100,2,4359.62,17.22,8702.02,1728.02
5147,2558,45,1,4565.43,10.72,4554.71,585.71
5148,2559,122,2,7212.86,6.6,14419.12,5003.12
5149,2560,153,1,3013.31,14.88,2998.43,447.43
5150,2561,23,1,2868.81,3.08,2865.73,901.73
5151,2561,113,1,5653.4,7.26,5646.14,968.14
5152,2561,117,3,2834.64,11.14,8492.78,2312.78
5153,2562,90,2,4881.97,17.28,9746.66,2598.66
5154,2562,41,3,2657.03,5.63,7965.46,2700.46
5155,2562,101,3,7616.13,19.07,22829.32,7991.32
5156,2563,72,4,5828.14,7.52,23305.04,5689.04
5157,2563,111,1,2962.45,5.94,2956.51,657.51
5158,2563,153,1,3013.31,4.13,3009.18,458.18
5159,2564,192,3,6331.66,3.17,18991.81,4384.81
5160,2564,113,2,5653.4,19.76,11287.04,1931.04
5161,2565,116,4,3021.59,14.91,12071.45,3723.45
5162,2565,105,4,4856.31,7.8,19417.44,3501.44
5163,2566,113,1,5653.4,5.55,5647.85,969.85
5164,2566,193,3,5092.0,18.79,15257.21,1598.21
5165,2566,76,2,2598.97,13.84,5184.1,1620.1
5166,2567,67,2,3825.3,7.32,7643.28,2349.28
5167,2567,137,1,7130.26,7.51,7122.75,2634.75
5168,2568,159,4,3489.26,0.8,13956.24,4600.24
5169,2569,193,4,5092.0,18.25,20349.75,2137.75
5170,2569,28,4,5032.36,0.93,20128.51,6200.51
5171,2570,61,3,2566.03,3.7,7694.39,2855.39
5172,2570,198,3,2599.54,5.6,7793.02,2039.02
5173,2571,24,3,2037.73,0.46,6112.73,1624.73
5174,2572,164,4,3449.26,12.22,13784.82,3008.82
5175,2573,135,4,4537.82,16.75,18134.53,1750.53
5176,2573,132,2,198.54,6.77,390.31,86.31
5177,2573,95,3,3093.45,19.72,9260.63,2948.63
5178,2574,110,3,1172.22,6.41,3510.25,939.25
5179,2575,96,4,2765.79,11.49,11051.67,2975.67
5180,2575,183,4,3649.52,5.2,14592.88,4644.88
5181,2576,42,1,2717.08,14.62,2702.46,377.46
5182,2576,55,4,6404.04,10.6,25605.56,9021.56
5183,2577,104,3,1652.43,11.7,4945.59,979.59
5184,2577,173,3,1527.03,1.23,4579.86,868.86
5185,2578,134,4,3568.12,18.15,14254.33,1626.33
5186,2578,47,3,5349.54,4.65,16043.97,4055.97
5187,2579,86,1,1091.11,10.87,1080.24,323.24
5188,2580,134,3,3568.12,7.46,10696.9,1225.9
5189,2580,155,2,4794.0,13.59,9574.41,3086.41
5190,2581,106,4,1926.7,1.42,7705.38,2577.38
5191,2581,145,2,792.87,9.28,1576.46,458.46
5192,2582,28,1,5032.36,17.54,5014.82,1532.82
5193,2582,187,3,504.48,17.37,1496.07,536.07
5194,2583,82,1,852.5,16.03,836.47,214.47
5195,2584,90,4,4881.97,1.11,19526.77,5230.77
5196,2584,47,1,5349.54,11.25,5338.29,1342.29
5197,2585,57,1,2097.22,1.3,2095.92,664.92
5198,2586,71,1,2797.48,12.44,2785.04,896.04
5199,2586,182,3,3177.71,1.42,9531.71,1512.71
5200,2587,127,3,6494.51,10.61,19472.92,7166.92
5201,2587,146,2,6386.06,3.07,12769.05,4381.05
5202,2588,135,3,4537.82,0.8,13612.66,1324.66
5203,2588,117,1,2834.64,16.65,2817.99,757.99
5204,2588,193,2,5092.0,18.99,10165.01,1059.01
5205,2589,118,1,5356.59,10.58,5346.01,1427.01
5206,2589,118,1,5356.59,11.04,5345.55,1426.55
5207,2589,179,2,4824.55,9.52,9639.58,3215.58
5208,2590,107,2,5511.95,8.95,11014.95,4054.95
5209,2591,80,4,4102.63,18.53,16391.99,3019.99
5210,2591,5,4,1844.85,12.75,7366.65,2578.65
5211,2592,121,3,2267.36,1.03,6801.05,1509.05
5212,2592,119,1,2869.36,1.26,2868.1,626.1
5213,2593,162,4,3776.05,7.63,15096.57,5020.57
5214,2593,140,1,5410.03,7.56,5402.47,990.47
5215,2594,63,4,5551.59,0.82,22205.54,7169.54
5216,2594,6,1,3476.76,0.12,3476.64,379.64
5217,2595,34,1,5835.24,3.39,5831.85,1160.85
5218,2596,158,1,6464.49,6.37,6458.12,1479.12
5219,2597,32,1,5678.29,15.23,5663.06,1196.06
5220,2598,188,4,5532.23,11.33,22117.59,7353.59
5221,2599,151,1,2964.55,0.1,2964.45,288.45
5222,2599,119,4,2869.36,12.32,11465.12,2497.12
5223,2599,17,1,1855.26,16.78,1838.48,407.48
5224,2600,79,1,789.02,1.63,787.39,215.39
5225,2600,199,4,7009.81,4.59,28034.65,8614.65
5226,2600,39,2,552.25,7.26,1097.24,209.24
5227,2601,198,2,2599.54,18.24,5180.84,1344.84
5228,2601,85,4,4281.36,2.43,17123.01,4191.01
5229,2602,17,4,1855.26,0.4,7420.64,1696.64
5230,2603,65,3,4404.24,15.73,13196.99,4061.99
5231,2603,81,3,5497.32,0.72,16491.24,1980.24
5232,2604,190,2,3100.22,18.02,6182.42,1844.42
5233,2604,133,2,1476.81,18.32,2935.3,261.3
5234,2605,163,1,2701.47,6.63,2694.84,399.84
5235,2605,89,3,454.52,0.04,1363.52,505.52
5236,2606,37,3,1522.64,13.02,4554.9,1260.9
5237,2606,56,2,4864.07,19.3,9708.84,1840.84
5238,2607,169,4,6981.12,12.59,27911.89,7951.89
5239,2608,128,1,2167.32,16.88,2150.44,672.44
5240,2608,40,1,5316.39,3.09,5313.3,1590.3
5241,2609,53,2,1531.38,0.29,3062.47,1104.47
5242,2609,135,4,4537.82,8.99,18142.29,1758.29
5243,2609,119,3,2869.36,6.14,8601.94,1875.94
5244,2610,131,4,572.86,11.09,2280.35,772.35
5245,2611,158,1,6464.49,0.88,6463.61,1484.61
5246,2612,157,4,1186.69,4.61,4742.15,1142.15
5247,2612,99,4,3956.07,7.83,15816.45,5528.45
5248,2613,45,4,4565.43,0.63,18261.09,2385.09
5249,2613,182,4,3177.71,18.91,12691.93,1999.93
5250,2614,154,1,4728.41,18.14,4710.27,1423.27
5251,2614,66,4,4903.31,2.46,19610.78,3962.78
5252,2614,153,3,3013.31,17.3,9022.63,1369.63
5253,2615,164,3,3449.26,14.66,10333.12,2251.12
5254,2615,89,4,454.52,9.24,1808.84,664.84
5255,2616,177,4,2260.51,2.23,9039.81,2235.81
5256,2617,120,2,1361.78,12.71,2710.85,896.85
5257,2618,198,2,2599.54,2.92,5196.16,1360.16
5258,2618,45,4,4565.43,15.35,18246.37,2370.37
5259,2619,66,3,4903.31,2.56,14707.37,2971.37
5260,2619,197,3,4180.68,19.62,12522.42,1644.42
5261,2620,161,3,2333.99,12.95,6989.02,2126.02
5262,2620,187,1,504.48,14.4,490.08,170.08
5263,2621,77,2,5661.33,7.69,11314.97,2754.97
5264,2622,76,3,2598.97,17.98,7778.93,2432.93
5265,2622,142,2,5775.74,19.66,11531.82,2075.82
5266,2622,64,3,7118.68,15.79,21340.25,6727.25
5267,2623,56,3,4864.07,7.75,14584.46,2782.46
5268,2624,34,4,5835.24,16.32,23324.64,4640.64
5269,2625,95,3,3093.45,12.1,9268.25,2956.25
5270,2625,171,1,7270.84,19.46,7251.38,2568.38
5271,2625,180,1,3738.11,2.26,3735.85,893.85
5272,2626,120,4,1361.78,1.46,5445.66,1817.66
5273,2626,94,4,5544.85,9.64,22169.76,2309.76
5274,2626,80,1,4102.63,2.3,4100.33,757.33
5275,2627,198,1,2599.54,12.73,2586.81,668.81
5276,2627,55,1,6404.04,7.07,6396.97,2250.97
5277,2627,42,1,2717.08,2.26,2714.82,389.82
5278,2628,104,3,1652.43,0.78,4956.51,990.51
5279,2628,97,2,6749.43,17.97,13480.89,5026.89
5280,2628,164,3,3449.26,0.45,10347.33,2265.33
5281,2629,156,2,6188.4,2.42,12374.38,3970.38
5282,2629,17,1,1855.26,13.11,1842.15,411.15
5283,2629,24,1,2037.73,0.61,2037.12,541.12
5284,2630,76,2,2598.97,0.3,5197.64,1633.64
5285,2630,125,2,2559.2,2.77,5115.63,1147.63
5286,2631,86,4,1091.11,11.32,4353.12,1325.12
5287,2631,165,4,3471.22,12.57,13872.31,3372.31
5288,2632,135,2,4537.82,7.65,9067.99,875.99
5289,2632,43,4,2515.73,16.2,10046.72,1806.72
5290,2632,58,1,315.69,1.75,313.94,98.94
5291,2633,16,4,1573.66,6.79,6287.85,1307.85
5292,2633,129,4,1819.36,19.85,7257.59,2273.59
5293,2633,69,2,1797.42,8.64,3586.2,878.2
5294,2634,152,2,1890.92,0.61,3781.23,1219.23
5295,2635,188,4,5532.23,17.77,22111.15,7347.15
5296,2635,51,2,5007.82,16.67,9998.97,3294.97
5297,2636,17,4,1855.26,9.94,7411.1,1687.1
5298,2636,35,3,2598.33,18.17,7776.82,2382.82
5299,2636,92,3,1142.9,13.13,3415.57,343.57
5300,2637,150,3,6284.22,9.77,18842.89,5198.89
5301,2637,131,4,572.86,16.02,2275.42,767.42
5302,2637,79,3,789.02,16.34,2350.72,634.72
5303,2638,143,2,1084.42,3.74,2165.1,645.1
5304,2638,88,3,5157.4,13.84,15458.36,2162.36
5305,2638,167,3,6421.3,3.03,19260.87,5274.87
5306,2639,77,4,5661.33,2.37,22642.95,5522.95
5307,2640,115,3,2618.2,16.0,7838.6,2870.6
5308,2640,145,1,792.87,14.43,778.44,219.44
5309,2641,140,4,5410.03,7.69,21632.43,3984.43
5310,2641,191,4,933.8,11.89,3723.31,903.31
5311,2641,56,2,4864.07,11.33,9716.81,1848.81
5312,2642,3,1,7696.6,14.92,7681.68,2687.68
5313,2642,33,3,4863.47,14.76,14575.65,2377.65
5314,2642,153,3,3013.31,17.21,9022.72,1369.72
5315,2643,95,4,3093.45,13.86,12359.94,3943.94
5316,2643,125,2,2559.2,2.11,5116.29,1148.29
5317,2643,41,3,2657.03,7.24,7963.85,2698.85
5318,2644,9,1,3616.76,4.42,3612.34,1221.34
5319,2644,30,1,5234.76,8.9,5225.86,876.86
5320,2645,171,2,7270.84,7.3,14534.38,5168.38
5321,2646,76,2,2598.97,2.49,5195.45,1631.45
5322,2647,149,3,2606.01,6.23,7811.8,851.8
5323,2647,141,4,3818.5,1.4,15272.6,1868.6
5324,2648,83,2,4426.65,6.97,8846.33,912.33
5325,2649,175,1,4435.81,18.26,4417.55,868.55
5326,2649,72,2,5828.14,6.62,11649.66,2841.66
5327,2649,124,2,4391.54,12.22,8770.86,1730.86
5328,2650,173,2,1527.03,17.11,3036.95,562.95
5329,2651,1,2,6087.96,18.67,12157.25,4467.25
5330,2652,170,4,250.43,11.17,990.55,186.55
5331,2652,178,4,244.03,9.63,966.49,346.49
5332,2652,57,4,2097.22,13.15,8375.73,2651.73
5333,2653,178,4,244.03,17.23,958.89,338.89
5334,2654,10,4,1249.33,7.51,4989.81,697.81
5335,2654,176,2,3397.33,19.94,6774.72,2452.72
5336,2655,102,3,6271.36,11.31,18802.77,4843.77
5337,2655,21,4,6119.99,5.71,24474.25,4950.25
5338,2655,53,1,1531.38,15.32,1516.06,537.06
5339,2656,98,3,3766.26,6.24,11292.54,3156.54
5340,2656,100,2,4359.62,1.99,8717.25,1743.25
5341,2657,178,1,244.03,14.32,229.71,74.71
5342,2657,105,2,4856.31,3.4,9709.22,1751.22
5343,2657,190,1,3100.22,11.0,3089.22,920.22
5344,2658,153,1,3013.31,8.55,3004.76,453.76
5345,2659,52,1,448.48,16.73,431.75,25.75
5346,2660,159,4,3489.26,1.57,13955.47,4599.47
5347,2661,75,3,4256.43,19.06,12750.23,4389.23
5348,2661,51,1,5007.82,0.08,5007.74,1655.74
5349,2661,87,4,3417.67,14.76,13655.92,1863.92
5350,2662,32,3,5678.29,17.97,17016.9,3615.9
5351,2662,192,3,6331.66,17.36,18977.62,4370.62
5352,2663,103,2,5536.18,4.01,11068.35,2276.35
5353,2664,57,2,2097.22,14.12,4180.32,1318.32
5354,2664,86,4,1091.11,14.69,4349.75,1321.75
5355,2665,98,4,3766.26,17.5,15047.54,4199.54
5356,2665,15,2,5784.26,16.55,11551.97,2843.97
5357,2665,6,4,3476.76,14.38,13892.66,1504.66
5358,2666,12,4,4572.81,11.51,18279.73,5899.73
5359,2666,5,3,1844.85,14.24,5520.31,1929.31
5360,2667,108,4,1550.46,7.45,6194.39,1402.39
5361,2668,54,2,6094.37,7.71,12181.03,4537.03
5362,2668,128,3,2167.32,17.31,6484.65,2050.65
5363,2668,67,1,3825.3,3.61,3821.69,1174.69
5364,2669,193,3,5092.0,3.91,15272.09,1613.09
5365,2669,73,2,5457.97,6.37,10909.57,1467.57
5366,2669,100,1,4359.62,0.14,4359.48,872.48
5367,2670,169,2,6981.12,0.15,13962.09,3982.09
5368,2670,28,4,5032.36,12.64,20116.8,6188.8
5369,2670,142,1,5775.74,11.85,5763.89,1035.89
5370,2671,162,2,3776.05,9.54,7542.56,2504.56
5371,2671,130,2,7243.63,11.18,14476.08,5394.08
5372,2671,157,4,1186.69,17.5,4729.26,1129.26
5373,2672,86,1,1091.11,1.95,1089.16,332.16
5374,2672,19,4,5980.37,14.74,23906.74,7458.74
5375,2673,3,1,7696.6,10.23,7686.37,2692.37
5376,2673,111,4,2962.45,13.67,11836.13,2640.13
5377,2673,33,2,4863.47,8.23,9718.71,1586.71
5378,2674,86,2,1091.11,13.72,2168.5,654.5
5379,2675,131,1,572.86,18.14,554.72,177.72
5380,2676,112,3,650.07,15.87,1934.34,665.34
5381,2676,126,2,6579.87,1.55,13158.19,3938.19
5382,2677,197,4,4180.68,18.02,16704.7,2200.7
5383,2677,30,2,5234.76,6.52,10463.0,1765.0
5384,2677,191,4,933.8,13.53,3721.67,901.67
5385,2678,89,3,454.52,12.34,1351.22,493.22
5386,2679,169,3,6981.12,1.25,20942.11,5972.11
5387,2679,33,3,4863.47,8.75,14581.66,2383.66
5388,2680,199,3,7009.81,2.21,21027.22,6462.22
5389,2680,29,4,6088.79,3.39,24351.77,8499.77
5390,2680,85,3,4281.36,10.7,12833.38,3134.38
5391,2681,137,1,7130.26,17.37,7112.89,2624.89
5392,2682,74,1,2434.43,4.69,2429.74,673.74
5393,2683,52,3,448.48,8.05,1337.39,119.39
5394,2684,152,4,1890.92,16.91,7546.77,2422.77
5395,2684,113,3,5653.4,8.92,16951.28,2917.28
5396,2685,110,3,1172.22,6.09,3510.57,939.57
5397,2685,37,1,1522.64,10.31,1512.33,414.33
5398,2686,56,2,4864.07,2.11,9726.03,1858.03
5399,2686,85,3,4281.36,10.2,12833.88,3134.88
5400,2687,72,1,5828.14,18.0,5810.14,1406.14
5401,2687,56,1,4864.07,6.81,4857.26,923.26
5402,2688,98,3,3766.26,1.08,11297.7,3161.7
5403,2688,107,3,5511.95,13.87,16521.98,6081.98
5404,2688,110,2,1172.22,10.91,2333.53,619.53
5405,2689,123,4,3078.2,1.56,12311.24,3367.24
5406,2689,43,3,2515.73,14.89,7532.3,1352.3
5407,2690,179,2,4824.55,5.27,9643.83,3219.83
5408,2690,7,4,5629.83,7.37,22511.95,3703.95
5409,2690,35,4,2598.33,8.43,10384.89,3192.89
5410,2691,196,2,638.3,18.98,1257.62,333.62
5411,2691,108,4,1550.46,12.64,6189.2,1397.2
5412,2692,60,2,5461.59,19.58,10903.6,2261.6
5413,2692,175,4,4435.81,9.08,17734.16,3538.16
5414,2692,25,1,1979.19,17.25,1961.94,651.94
5415,2693,144,3,4410.54,4.06,13227.56,2967.56
5416,2693,32,1,5678.29,10.4,5667.89,1200.89
5417,2693,15,1,5784.26,4.36,5779.9,1425.9
5418,2694,10,2,1249.33,6.71,2491.95,345.95
5419,2694,47,4,5349.54,14.72,21383.44,5399.44
5420,2695,51,2,5007.82,16.31,9999.33,3295.33
5421,2695,55,1,6404.04,13.29,6390.75,2244.75
5422,2696,73,4,5457.97,14.05,21817.83,2933.83
5423,2696,129,3,1819.36,9.5,5448.58,1710.58
5424,2697,184,4,2633.24,10.52,10522.44,2182.44
5425,2697,78,3,1600.82,17.07,4785.39,1245.39
5426,2698,126,3,6579.87,9.3,19730.31,5900.31
5427,2698,22,1,4915.03,5.85,4909.18,922.18
5428,2698,118,3,5356.59,8.33,16061.44,4304.44
5429,2699,14,4,488.44,11.78,1941.98,269.98
5430,2699,46,2,7321.91,12.77,14631.05,5415.05
5431,2699,91,1,4930.64,0.42,4930.22,1057.22
5432,2700,200,2,4099.17,18.97,8179.37,1851.37
5433,2700,172,4,5175.17,7.85,20692.83,3220.83
5434,2700,139,3,1210.99,2.92,3630.05,963.05
5435,2701,99,3,3956.07,1.21,11867.0,4151.0
5436,2702,82,2,852.5,5.23,1699.77,455.77
5437,2703,11,4,4727.45,19.95,18889.85,6261.85
5438,2704,58,2,315.69,6.75,624.63,194.63
5439,2705,154,3,4728.41,9.53,14175.7,4314.7
5440,2705,183,4,3649.52,17.26,14580.82,4632.82
5441,2706,139,3,1210.99,15.73,3617.24,950.24
5442,2707,146,2,6386.06,15.1,12757.02,4369.02
5443,2707,14,3,488.44,15.46,1449.86,195.86
5444,2707,109,4,3992.5,7.97,15962.03,4742.03
5445,2708,115,4,2618.2,9.82,10462.98,3838.98
5446,2708,163,2,2701.47,6.71,5396.23,806.23
5447,2708,104,1,1652.43,19.86,1632.57,310.57
5448,2709,89,2,454.52,18.69,890.35,318.35
5449,2710,49,3,5840.98,11.17,17511.77,3102.77
5450,2710,148,3,2839.22,4.9,8512.76,3019.76
5451,2710,46,1,7321.91,0.64,7321.27,2713.27
5452,2711,11,3,4727.45,0.95,14181.4,4710.4
5453,2711,45,3,4565.43,2.08,13694.21,1787.21
5454,2711,9,2,3616.76,8.09,7225.43,2443.43
5455,2712,126,2,6579.87,4.35,13155.39,3935.39
5456,2713,39,3,552.25,1.25,1655.5,323.5
5457,2713,113,1,5653.4,16.04,5637.36,959.36
5458,2713,124,4,4391.54,3.25,17562.91,3482.91
5459,2714,121,3,2267.36,14.55,6787.53,1495.53
5460,2714,165,2,3471.22,1.97,6940.47,1690.47
5461,2715,35,4,2598.33,17.85,10375.47,3183.47
5462,2715,35,1,2598.33,14.17,2584.16,786.16
5463,2716,197,3,4180.68,19.69,12522.35,1644.35
5464,2716,126,4,6579.87,4.72,26314.76,7874.76
5465,2717,176,1,3397.33,13.25,3384.08,1223.08
5466,2717,71,4,2797.48,16.33,11173.59,3617.59
5467,2718,179,3,4824.55,1.84,14471.81,4835.81
5468,2718,44,4,2260.37,1.84,9039.64,1011.64
5469,2719,109,3,3992.5,18.52,11958.98,3543.98
5470,2720,111,4,2962.45,3.26,11846.54,2650.54
5471,2720,55,4,6404.04,10.23,25605.93,9021.93
5472,2720,115,4,2618.2,1.93,10470.87,3846.87
5473,2721,32,2,5678.29,1.32,11355.26,2421.26
5474,2721,50,1,5429.37,9.85,5419.52,1896.52
5475,2722,1,4,6087.96,12.74,24339.1,8959.1
5476,2722,44,4,2260.37,11.55,9029.93,1001.93
5477,2723,189,3,4900.58,6.12,14695.62,2125.62
5478,2724,75,2,4256.43,0.0,8512.86,2938.86
5479,2724,57,4,2097.22,10.01,8378.87,2654.87
5480,2724,108,3,1550.46,8.47,4642.91,1048.91
5481,2725,79,1,789.02,13.17,775.85,203.85
5482,2725,107,3,5511.95,12.02,16523.83,6083.83
5483,2725,179,3,4824.55,12.04,14461.61,4825.61
5484,2726,2,2,3361.74,14.43,6709.05,729.05
5485,2727,142,4,5775.74,10.02,23092.94,4180.94
5486,2727,176,2,3397.33,9.41,6785.25,2463.25
5487,2728,126,3,6579.87,15.72,19723.89,5893.89
5488,2728,124,4,4391.54,17.74,17548.42,3468.42
5489,2728,149,2,2606.01,5.21,5206.81,566.81
5490,2729,53,1,1531.38,18.22,1513.16,534.16
5491,2729,34,2,5835.24,3.47,11667.01,2325.01
5492,2730,5,3,1844.85,1.52,5533.03,1942.03
5493,2730,101,3,7616.13,15.05,22833.34,7995.34
5494,2731,188,1,5532.23,11.44,5520.79,1829.79
5495,2731,81,3,5497.32,19.35,16472.61,1961.61
5496,2732,60,1,5461.59,5.73,5455.86,1134.86
5497,2732,169,4,6981.12,8.44,27916.04,7956.04
5498,2733,65,4,4404.24,8.77,17608.19,5428.19
5499,2733,143,2,1084.42,16.11,2152.73,632.73
5500,2733,16,4,1573.66,19.24,6275.4,1295.4
5501,2734,66,3,4903.31,10.51,14699.42,2963.42
5502,2735,174,4,1465.47,5.46,5856.42,676.42
5503,2735,168,2,360.61,11.96,709.26,79.26
5504,2735,157,4,1186.69,12.06,4734.7,1134.7
5505,2736,58,2,315.69,4.92,626.46,196.46
5506,2736,51,4,5007.82,16.38,20014.9,6606.9
5507,2736,54,4,6094.37,10.44,24367.04,9079.04
5508,2737,89,1,454.52,19.19,435.33,149.33
5509,2738,112,1,650.07,18.22,631.85,208.85
5510,2738,47,2,5349.54,4.99,10694.09,2702.09
5511,2738,163,2,2701.47,9.6,5393.34,803.34
5512,2739,188,3,5532.23,2.66,16594.03,5521.03
5513,2740,7,4,5629.83,18.84,22500.48,3692.48
5514,2740,153,4,3013.31,0.61,12052.63,1848.63
5515,2740,54,3,6094.37,3.53,18279.58,6813.58
5516,2741,186,3,7914.83,1.15,23743.34,8890.34
5517,2741,40,2,5316.39,8.17,10624.61,3178.61
5518,2741,48,1,3393.83,17.97,3375.86,644.86
5519,2742,117,4,2834.64,16.13,11322.43,3082.43
5520,2742,106,4,1926.7,13.41,7693.39,2565.39
5521,2743,124,1,4391.54,10.66,4380.88,860.88
5522,2743,156,1,6188.4,7.18,6181.22,1979.22
5523,2743,68,4,2309.06,10.03,9226.21,1590.21
5524,2744,59,2,1997.79,0.66,3994.92,630.92
5525,2744,125,3,2559.2,0.86,7676.74,1724.74
5526,2744,66,2,4903.31,7.76,9798.86,1974.86
5527,2745,62,2,2352.48,5.59,4699.37,435.37
5528,2746,128,2,2167.32,7.79,4326.85,1370.85
5529,2746,138,3,5451.69,15.6,16339.47,5458.47
5530,2747,105,4,4856.31,1.62,19423.62,3507.62
5531,2747,78,1,1600.82,8.0,1592.82,412.82
5532,2747,121,2,2267.36,5.29,4529.43,1001.43
5533,2748,154,3,4728.41,9.52,14175.71,4314.71
5534,2749,170,3,250.43,0.69,750.6,147.6
5535,2749,142,3,5775.74,16.87,17310.35,3126.35
5536,2750,178,3,244.03,10.49,721.6,256.6
5537,2750,3,1,7696.6,11.58,7685.02,2691.02
5538,2750,131,4,572.86,8.67,2282.77,774.77
5539,2751,146,2,6386.06,15.68,12756.44,4368.44
5540,2751,166,3,1355.22,13.8,4051.86,496.86
5541,2751,17,3,1855.26,12.33,5553.45,1260.45
5542,2752,192,2,6331.66,6.89,12656.43,2918.43
5543,2752,96,3,2765.79,4.51,8292.86,2235.86
5544,2753,61,4,2566.03,16.82,10247.3,3795.3
5545,2753,101,1,7616.13,14.32,7601.81,2655.81
5546,2754,147,4,1363.26,9.13,5443.91,1919.91
5547,2754,37,4,1522.64,6.15,6084.41,1692.41
5548,2754,187,1,504.48,15.12,489.36,169.36
5549,2755,61,1,2566.03,0.21,2565.82,952.82
5550,2756,118,3,5356.59,14.84,16054.93,4297.93
5551,2757,108,4,1550.46,15.28,6186.56,1394.56
5552,2757,178,2,244.03,17.13,470.93,160.93
5553,2758,28,3,5032.36,7.17,15089.91,4643.91
5554,2758,97,1,6749.43,2.34,6747.09,2520.09
5555,2759,40,1,5316.39,9.96,5306.43,1583.43
5556,2760,7,4,5629.83,12.24,22507.08,3699.08
5557,2761,176,1,3397.33,19.02,3378.31,1217.31
5558,2761,89,2,454.52,17.33,891.71,319.71
5559,2761,41,2,2657.03,17.33,5296.73,1786.73
5560,2762,112,3,650.07,3.65,1946.56,677.56
5561,2762,25,3,1979.19,14.86,5922.71,1992.71
5562,2763,80,3,4102.63,15.34,12292.55,2263.55
5563,2763,199,3,7009.81,13.12,21016.31,6451.31
5564,2763,103,2,5536.18,4.17,11068.19,2276.19
5565,2764,21,3,6119.99,8.68,18351.29,3708.29
5566,2764,11,4,4727.45,0.27,18909.53,6281.53
5567,2764,173,4,1527.03,11.95,6096.17,1148.17
5568,2765,111,2,2962.45,8.22,5916.68,1318.68
5569,2766,36,4,5135.84,5.83,20537.53,4417.53
5570,2767,166,1,1355.22,1.28,1353.94,168.94
5571,2767,7,4,5629.83,11.56,22507.76,3699.76
5572,2767,136,2,3836.46,1.38,7671.54,733.54
5573,2768,113,4,5653.4,2.7,22610.9,3898.9
5574,2768,61,1,2566.03,15.62,2550.41,937.41
5575,2768,74,1,2434.43,7.21,2427.22,671.22
5576,2769,13,3,5553.96,7.67,16654.21,3844.21
5577,2769,49,1,5840.98,11.42,5829.56,1026.56
5578,2770,14,3,488.44,14.03,1451.29,197.29
5579,2770,191,4,933.8,6.52,3728.68,908.68
5580,2771,18,3,6294.01,5.45,18876.58,3987.58
5581,2771,62,4,2352.48,7.06,9402.86,874.86
5582,2771,18,2,6294.01,18.09,12569.93,2643.93
5583,2772,176,3,3397.33,5.07,10186.92,3703.92
5584,2773,121,1,2267.36,6.73,2260.63,496.63
5585,2773,58,1,315.69,17.16,298.53,83.53
5586,2773,13,3,5553.96,7.85,16654.03,3844.03
5587,2774,80,3,4102.63,12.52,12295.37,2266.37
5588,2774,93,1,278.24,17.18,261.06,33.06
5589,2774,200,2,4099.17,18.34,8180.0,1852.0
5590,2775,161,3,2333.99,17.2,6984.77,2121.77
5591,2775,15,3,5784.26,0.58,17352.2,4290.2
5592,2776,131,3,572.86,12.88,1705.7,574.7
5593,2777,85,4,4281.36,10.76,17114.68,4182.68
5594,2777,122,2,7212.86,11.67,14414.05,4998.05
5595,2778,125,3,2559.2,4.52,7673.08,1721.08
5596,2778,146,1,6386.06,14.1,6371.96,2177.96
5597,2779,22,4,4915.03,16.16,19643.96,3695.96
5598,2780,7,2,5629.83,9.11,11250.55,1846.55
5599,2781,128,1,2167.32,18.19,2149.13,671.13
5600,2781,79,2,789.02,5.02,1573.02,429.02
5601,2782,21,1,6119.99,1.49,6118.5,1237.5
5602,2783,34,4,5835.24,12.96,23328.0,4644.0
5603,2784,61,4,2566.03,9.0,10255.12,3803.12
5604,2785,28,2,5032.36,18.97,10045.75,3081.75
5605,2785,2,2,3361.74,1.95,6721.53,741.53
5606,2785,42,2,2717.08,9.82,5424.34,774.34
5607,2786,54,3,6094.37,7.72,18275.39,6809.39
5608,2787,47,4,5349.54,5.29,21392.87,5408.87
5609,2787,94,4,5544.85,6.4,22173.0,2313.0
5610,2787,142,4,5775.74,8.28,23094.68,4182.68
5611,2788,169,3,6981.12,18.4,20924.96,5954.96
5612,2788,13,3,5553.96,18.15,16643.73,3833.73
5613,2788,90,2,4881.97,10.89,9753.05,2605.05
5614,2789,14,1,488.44,17.06,471.38,53.38
5615,2789,176,3,3397.33,9.08,10182.91,3699.91
5616,2790,13,4,5553.96,9.08,22206.76,5126.76
5617,2790,183,3,3649.52,12.38,10936.18,3475.18
5618,2790,28,3,5032.36,17.6,15079.48,4633.48
5619,2791,89,1,454.52,19.1,435.42,149.42
5620,2792,24,3,2037.73,5.05,6108.14,1620.14
5621,2792,10,1,1249.33,17.35,1231.98,158.98
5622,2793,107,2,5511.95,18.21,11005.69,4045.69
5623,2793,138,3,5451.69,5.81,16349.26,5468.26
5624,2794,86,2,1091.11,15.55,2166.67,652.67
5625,2794,103,2,5536.18,9.95,11062.41,2270.41
5626,2794,109,4,3992.5,7.21,15962.79,4742.79
5627,2795,159,1,3489.26,3.37,3485.89,1146.89
5628,2795,73,2,5457.97,4.66,10911.28,1469.28
5629,2796,110,2,1172.22,3.69,2340.75,626.75
5630,2797,131,3,572.86,12.28,1706.3,575.3
5631,2797,166,4,1355.22,1.93,5418.95,678.95
5632,2798,141,2,3818.5,8.08,7628.92,926.92
5633,2799,16,3,1573.66,15.04,4705.94,970.94
5634,2799,169,3,6981.12,1.64,20941.72,5971.72
5635,2799,174,2,1465.47,6.91,2924.03,334.03
5636,2800,114,1,4077.29,3.28,4074.01,1491.01
5637,2801,49,3,5840.98,6.13,17516.81,3107.81
5638,2801,148,2,2839.22,8.91,5669.53,2007.53
5639,2802,198,1,2599.54,9.65,2589.89,671.89
5640,2803,179,4,4824.55,11.15,19287.05,6439.05
5641,2803,89,3,454.52,13.33,1350.23,492.23
5642,2803,70,2,5087.1,2.4,10171.8,3159.8
5643,2804,179,4,4824.55,6.09,19292.11,6444.11
5644,2804,79,4,789.02,5.48,3150.6,862.6
5645,2805,157,4,1186.69,3.03,4743.73,1143.73
5646,2806,191,4,933.8,6.94,3728.26,908.26
5647,2807,151,1,2964.55,7.7,2956.85,280.85
5648,2807,63,3,5551.59,5.25,16649.52,5372.52
5649,2808,130,1,7243.63,11.95,7231.68,2690.68
5650,2809,20,2,303.07,5.79,600.35,128.35
5651,2809,34,4,5835.24,4.74,23336.22,4652.22
5652,2810,18,4,6294.01,16.9,25159.14,5307.14
5653,2811,13,4,5553.96,5.04,22210.8,5130.8
5654,2811,78,3,1600.82,6.51,4795.95,1255.95
5655,2812,177,3,2260.51,16.86,6764.67,1661.67
5656,2812,93,4,278.24,12.26,1100.7,188.7
5657,2813,28,4,5032.36,13.7,20115.74,6187.74
5658,2813,20,3,303.07,17.62,891.59,183.59
5659,2813,122,4,7212.86,17.91,28833.53,10001.53
5660,2814,186,1,7914.83,4.03,7910.8,2959.8
5661,2815,130,1,7243.63,0.31,7243.32,2702.32
5662,2815,29,3,6088.79,9.64,18256.73,6367.73
5663,2816,89,1,454.52,6.23,448.29,162.29
5664,2816,72,3,5828.14,6.54,17477.88,4265.88
5665,2817,125,2,2559.2,7.67,5110.73,1142.73
5666,2817,120,2,1361.78,11.9,2711.66,897.66
5667,2817,20,1,303.07,10.7,292.37,56.37
5668,2818,133,1,1476.81,7.65,1469.16,132.16
5669,2818,136,2,3836.46,17.15,7655.77,717.77
5670,2818,51,1,5007.82,16.46,4991.36,1639.36
5671,2819,5,3,1844.85,14.47,5520.08,1929.08
5672,2819,65,3,4404.24,0.06,13212.66,4077.66
5673,2820,97,1,6749.43,5.23,6744.2,2517.2
5674,2821,173,1,1527.03,10.23,1516.8,279.8
5675,2822,60,2,5461.59,1.06,10922.12,2280.12
5676,2822,164,4,3449.26,4.78,13792.26,3016.26
5677,2823,47,2,5349.54,4.13,10694.95,2702.95
5678,2823,110,3,1172.22,1.19,3515.47,944.47
5679,2824,167,4,6421.3,17.81,25667.39,7019.39
5680,2825,67,4,3825.3,4.68,15296.52,4708.52
5681,2826,43,4,2515.73,15.15,10047.77,1807.77
5682,2827,67,2,3825.3,1.05,7649.55,2355.55
5683,2827,195,3,3047.63,17.22,9125.67,2726.67
5684,2828,120,2,1361.78,15.38,2708.18,894.18
5685,2828,25,2,1979.19,13.54,3944.84,1324.84
5686,2828,158,4,6464.49,5.92,25852.04,5936.04
5687,2829,98,1,3766.26,14.3,3751.96,1039.96
5688,2829,160,4,2514.92,3.13,10056.55,2184.55
5689,2829,3,3,7696.6,1.79,23088.01,8106.01
5690,2830,30,4,5234.76,5.82,20933.22,3537.22
5691,2831,158,1,6464.49,14.02,6450.47,1471.47
5692,2831,108,3,1550.46,14.34,4637.04,1043.04
5693,2831,195,2,3047.63,13.96,6081.3,1815.3
5694,2832,110,1,1172.22,0.84,1171.38,314.38
5695,2833,148,2,2839.22,3.35,5675.09,2013.09
5696,2833,53,3,1531.38,17.02,4577.12,1640.12
5697,2833,158,2,6464.49,10.76,12918.22,2960.22
5698,2834,77,3,5661.33,17.52,16966.47,4126.47
5699,2834,43,2,2515.73,6.52,5024.94,904.94
5700,2834,72,4,5828.14,6.44,23306.12,5690.12
5701,2835,114,4,4077.29,7.11,16302.05,5970.05
5702,2835,27,2,336.73,10.3,663.16,153.16
5703,2835,132,3,198.54,19.9,575.72,119.72
5704,2836,110,4,1172.22,8.16,4680.72,1252.72
5705,2837,15,2,5784.26,1.61,11566.91,2858.91
5706,2837,43,2,2515.73,12.55,5018.91,898.91
5707,2838,195,4,3047.63,7.13,12183.39,3651.39
5708,2838,199,3,7009.81,3.57,21025.86,6460.86
5709,2838,189,2,4900.58,16.49,9784.67,1404.67
5710,2839,199,3,7009.81,15.09,21014.34,6449.34
5711,2839,145,2,792.87,12.37,1573.37,455.37
5712,2839,52,2,448.48,7.24,889.72,77.72
5713,2840,56,1,4864.07,12.47,4851.6,917.6
5714,2840,88,2,5157.4,18.64,10296.16,1432.16
5715,2841,91,1,4930.64,9.8,4920.84,1047.84
5716,2842,98,4,3766.26,18.91,15046.13,4198.13
5717,2842,111,2,2962.45,19.44,5905.46,1307.46
5718,2843,92,4,1142.9,15.59,4556.01,460.01
5719,2844,5,1,1844.85,13.29,1831.56,634.56
5720,2845,6,2,3476.76,3.59,6949.93,755.93
5721,2846,54,3,6094.37,19.22,18263.89,6797.89
5722,2847,107,2,5511.95,2.73,11021.17,4061.17
5723,2848,67,1,3825.3,5.24,3820.06,1173.06
5724,2848,43,4,2515.73,16.38,10046.54,1806.54
5725,2849,191,2,933.8,2.28,1865.32,455.32
5726,2849,52,4,448.48,2.13,1791.79,167.79
5727,2850,83,1,4426.65,16.69,4409.96,442.96
5728,2850,140,4,5410.03,9.87,21630.25,3982.25
5729,2851,197,1,4180.68,13.58,4167.1,541.1
5730,2852,26,2,7539.95,3.57,15076.33,5496.33
5731,2852,48,2,3393.83,18.13,6769.53,1307.53
5732,2852,101,2,7616.13,6.75,15225.51,5333.51
5733,2853,157,1,1186.69,4.15,1182.54,282.54
5734,2853,189,2,4900.58,1.73,9799.43,1419.43
5735,2854,114,1,4077.29,11.35,4065.94,1482.94
5736,2854,52,1,448.48,7.08,441.4,35.4
5737,2855,117,4,2834.64,8.74,11329.82,3089.82
5738,2856,98,1,3766.26,17.59,3748.67,1036.67
5739,2856,85,4,4281.36,5.68,17119.76,4187.76
5740,2856,150,2,6284.22,0.29,12568.15,3472.15
5741,2857,137,4,7130.26,10.18,28510.86,10558.86
5742,2857,154,3,4728.41,0.25,14184.98,4323.98
5743,2857,112,4,650.07,18.76,2581.52,889.52
5744,2858,147,2,1363.26,13.36,2713.16,951.16
5745,2858,146,1,6386.06,17.74,6368.32,2174.32
5746,2858,75,4,4256.43,5.46,17020.26,5872.26
5747,2859,169,1,6981.12,11.97,6969.15,1979.15
5748,2860,37,3,1522.64,1.82,4566.1,1272.1
5749,2861,84,4,1792.84,18.12,7153.24,2317.24
5750,2861,116,2,3021.59,6.66,6036.52,1862.52
5751,2862,9,2,3616.76,10.09,7223.43,2441.43
5752,2862,155,4,4794.0,8.17,19167.83,6191.83
5753,2863,137,3,7130.26,16.27,21374.51,7910.51
5754,2863,69,2,1797.42,1.39,3593.45,885.45
5755,2864,16,4,1573.66,7.09,6287.55,1307.55
5756,2865,79,3,789.02,16.85,2350.21,634.21
5757,2866,104,3,1652.43,13.69,4943.6,977.6
5758,2866,52,1,448.48,0.36,448.12,42.12
5759,2866,127,1,6494.51,13.26,6481.25,2379.25
5760,2867,15,2,5784.26,9.22,11559.3,2851.3
5761,2867,11,3,4727.45,10.96,14171.39,4700.39
5762,2867,156,2,6188.4,19.77,12357.03,3953.03
5763,2868,53,3,1531.38,18.03,4576.11,1639.11
5764,2868,68,3,2309.06,15.38,6911.8,1184.8
5765,2869,44,3,2260.37,14.14,6766.97,745.97
5766,2870,111,1,2962.45,8.49,2953.96,654.96
5767,2870,195,1,3047.63,15.13,3032.5,899.5
5768,2870,28,1,5032.36,13.64,5018.72,1536.72
5769,2871,185,1,3574.96,6.34,3568.62,478.62
5770,2871,78,1,1600.82,5.84,1594.98,414.98
5771,2871,16,3,1573.66,0.29,4720.69,985.69
5772,2872,173,3,1527.03,9.58,4571.51,860.51
5773,2873,154,4,4728.41,18.18,18895.46,5747.46
5774,2874,19,2,5980.37,3.44,11957.3,3733.3
5775,2874,116,2,3021.59,6.41,6036.77,1862.77
5776,2875,180,2,3738.11,5.71,7470.51,1786.51
5777,2876,102,1,6271.36,16.95,6254.41,1601.41
5778,2876,7,1,5629.83,9.07,5620.76,918.76
5779,2876,71,2,2797.48,7.35,5587.61,1809.61
5780,2877,180,4,3738.11,10.56,14941.88,3573.88
5781,2877,161,2,2333.99,9.04,4658.94,1416.94
5782,2877,111,2,2962.45,0.38,5924.52,1326.52
5783,2878,141,1,3818.5,3.31,3815.19,464.19
5784,2878,197,4,4180.68,7.8,16714.92,2210.92
5785,2878,41,1,2657.03,12.11,2644.92,889.92
5786,2879,3,4,7696.6,11.74,30774.66,10798.66
5787,2880,173,2,1527.03,7.16,3046.9,572.9
5788,2880,176,3,3397.33,12.45,10179.54,3696.54
5789,2881,167,2,6421.3,4.71,12837.89,3513.89
5790,2881,35,3,2598.33,17.91,7777.08,2383.08
5791,2882,122,1,7212.86,10.63,7202.23,2494.23
5792,2882,166,2,1355.22,9.35,2701.09,331.09
5793,2882,89,4,454.52,3.6,1814.48,670.48
5794,2883,23,4,2868.81,2.77,11472.47,3616.47
5795,2883,83,2,4426.65,4.8,8848.5,914.5
5796,2884,48,3,3393.83,19.02,10162.47,1969.47
5797,2885,70,4,5087.1,15.27,20333.13,6309.13
5798,2885,18,2,6294.01,18.48,12569.54,2643.54
5799,2886,92,1,1142.9,11.9,1131.0,107.0
5800,2887,75,3,4256.43,3.16,12766.13,4405.13
5801,2887,111,2,2962.45,1.74,5923.16,1325.16
5802,2887,55,1,6404.04,11.86,6392.18,2246.18
5803,2888,53,3,1531.38,13.83,4580.31,1643.31
5804,2889,92,4,1142.9,12.81,4558.79,462.79
5805,2890,98,4,3766.26,9.92,15055.12,4207.12
5806,2890,79,4,789.02,17.63,3138.45,850.45
5807,2890,85,1,4281.36,14.94,4266.42,1033.42
5808,2891,48,2,3393.83,4.25,6783.41,1321.41
5809,2892,56,3,4864.07,10.23,14581.98,2779.98
5810,2892,48,4,3393.83,15.24,13560.08,2636.08
5811,2892,183,3,3649.52,11.92,10936.64,3475.64
5812,2893,117,3,2834.64,11.0,8492.92,2312.92
5813,2893,57,3,2097.22,3.53,6288.13,1995.13
5814,2894,1,4,6087.96,5.88,24345.96,8965.96
5815,2894,74,1,2434.43,2.87,2431.56,675.56
5816,2895,165,1,3471.22,6.47,3464.75,839.75
5817,2895,79,3,789.02,19.6,2347.46,631.46
5818,2895,3,4,7696.6,17.8,30768.6,10792.6
5819,2896,51,2,5007.82,9.95,10005.69,3301.69
5820,2896,49,3,5840.98,11.42,17511.52,3102.52
5821,2897,173,3,1527.03,2.51,4578.58,867.58
5822,2898,102,2,6271.36,16.42,12526.3,3220.3
5823,2898,77,2,5661.33,9.29,11313.37,2753.37
5824,2898,19,2,5980.37,18.22,11942.52,3718.52
5825,2899,176,3,3397.33,18.82,10173.17,3690.17
5826,2899,125,4,2559.2,10.19,10226.61,2290.61
5827,2900,157,4,1186.69,9.58,4737.18,1137.18
5828,2900,123,2,3078.2,7.73,6148.67,1676.67
5829,2901,50,1,5429.37,17.85,5411.52,1888.52
5830,2901,60,2,5461.59,4.41,10918.77,2276.77
5831,2901,199,2,7009.81,16.24,14003.38,4293.38
5832,2902,44,4,2260.37,13.33,9028.15,1000.15
5833,2903,146,4,6386.06,1.41,25542.83,8766.83
5834,2903,73,1,5457.97,17.14,5440.83,719.83
5835,2903,79,4,789.02,7.09,3148.99,860.99
5836,2904,190,1,3100.22,15.92,3084.3,915.3
5837,2904,150,3,6284.22,19.49,18833.17,5189.17
5838,2905,108,2,1550.46,16.81,3084.11,688.11
5839,2906,145,3,792.87,14.21,2364.4,687.4
5840,2906,200,1,4099.17,15.07,4084.1,920.1
5841,2907,98,1,3766.26,13.45,3752.81,1040.81
5842,2907,44,2,2260.37,3.16,4517.58,503.58
5843,2908,136,1,3836.46,18.22,3818.24,349.24
5844,2908,12,4,4572.81,11.37,18279.87,5899.87
5845,2909,198,2,2599.54,5.71,5193.37,1357.37
5846,2909,124,1,4391.54,1.57,4389.97,869.97
5847,2909,121,2,2267.36,0.49,4534.23,1006.23
5848,2910,60,3,5461.59,12.77,16372.0,3409.0
5849,2911,25,2,1979.19,11.85,3946.53,1326.53
5850,2911,10,4,1249.33,3.05,4994.27,702.27
5851,2911,53,2,1531.38,7.43,3055.33,1097.33
5852,2912,58,3,315.69,1.35,945.72,300.72
5853,2913,161,4,2333.99,15.26,9320.7,2836.7
5854,2914,139,4,1210.99,12.03,4831.93,1275.93
5855,2915,100,4,4359.62,18.84,17419.64,3471.64
5856,2915,63,4,5551.59,0.15,22206.21,7170.21
5857,2916,47,2,5349.54,11.86,10687.22,2695.22
5858,2916,195,4,3047.63,6.58,12183.94,3651.94
5859,2917,67,4,3825.3,6.78,15294.42,4706.42
5860,2917,7,4,5629.83,3.1,22516.22,3708.22
5861,2917,136,1,3836.46,6.19,3830.27,361.27
5862,2918,163,3,2701.47,16.19,8088.22,1203.22
5863,2918,32,4,5678.29,2.82,22710.34,4842.34
5864,2918,152,1,1890.92,1.26,1889.66,608.66
5865,2919,133,3,1476.81,4.75,4425.68,414.68
5866,2920,31,3,5674.17,17.97,17004.54,3792.54
5867,2920,141,1,3818.5,15.1,3803.4,452.4
5868,2920,163,4,2701.47,11.82,10794.06,1614.06
5869,2921,6,3,3476.76,19.91,10410.37,1119.37
5870,2922,147,3,1363.26,1.06,4088.72,1445.72
5871,2922,62,2,2352.48,8.82,4696.14,432.14
5872,2923,43,1,2515.73,2.84,2512.89,452.89
5873,2923,167,3,6421.3,15.24,19248.66,5262.66
5874,2923,105,1,4856.31,13.48,4842.83,863.83
5875,2924,105,2,4856.31,5.46,9707.16,1749.16
5876,2924,190,3,3100.22,19.63,9281.03,2774.03
5877,2924,168,4,360.61,4.65,1437.79,177.79
5878,2925,51,4,5007.82,0.28,20031.0,6623.0
5879,2926,124,3,4391.54,1.53,13173.09,2613.09
5880,2926,106,2,1926.7,3.5,3849.9,1285.9
5881,2927,154,3,4728.41,2.44,14182.79,4321.79
5882,2927,93,2,278.24,10.53,545.95,89.95
5883,2928,60,3,5461.59,9.86,16374.91,3411.91
5884,2928,31,4,5674.17,5.66,22691.02,5075.02
5885,2929,112,4,650.07,16.45,2583.83,891.83
5886,2929,123,1,3078.2,16.46,3061.74,825.74
5887,2929,159,1,3489.26,15.85,3473.41,1134.41
5888,2930,46,1,7321.91,18.8,7303.11,2695.11
5889,2931,88,1,5157.4,16.78,5140.62,708.62
5890,2931,135,1,4537.82,18.31,4519.51,423.51
5891,2931,14,1,488.44,5.7,482.74,64.74
5892,2932,197,3,4180.68,5.0,12537.04,1659.04
5893,2933,102,2,6271.36,10.2,12532.52,3226.52
5894,2933,70,1,5087.1,10.76,5076.34,1570.34
5895,2933,178,2,244.03,6.73,481.33,171.33
5896,2934,103,4,5536.18,16.34,22128.38,4544.38
5897,2935,116,1,3021.59,7.94,3013.65,926.65
5898,2936,136,3,3836.46,17.42,11491.96,1084.96
5899,2936,176,4,3397.33,19.17,13570.15,4926.15
5900,2937,51,2,5007.82,6.14,10009.5,3305.5
5901,2937,114,1,4077.29,6.96,4070.33,1487.33
5902,2937,166,3,1355.22,9.49,4056.17,501.17
5903,2938,143,1,1084.42,3.7,1080.72,320.72
5904,2938,25,2,1979.19,2.27,3956.11,1336.11
5905,2938,77,2,5661.33,6.22,11316.44,2756.44
5906,2939,190,3,3100.22,14.76,9285.9,2778.9
5907,2940,80,4,4102.63,11.34,16399.18,3027.18
5908,2940,151,3,2964.55,2.93,8890.72,862.72
5909,2941,57,3,2097.22,11.59,6280.07,1987.07
5910,2941,5,1,1844.85,18.6,1826.25,629.25
5911,2942,135,2,4537.82,4.93,9070.71,878.71
5912,2942,16,3,1573.66,2.08,4718.9,983.9
5913,2943,23,2,2868.81,12.59,5725.03,1797.03
5914,2943,114,4,4077.29,17.18,16291.98,5959.98
5915,2943,2,4,3361.74,14.06,13432.9,1472.9
5916,2944,186,4,7914.83,11.13,31648.19,11844.19
5917,2944,106,3,1926.7,15.92,5764.18,1918.18
5918,2944,35,1,2598.33,18.62,2579.71,781.71
5919,2945,136,3,3836.46,15.37,11494.01,1087.01
5920,2946,132,1,198.54,10.69,187.85,35.85
5921,2947,36,2,5135.84,15.61,10256.07,2196.07
5922,2947,66,1,4903.31,6.53,4896.78,984.78
5923,2947,80,4,4102.63,15.12,16395.4,3023.4
5924,2948,200,4,4099.17,17.07,16379.61,3723.61
5925,2949,40,1,5316.39,14.14,5302.25,1579.25
5926,2949,105,1,4856.31,19.01,4837.3,858.3
5927,2950,174,3,1465.47,19.04,4377.37,492.37
5928,2950,180,2,3738.11,17.28,7458.94,1774.94
5929,2950,160,1,2514.92,1.25,2513.67,545.67
5930,2951,109,4,3992.5,4.86,15965.14,4745.14
5931,2951,26,3,7539.95,15.73,22604.12,8234.12
5932,2952,132,3,198.54,14.53,581.09,125.09
5933,2952,168,1,360.61,16.13,344.48,29.48
5934,2953,200,3,4099.17,13.88,12283.63,2791.63
5935,2954,107,3,5511.95,7.77,16528.08,6088.08
5936,2955,72,1,5828.14,13.61,5814.53,1410.53
5937,2955,100,4,4359.62,9.15,17429.33,3481.33
5938,2955,198,1,2599.54,19.42,2580.12,662.12
5939,2956,10,4,1249.33,0.36,4996.96,704.96
5940,2957,5,3,1844.85,12.52,5522.03,1931.03
5941,2957,50,3,5429.37,11.39,16276.72,5707.72
5942,2957,151,2,2964.55,16.08,5913.02,561.02
5943,2958,93,3,278.24,2.74,831.98,147.98
5944,2959,90,1,4881.97,14.23,4867.74,1293.74
5945,2960,49,3,5840.98,17.44,17505.5,3096.5
5946,2961,132,3,198.54,10.71,584.91,128.91
5947,2961,107,1,5511.95,10.08,5501.87,2021.87
5948,2961,172,2,5175.17,15.04,10335.3,1599.3
5949,2962,72,2,5828.14,3.22,11653.06,2845.06
5950,2963,127,3,6494.51,4.34,19479.19,7173.19
5951,2963,32,1,5678.29,1.29,5677.0,1210.0
5952,2963,150,2,6284.22,0.19,12568.25,3472.25
5953,2964,13,2,5553.96,9.8,11098.12,2558.12
5954,2965,89,3,454.52,16.67,1346.89,488.89
5955,2965,169,1,6981.12,2.12,6979.0,1989.0
5956,2966,111,3,2962.45,14.72,8872.63,1975.63
5957,2966,91,4,4930.64,10.97,19711.59,4219.59
5958,2967,154,1,4728.41,12.21,4716.2,1429.2
5959,2967,37,4,1522.64,14.71,6075.85,1683.85
5960,2967,70,4,5087.1,3.86,20344.54,6320.54
5961,2968,200,1,4099.17,10.33,4088.84,924.84
5962,2969,108,3,1550.46,10.61,4640.77,1046.77
5963,2969,98,2,3766.26,8.17,7524.35,2100.35
5964,2969,107,1,5511.95,8.26,5503.69,2023.69
5965,2970,172,4,5175.17,17.71,20682.97,3210.97
5966,2970,182,4,3177.71,6.37,12704.47,2012.47
5967,2971,175,3,4435.81,18.67,13288.76,2641.76
5968,2971,177,4,2260.51,12.46,9029.58,2225.58
5969,2971,70,4,5087.1,18.5,20329.9,6305.9
5970,2972,172,3,5175.17,1.93,15523.58,2419.58
5971,2973,42,4,2717.08,15.04,10853.28,1553.28
5972,2973,93,1,278.24,15.85,262.39,34.39
5973,2974,87,3,3417.67,0.82,10252.19,1408.19
5974,2974,68,3,2309.06,16.85,6910.33,1183.33
5975,2975,191,4,933.8,8.84,3726.36,906.36
5976,2975,184,3,2633.24,17.28,7882.44,1627.44
5977,2975,147,1,1363.26,18.4,1344.86,463.86
5978,2976,16,4,1573.66,18.42,6276.22,1296.22
5979,2976,21,3,6119.99,17.51,18342.46,3699.46
5980,2977,71,3,2797.48,4.24,8388.2,2721.2
5981,2978,45,1,4565.43,18.71,4546.72,577.72
5982,2978,75,4,4256.43,3.54,17022.18,5874.18
5983,2978,112,2,650.07,15.91,1284.23,438.23
5984,2979,56,4,4864.07,13.26,19443.02,3707.02
5985,2980,60,1,5461.59,10.03,5451.56,1130.56
5986,2981,79,3,789.02,15.53,2351.53,635.53
5987,2982,129,3,1819.36,16.07,5442.01,1704.01
5988,2982,195,2,3047.63,16.7,6078.56,1812.56
5989,2982,11,3,4727.45,5.92,14176.43,4705.43
5990,2983,108,1,1550.46,9.74,1540.72,342.72
5991,2983,171,2,7270.84,1.14,14540.54,5174.54
5992,2983,145,1,792.87,11.46,781.41,222.41
5993,2984,147,3,1363.26,7.94,4081.84,1438.84
5994,2984,120,1,1361.78,11.93,1349.85,442.85
5995,2984,24,1,2037.73,4.31,2033.42,537.42
5996,2985,187,2,504.48,6.37,1002.59,362.59
5997,2985,35,1,2598.33,1.14,2597.19,799.19
5998,2986,153,1,3013.31,2.85,3010.46,459.46
5999,2986,117,3,2834.64,7.47,8496.45,2316.45
6000,2986,15,3,5784.26,5.96,17346.82,4284.82
6001,2987,197,4,4180.68,13.6,16709.12,2205.12
6002,2987,96,4,2765.79,17.92,11045.24,2969.24
6003,2988,40,2,5316.39,0.43,10632.35,3186.35
6004,2988,82,2,852.5,16.45,1688.55,444.55
6005,2989,180,1,3738.11,6.41,3731.7,889.7
6006,2989,31,2,5674.17,12.84,11335.5,2527.5
6007,2989,180,1,3738.11,19.33,3718.78,876.78
6008,2990,2,2,3361.74,3.05,6720.43,740.43
6009,2991,156,2,6188.4,16.62,12360.18,3956.18
6010,2991,166,4,1355.22,17.82,5403.06,663.06
6011,2991,94,4,5544.85,9.83,22169.57,2309.57
6012,2992,97,4,6749.43,17.31,26980.41,10072.41
6013,2992,48,3,3393.83,2.34,10179.15,1986.15
6014,2993,73,2,5457.97,8.37,10907.57,1465.57
6015,2993,155,1,4794.0,17.75,4776.25,1532.25
6016,2993,122,3,7212.86,8.74,21629.84,7505.84
6017,2994,174,4,1465.47,10.98,5850.9,670.9
6018,2994,77,3,5661.33,1.76,16982.23,4142.23
6019,2995,71,2,2797.48,8.97,5585.99,1807.99
6020,2996,138,2,5451.69,16.95,10886.43,3632.43
6021,2996,144,3,4410.54,1.82,13229.8,2969.8
6022,2997,171,4,7270.84,19.51,29063.85,10331.85
6023,2998,23,4,2868.81,9.61,11465.63,3609.63
6024,2999,161,1,2333.99,5.47,2328.52,707.52
6025,2999,123,4,3078.2,8.83,12303.97,3359.97
6026,3000,200,2,4099.17,11.68,8186.66,1858.66
6027,3000,20,1,303.07,3.87,299.2,63.2
6028,3001,199,2,7009.81,9.95,14009.67,4299.67
6029,3001,108,1,1550.46,17.5,1532.96,334.96
6030,3002,134,4,3568.12,8.76,14263.72,1635.72
6031,3002,73,2,5457.97,19.03,10896.91,1454.91
6032,3002,180,1,3738.11,13.29,3724.82,882.82
6033,3003,137,3,7130.26,8.07,21382.71,7918.71
6034,3003,18,4,6294.01,4.18,25171.86,5319.86
6035,3004,24,4,2037.73,17.15,8133.77,2149.77
6036,3004,89,2,454.52,1.72,907.32,335.32
6037,3005,174,2,1465.47,14.25,2916.69,326.69
6038,3006,129,4,1819.36,12.47,7264.97,2280.97
6039,3006,188,4,5532.23,13.22,22115.7,7351.7
6040,3006,28,3,5032.36,8.73,15088.35,4642.35
6041,3007,27,4,336.73,0.28,1346.64,326.64
6042,3008,146,2,6386.06,12.28,12759.84,4371.84
6043,3008,28,3,5032.36,7.39,15089.69,4643.69
6044,3009,100,3,4359.62,1.56,13077.3,2616.3
6045,3010,96,3,2765.79,3.08,8294.29,2237.29
6046,3010,189,3,4900.58,14.37,14687.37,2117.37
6047,3011,82,1,852.5,7.59,844.91,222.91
6048,3012,47,2,5349.54,15.96,10683.12,2691.12
6049,3013,22,2,4915.03,13.05,9817.01,1843.01
6050,3014,37,1,1522.64,14.93,1507.71,409.71
6051,3015,9,3,3616.76,8.86,10841.42,3668.42
6052,3016,93,4,278.24,13.69,1099.27,187.27
6053,3016,176,2,3397.33,2.99,6791.67,2469.67
6054,3017,18,2,6294.01,2.55,12585.47,2659.47
6055,3017,17,2,1855.26,8.32,3702.2,840.2
6056,3017,186,3,7914.83,12.47,23732.02,8879.02
6057,3018,132,1,198.54,10.49,188.05,36.05
6058,3018,133,4,1476.81,4.13,5903.11,555.11
6059,3018,117,3,2834.64,10.21,8493.71,2313.71
6060,3019,37,4,1522.64,2.14,6088.42,1696.42
6061,3019,120,1,1361.78,12.5,1349.28,442.28
6062,3020,101,3,7616.13,6.95,22841.44,8003.44
6063,3020,158,1,6464.49,12.04,6452.45,1473.45
6064,3021,147,3,1363.26,9.35,4080.43,1437.43
6065,3022,107,2,5511.95,18.44,11005.46,4045.46
6066,3023,185,3,3574.96,10.04,10714.84,1444.84
6067,3023,145,4,792.87,3.55,3167.93,931.93
6068,3024,100,2,4359.62,1.64,8717.6,1743.6
6069,3024,176,3,3397.33,15.93,10176.06,3693.06
6070,3025,149,2,2606.01,9.17,5202.85,562.85
6071,3026,146,1,6386.06,11.78,6374.28,2180.28
6072,3026,21,2,6119.99,2.77,12237.21,2475.21
6073,3026,193,1,5092.0,6.82,5085.18,532.18
6074,3027,166,3,1355.22,1.57,4064.09,509.09
6075,3028,9,3,3616.76,5.81,10844.47,3671.47
6076,3028,100,3,4359.62,3.3,13075.56,2614.56
6077,3029,1,4,6087.96,9.96,24341.88,8961.88
6078,3030,14,1,488.44,4.11,484.33,66.33
6079,3030,186,4,7914.83,0.53,31658.79,11854.79
6080,3030,195,4,3047.63,10.19,12180.33,3648.33
6081,3031,110,4,1172.22,19.1,4669.78,1241.78
6082,3032,109,3,3992.5,19.93,11957.57,3542.57
6083,3032,199,1,7009.81,16.34,6993.47,2138.47
6084,3033,56,2,4864.07,10.9,9717.24,1849.24
6085,3034,66,2,4903.31,8.93,9797.69,1973.69
6086,3034,124,2,4391.54,1.1,8781.98,1741.98
6087,3035,138,2,5451.69,1.54,10901.84,3647.84
6088,3035,191,3,933.8,15.24,2786.16,671.16
6089,3036,108,2,1550.46,2.77,3098.15,702.15
6090,3036,35,1,2598.33,2.99,2595.34,797.34
6091,3036,94,2,5544.85,14.71,11074.99,1144.99
6092,3037,6,4,3476.76,10.87,13896.17,1508.17
6093,3038,199,3,7009.81,9.35,21020.08,6455.08
6094,3039,15,4,5784.26,9.96,23127.08,5711.08
6095,3039,173,2,1527.03,16.83,3037.23,563.23
6096,3040,88,3,5157.4,14.72,15457.48,2161.48
6097,3040,84,4,1792.84,1.39,7169.97,2333.97
6098,3040,29,3,6088.79,16.17,18250.2,6361.2
6099,3041,135,4,4537.82,4.22,18147.06,1763.06
6100,3041,34,3,5835.24,3.15,17502.57,3489.57
6101,3042,154,4,4728.41,17.72,18895.92,5747.92
6102,3042,72,4,5828.14,10.57,23301.99,5685.99
6103,3043,182,1,3177.71,16.15,3161.56,488.56
6104,3044,50,3,5429.37,11.1,16277.01,5708.01
6105,3045,122,2,7212.86,7.56,14418.16,5002.16
6106,3045,178,4,244.03,7.0,969.12,349.12
6107,3045,126,1,6579.87,12.12,6567.75,1957.75
6108,3046,29,1,6088.79,3.46,6085.33,2122.33
6109,3047,42,1,2717.08,9.77,2707.31,382.31
6110,3047,107,3,5511.95,11.38,16524.47,6084.47
6111,3048,167,3,6421.3,11.58,19252.32,5266.32
6112,3048,187,1,504.48,11.26,493.22,173.22
6113,3049,69,2,1797.42,14.9,3579.94,871.94
6114,3049,62,3,2352.48,8.28,7049.16,653.16
6115,3049,86,1,1091.11,3.44,1087.67,330.67
6116,3050,131,4,572.86,0.11,2291.33,783.33
6117,3051,11,2,4727.45,3.58,9451.32,3137.32
6118,3052,61,2,2566.03,15.0,5117.06,1891.06
6119,3052,151,2,2964.55,11.52,5917.58,565.58
6120,3053,136,1,3836.46,5.83,3830.63,361.63
6121,3054,30,1,5234.76,17.29,5217.47,868.47
6122,3054,138,2,5451.69,5.27,10898.11,3644.11
6123,3055,145,1,792.87,15.38,777.49,218.49
6124,3055,50,1,5429.37,15.81,5413.56,1890.56
6125,3056,189,4,4900.58,10.3,19592.02,2832.02
6126,3057,94,4,5544.85,14.34,22165.06,2305.06
6127,3057,47,4,5349.54,18.96,21379.2,5395.2
6128,3057,109,1,3992.5,4.77,3987.73,1182.73
6129,3058,40,3,5316.39,17.99,15931.18,4762.18
6130,3059,52,2,448.48,14.84,882.12,70.12
6131,3059,16,3,1573.66,3.09,4717.89,982.89
6132,3060,170,4,250.43,12.17,989.55,185.55
6133,3061,191,3,933.8,8.63,2792.77,677.77
6134,3061,138,4,5451.69,7.58,21799.18,7291.18
6135,3061,163,3,2701.47,8.23,8096.18,1211.18
6136,3062,72,2,5828.14,14.29,11641.99,2833.99
6137,3063,2,1,3361.74,16.74,3345.0,355.0
6138,3064,68,2,2309.06,8.95,4609.17,791.17
6139,3064,188,1,5532.23,0.34,5531.89,1840.89
6140,3065,46,2,7321.91,19.18,14624.64,5408.64
6141,3065,186,2,7914.83,4.46,15825.2,5923.2
6142,3065,198,2,2599.54,12.84,5186.24,1350.24
6143,3066,185,2,3574.96,5.37,7144.55,964.55
6144,3067,71,1,2797.48,9.41,2788.07,899.07
6145,3067,119,4,2869.36,19.97,11457.47,2489.47
6146,3068,179,1,4824.55,0.71,4823.84,1611.84
6147,3069,23,1,2868.81,10.59,2858.22,894.22
6148,3069,165,3,3471.22,9.99,10403.67,2528.67
6149,3069,160,2,2514.92,12.51,5017.33,1081.33
6150,3070,131,1,572.86,5.7,567.16,190.16
6151,3070,151,4,2964.55,19.28,11838.92,1134.92
6152,3071,82,3,852.5,12.67,2544.83,678.83
6153,3072,167,1,6421.3,10.07,6411.23,1749.23
6154,3073,118,3,5356.59,1.97,16067.8,4310.8
6155,3073,29,2,6088.79,14.71,12162.87,4236.87
6156,3074,126,1,6579.87,13.31,6566.56,1956.56
6157,3075,66,4,4903.31,10.72,19602.52,3954.52
6158,3075,5,1,1844.85,13.35,1831.5,634.5
6159,3076,63,3,5551.59,14.3,16640.47,5363.47
6160,3077,28,3,5032.36,3.54,15093.54,4647.54
6161,3077,104,3,1652.43,19.82,4937.47,971.47
6162,3078,121,4,2267.36,4.99,9064.45,2008.45
6163,3079,170,1,250.43,1.34,249.09,48.09
6164,3079,50,4,5429.37,0.88,21716.6,7624.6
6165,3080,145,4,792.87,1.66,3169.82,933.82
6166,3080,60,1,5461.59,12.54,5449.05,1128.05
6167,3080,100,2,4359.62,12.95,8706.29,1732.29
6168,3081,108,1,1550.46,8.69,1541.77,343.77
6169,3081,30,4,5234.76,12.32,20926.72,3530.72
6170,3082,93,4,278.24,8.06,1104.9,192.9
6171,3082,22,2,4915.03,11.01,9819.05,1845.05
6172,3082,23,1,2868.81,19.74,2849.07,885.07
6173,3083,78,2,1600.82,7.22,3194.42,834.42
6174,3083,6,4,3476.76,6.44,13900.6,1512.6
6175,3084,97,2,6749.43,2.26,13496.6,5042.6
6176,3084,35,4,2598.33,19.77,10373.55,3181.55
6177,3084,176,4,3397.33,2.4,13586.92,4942.92
6178,3085,102,4,6271.36,4.36,25081.08,6469.08
6179,3085,169,3,6981.12,15.97,20927.39,5957.39
6180,3085,72,2,5828.14,3.45,11652.83,2844.83
6181,3086,195,2,3047.63,6.77,6088.49,1822.49
6182,3086,199,2,7009.81,1.09,14018.53,4308.53
6183,3086,90,1,4881.97,13.28,4868.69,1294.69
6184,3087,95,4,3093.45,12.53,12361.27,3945.27
6185,3087,66,3,4903.31,12.34,14697.59,2961.59
6186,3088,130,3,7243.63,16.86,21714.03,8091.03
6187,3089,140,2,5410.03,18.43,10801.63,1977.63
6188,3089,194,2,7044.36,8.81,14079.91,4151.91
6189,3089,116,4,3021.59,10.12,12076.24,3728.24
6190,3090,128,2,2167.32,2.75,4331.89,1375.89
6191,3091,143,1,1084.42,7.72,1076.7,316.7
6192,3092,116,1,3021.59,2.38,3019.21,932.21
6193,3092,12,2,4572.81,1.07,9144.55,2954.55
6194,3093,112,1,650.07,9.96,640.11,217.11
6195,3094,28,4,5032.36,12.53,20116.91,6188.91
6196,3094,70,1,5087.1,0.36,5086.74,1580.74
6197,3095,24,2,2037.73,4.78,4070.68,1078.68
6198,3096,164,2,3449.26,14.43,6884.09,1496.09
6199,3096,141,1,3818.5,5.11,3813.39,462.39
6200,3096,24,2,2037.73,16.69,4058.77,1066.77
6201,3097,42,1,2717.08,7.1,2709.98,384.98
6202,3097,186,1,7914.83,11.6,7903.23,2952.23
6203,3097,126,2,6579.87,5.33,13154.41,3934.41
6204,3098,182,4,3177.71,19.01,12691.83,1999.83
6205,3098,20,3,303.07,8.53,900.68,192.68
6206,3099,96,2,2765.79,4.13,5527.45,1489.45
6207,3100,159,4,3489.26,6.19,13950.85,4594.85
6208,3100,162,1,3776.05,5.83,3770.22,1251.22
6209,3101,31,2,5674.17,13.95,11334.39,2526.39
6210,3101,4,2,4963.98,4.46,9923.5,931.5
6211,3101,34,4,5835.24,6.95,23334.01,4650.01
6212,3102,137,4,7130.26,10.87,28510.17,10558.17
6213,3102,97,4,6749.43,8.23,26989.49,10081.49
6214,3103,99,2,3956.07,14.57,7897.57,2753.57
6215,3104,173,1,1527.03,13.5,1513.53,276.53
6216,3104,163,4,2701.47,13.92,10791.96,1611.96
6217,3105,76,4,2598.97,7.42,10388.46,3260.46
6218,3105,114,3,4077.29,12.01,12219.86,4470.86
6219,3106,112,4,650.07,4.28,2596.0,904.0
6220,3106,161,1,2333.99,0.78,2333.21,712.21
6221,3107,188,4,5532.23,10.49,22118.43,7354.43
6222,3108,64,4,7118.68,4.7,28470.02,8986.02
6223,3108,145,2,792.87,5.58,1580.16,462.16
6224,3108,177,1,2260.51,18.53,2241.98,540.98
6225,3109,128,4,2167.32,16.32,8652.96,2740.96
6226,3109,115,2,2618.2,12.9,5223.5,1911.5
6227,3110,67,4,3825.3,0.06,15301.14,4713.14
6228,3110,93,2,278.24,1.63,554.85,98.85
6229,3111,35,1,2598.33,4.97,2593.36,795.36
6230,3112,132,4,198.54,13.61,780.55,172.55
6231,3112,161,1,2333.99,19.66,2314.33,693.33
6232,3113,41,3,2657.03,6.67,7964.42,2699.42
6233,3113,128,4,2167.32,12.37,8656.91,2744.91
6234,3113,132,2,198.54,9.96,387.12,83.12
6235,3114,154,1,4728.41,16.65,4711.76,1424.76
6236,3114,186,1,7914.83,8.35,7906.48,2955.48
6237,3115,167,1,6421.3,6.92,6414.38,1752.38
6238,3115,198,3,2599.54,5.87,7792.75,2038.75
6239,3115,126,3,6579.87,17.86,19721.75,5891.75
6240,3116,140,3,5410.03,10.82,16219.27,2983.27
6241,3116,32,1,5678.29,14.07,5664.22,1197.22
6242,3116,41,3,2657.03,12.19,7958.9,2693.9
6243,3117,97,2,6749.43,5.12,13493.74,5039.74
6244,3117,186,1,7914.83,19.4,7895.43,2944.43
6245,3117,107,2,5511.95,12.62,11011.28,4051.28
6246,3118,117,2,2834.64,5.32,5663.96,1543.96
6247,3118,98,2,3766.26,11.19,7521.33,2097.33
6248,3119,183,2,3649.52,2.85,7296.19,2322.19
6249,3120,109,4,3992.5,1.24,15968.76,4748.76
6250,3120,159,1,3489.26,10.22,3479.04,1140.04
6251,3121,2,3,3361.74,15.72,10069.5,1099.5
6252,3122,154,2,4728.41,14.33,9442.49,2868.49
6253,3122,21,1,6119.99,3.0,6116.99,1235.99
6254,3122,27,4,336.73,0.65,1346.27,326.27
6255,3123,99,1,3956.07,17.36,3938.71,1366.71
6256,3123,122,2,7212.86,5.91,14419.81,5003.81
6257,3124,181,3,3227.71,18.23,9664.9,1981.9
6258,3124,89,3,454.52,6.0,1357.56,499.56
6259,3125,64,2,7118.68,18.67,14218.69,4476.69
6260,3126,20,4,303.07,15.88,1196.4,252.4
6261,3126,191,1,933.8,6.98,926.82,221.82
6262,3126,50,1,5429.37,13.81,5415.56,1892.56
6263,3127,132,4,198.54,14.3,779.86,171.86
6264,3128,5,1,1844.85,8.93,1835.92,638.92
6265,3128,54,3,6094.37,3.59,18279.52,6813.52
6266,3129,1,1,6087.96,19.65,6068.31,2223.31
6267,3129,94,2,5544.85,7.95,11081.75,1151.75
6268,3129,101,4,7616.13,12.27,30452.25,10668.25
6269,3130,200,4,4099.17,9.71,16386.97,3730.97
6270,3130,54,3,6094.37,1.29,18281.82,6815.82
6271,3130,39,3,552.25,18.96,1637.79,305.79
6272,3131,71,1,2797.48,13.7,2783.78,894.78
6273,3131,89,1,454.52,11.41,443.11,157.11
6274,3132,90,1,4881.97,16.67,4865.3,1291.3
6275,3133,54,2,6094.37,12.02,12176.72,4532.72
6276,3133,188,4,5532.23,7.28,22121.64,7357.64
6277,3134,38,4,5028.62,1.72,20112.76,6784.76
6278,3135,168,1,360.61,17.31,343.3,28.3
6279,3135,200,3,4099.17,19.58,12277.93,2785.93
6280,3135,133,3,1476.81,15.13,4415.3,404.3
6281,3136,157,1,1186.69,11.52,1175.17,275.17
6282,3136,5,3,1844.85,0.97,5533.58,1942.58
6283,3136,99,2,3956.07,4.78,7907.36,2763.36
6284,3137,169,2,6981.12,16.36,13945.88,3965.88
6285,3138,82,2,852.5,2.68,1702.32,458.32
6286,3139,126,1,6579.87,2.22,6577.65,1967.65
6287,3139,156,2,6188.4,14.17,12362.63,3958.63
6288,3140,28,2,5032.36,10.22,10054.5,3090.5
6289,3140,198,2,2599.54,0.05,5199.03,1363.03
6290,3140,45,2,4565.43,15.16,9115.7,1177.7
6291,3141,168,2,360.61,5.37,715.85,85.85
6292,3142,147,1,1363.26,9.87,1353.39,472.39
6293,3142,175,4,4435.81,0.16,17743.08,3547.08
6294,3143,25,4,1979.19,2.81,7913.95,2673.95
6295,3144,61,2,2566.03,18.92,5113.14,1887.14
6296,3145,32,2,5678.29,14.63,11341.95,2407.95
6297,3145,22,3,4915.03,4.94,14740.15,2779.15
6298,3145,183,4,3649.52,14.39,14583.69,4635.69
6299,3146,179,1,4824.55,15.43,4809.12,1597.12
6300,3146,178,1,244.03,11.49,232.54,77.54
6301,3147,171,4,7270.84,1.8,29081.56,10349.56
6302,3147,141,2,3818.5,10.64,7626.36,924.36
6303,3148,20,2,303.07,5.8,600.34,128.34
6304,3149,25,4,1979.19,3.89,7912.87,2672.87
6305,3150,2,2,3361.74,10.46,6713.02,733.02
6306,3150,73,4,5457.97,17.56,21814.32,2930.32
6307,3151,42,2,2717.08,18.12,5416.04,766.04
6308,3151,65,2,4404.24,17.12,8791.36,2701.36
6309,3151,143,2,1084.42,7.85,2160.99,640.99
6310,3152,88,3,5157.4,2.08,15470.12,2174.12
6311,3153,134,4,3568.12,18.83,14253.65,1625.65
6312,3154,89,1,454.52,5.55,448.97,162.97
6313,3154,179,1,4824.55,8.86,4815.69,1603.69
6314,3155,69,1,1797.42,0.07,1797.35,443.35
6315,3155,77,1,5661.33,7.73,5653.6,1373.6
6316,3156,56,2,4864.07,11.58,9716.56,1848.56
6317,3156,69,3,1797.42,16.72,5375.54,1313.54
6318,3157,72,3,5828.14,2.37,17482.05,4270.05
6319,3158,82,1,852.5,15.07,837.43,215.43
6320,3158,155,4,4794.0,9.66,19166.34,6190.34
6321,3159,127,2,6494.51,14.34,12974.68,4770.68
6322,3159,191,3,933.8,13.38,2788.02,673.02
6323,3160,109,2,3992.5,6.93,7978.07,2368.07
6324,3160,27,4,336.73,18.78,1328.14,308.14
6325,3161,50,4,5429.37,8.87,21708.61,7616.61
6326,3161,157,3,1186.69,10.96,3549.11,849.11
6327,3162,133,3,1476.81,11.69,4418.74,407.74
6328,3162,30,3,5234.76,3.44,15700.84,2653.84
6329,3163,174,2,1465.47,0.12,2930.82,340.82
6330,3163,141,2,3818.5,14.56,7622.44,920.44
6331,3163,144,1,4410.54,10.17,4400.37,980.37
6332,3164,165,1,3471.22,11.88,3459.34,834.34
6333,3164,47,2,5349.54,19.96,10679.12,2687.12
6334,3165,92,2,1142.9,12.52,2273.28,225.28
6335,3166,152,3,1890.92,15.35,5657.41,1814.41
6336,3166,89,3,454.52,9.82,1353.74,495.74
6337,3166,13,2,5553.96,9.8,11098.12,2558.12
6338,3167,151,1,2964.55,3.35,2961.2,285.2
6339,3168,173,2,1527.03,3.39,3050.67,576.67
6340,3169,93,4,278.24,11.44,1101.52,189.52
6341,3170,135,2,4537.82,6.66,9068.98,876.98
6342,3170,190,3,3100.22,18.57,9282.09,2775.09
6343,3170,9,2,3616.76,3.56,7229.96,2447.96
6344,3171,142,1,5775.74,17.11,5758.63,1030.63
6345,3172,9,1,3616.76,4.66,3612.1,1221.1
6346,3172,27,4,336.73,2.12,1344.8,324.8
6347,3172,98,3,3766.26,2.97,11295.81,3159.81
6348,3173,131,3,572.86,16.44,1702.14,571.14
6349,3173,173,1,1527.03,10.83,1516.2,279.2
6350,3173,92,1,1142.9,15.61,1127.29,103.29
6351,3174,107,4,5511.95,19.25,22028.55,8108.55
6352,3174,147,4,1363.26,19.33,5433.71,1909.71
6353,3174,72,1,5828.14,2.06,5826.08,1422.08
6354,3175,150,1,6284.22,4.69,6279.53,1731.53
6355,3175,129,4,1819.36,4.96,7272.48,2288.48
6356,3176,158,1,6464.49,15.1,6449.39,1470.39
6357,3176,155,4,4794.0,10.12,19165.88,6189.88
6358,3177,69,2,1797.42,13.97,3580.87,872.87
6359,3178,177,4,2260.51,10.82,9031.22,2227.22
6360,3178,161,4,2333.99,1.49,9334.47,2850.47
6361,3178,169,2,6981.12,16.19,13946.05,3966.05
6362,3179,177,3,2260.51,13.46,6768.07,1665.07
6363,3179,153,3,3013.31,16.06,9023.87,1370.87
6364,3179,149,3,2606.01,8.79,7809.24,849.24
6365,3180,14,1,488.44,9.35,479.09,61.09
6366,3180,22,1,4915.03,4.64,4910.39,923.39
6367,3181,58,3,315.69,12.48,934.59,289.59
6368,3181,121,2,2267.36,4.04,4530.68,1002.68
6369,3182,193,1,5092.0,7.46,5084.54,531.54
6370,3182,185,4,3574.96,8.41,14291.43,1931.43
6371,3183,169,3,6981.12,13.33,20930.03,5960.03
6372,3184,97,1,6749.43,1.29,6748.14,2521.14
6373,3185,29,3,6088.79,12.24,18254.13,6365.13
6374,3186,160,2,2514.92,14.5,5015.34,1079.34
6375,3187,149,3,2606.01,2.35,7815.68,855.68
6376,3187,101,4,7616.13,8.46,30456.06,10672.06
6377,3187,72,2,5828.14,1.76,11654.52,2846.52
6378,3188,6,1,3476.76,14.0,3462.76,365.76
6379,3188,15,1,5784.26,16.52,5767.74,1413.74
6380,3189,64,2,7118.68,3.62,14233.74,4491.74
6381,3189,61,2,2566.03,7.69,5124.37,1898.37
6382,3190,188,3,5532.23,1.61,16595.08,5522.08
6383,3190,161,1,2333.99,12.83,2321.16,700.16
6384,3190,168,3,360.61,17.17,1064.66,119.66
6385,3191,154,1,4728.41,6.93,4721.48,1434.48
6386,3191,103,1,5536.18,17.85,5518.33,1122.33
6387,3192,94,3,5544.85,10.68,16623.87,1728.87
6388,3192,8,3,907.81,12.34,2711.09,605.09
6389,3193,156,1,6188.4,0.67,6187.73,1985.73
6390,3194,84,4,1792.84,12.26,7159.1,2323.1
6391,3194,138,2,5451.69,3.76,10899.62,3645.62
6392,3194,49,1,5840.98,7.95,5833.03,1030.03
6393,3195,100,4,4359.62,5.76,17432.72,3484.72
6394,3196,61,1,2566.03,8.94,2557.09,944.09
6395,3196,145,1,792.87,13.11,779.76,220.76
6396,3196,6,1,3476.76,1.2,3475.56,378.56
6397,3197,148,1,2839.22,8.83,2830.39,999.39
6398,3198,5,3,1844.85,12.11,5522.44,1931.44
6399,3199,139,4,1210.99,6.56,4837.4,1281.4
6400,3200,149,3,2606.01,7.08,7810.95,850.95
6401,3200,137,2,7130.26,11.88,14248.64,5272.64
6402,3201,188,4,5532.23,7.7,22121.22,7357.22
6403,3201,66,2,4903.31,5.12,9801.5,1977.5
6404,3202,28,2,5032.36,15.38,10049.34,3085.34
6405,3202,141,1,3818.5,0.14,3818.36,467.36
6406,3202,162,4,3776.05,19.87,15084.33,5008.33
6407,3203,62,2,2352.48,1.18,4703.78,439.78
6408,3203,11,2,4727.45,0.46,9454.44,3140.44
6409,3203,135,1,4537.82,9.28,4528.54,432.54
6410,3204,184,2,2633.24,6.54,5259.94,1089.94
6411,3205,30,1,5234.76,12.94,5221.82,872.82
6412,3205,160,1,2514.92,3.31,2511.61,543.61
6413,3205,108,1,1550.46,17.65,1532.81,334.81
6414,3206,8,4,907.81,19.95,3611.29,803.29
6415,3206,80,2,4102.63,5.27,8199.99,1513.99
6416,3206,180,1,3738.11,1.22,3736.89,894.89
6417,3207,89,4,454.52,17.63,1800.45,656.45
6418,3208,48,3,3393.83,5.13,10176.36,1983.36
6419,3209,78,4,1600.82,11.36,6391.92,1671.92
6420,3209,91,1,4930.64,11.9,4918.74,1045.74
6421,3209,147,1,1363.26,19.41,1343.85,462.85
6422,3210,181,3,3227.71,0.56,9682.57,1999.57
6423,3210,6,3,3476.76,6.07,10424.21,1133.21
6424,3210,80,4,4102.63,3.4,16407.12,3035.12
6425,3211,38,1,5028.62,8.42,5020.2,1688.2
6426,3211,158,4,6464.49,16.33,25841.63,5925.63
6427,3212,56,1,4864.07,9.15,4854.92,920.92
6428,3212,191,4,933.8,9.72,3725.48,905.48
6429,3212,66,3,4903.31,3.63,14706.3,2970.3
6430,3213,27,3,336.73,9.62,1000.57,235.57
6431,3214,104,3,1652.43,15.67,4941.62,975.62
6432,3215,72,3,5828.14,15.14,17469.28,4257.28
6433,3216,141,2,3818.5,8.71,7628.29,926.29
6434,3216,173,4,1527.03,14.7,6093.42,1145.42
6435,3217,146,2,6386.06,19.84,12752.28,4364.28
6436,3218,107,2,5511.95,4.13,11019.77,4059.77
6437,3218,166,2,1355.22,7.16,2703.28,333.28
6438,3219,22,4,4915.03,19.95,19640.17,3692.17
6439,3220,107,3,5511.95,6.72,16529.13,6089.13
6440,3221,33,4,4863.47,1.97,19451.91,3187.91
6441,3222,35,4,2598.33,18.41,10374.91,3182.91
6442,3222,22,2,4915.03,4.28,9825.78,1851.78
6443,3223,165,1,3471.22,1.03,3470.19,845.19
6444,3224,58,1,315.69,5.51,310.18,95.18
6445,3224,186,4,7914.83,9.42,31649.9,11845.9
6446,3224,200,4,4099.17,1.88,16394.8,3738.8
6447,3225,96,2,2765.79,4.65,5526.93,1488.93
6448,3225,88,4,5157.4,5.9,20623.7,2895.7
6449,3225,83,4,4426.65,3.55,17703.05,1835.05
6450,3226,143,4,1084.42,6.79,4330.89,1290.89
6451,3226,199,3,7009.81,10.86,21018.57,6453.57
6452,3226,61,2,2566.03,7.57,5124.49,1898.49
6453,3227,89,2,454.52,16.41,892.63,320.63
6454,3228,107,3,5511.95,7.28,16528.57,6088.57
6455,3228,193,1,5092.0,7.56,5084.44,531.44
6456,3228,157,2,1186.69,14.37,2359.01,559.01
6457,3229,42,1,2717.08,8.68,2708.4,383.4
6458,3230,132,1,198.54,9.33,189.21,37.21
6459,3230,40,1,5316.39,16.64,5299.75,1576.75
6460,3230,86,3,1091.11,9.79,3263.54,992.54
6461,3231,23,2,2868.81,18.96,5718.66,1790.66
6462,3231,26,2,7539.95,2.08,15077.82,5497.82
6463,3231,178,2,244.03,5.81,482.25,172.25
6464,3232,121,1,2267.36,11.86,2255.5,491.5
6465,3233,182,3,3177.71,12.59,9520.54,1501.54
6466,3233,112,4,650.07,18.56,2581.72,889.72
6467,3233,97,2,6749.43,6.88,13491.98,5037.98
6468,3234,27,4,336.73,2.46,1344.46,324.46
6469,3235,79,3,789.02,13.8,2353.26,637.26
6470,3236,32,4,5678.29,6.82,22706.34,4838.34
6471,3236,159,2,3489.26,4.16,6974.36,2296.36
6472,3237,48,3,3393.83,19.56,10161.93,1968.93
6473,3238,24,4,2037.73,19.83,8131.09,2147.09
6474,3238,56,2,4864.07,14.72,9713.42,1845.42
6475,3239,92,1,1142.9,16.22,1126.68,102.68
6476,3239,116,2,3021.59,18.36,6024.82,1850.82
6477,3239,82,2,852.5,19.17,1685.83,441.83
6478,3240,193,1,5092.0,16.77,5075.23,522.23
6479,3240,175,2,4435.81,14.51,8857.11,1759.11
6480,3241,110,3,1172.22,2.51,3514.15,943.15
6481,3241,183,1,3649.52,14.55,3634.97,1147.97
6482,3242,63,1,5551.59,0.8,5550.79,1791.79
6483,3242,30,1,5234.76,19.12,5215.64,866.64
6484,3242,101,1,7616.13,0.96,7615.17,2669.17
6485,3243,12,3,4572.81,11.71,13706.72,4421.72
6486,3243,107,4,5511.95,14.2,22033.6,8113.6
6487,3243,52,3,448.48,4.21,1341.23,123.23
6488,3244,35,4,2598.33,15.45,10377.87,3185.87
6489,3245,147,2,1363.26,14.76,2711.76,949.76
6490,3246,55,2,6404.04,6.15,12801.93,4509.93
6491,3246,140,1,5410.03,9.83,5400.2,988.2
6492,3247,186,4,7914.83,7.14,31652.18,11848.18
6493,3247,103,3,5536.18,6.24,16602.3,3414.3
6494,3247,153,2,3013.31,11.08,6015.54,913.54
6495,3248,61,1,2566.03,3.32,2562.71,949.71
6496,3248,76,3,2598.97,13.67,7783.24,2437.24
6497,3249,149,1,2606.01,18.98,2587.03,267.03
6498,3249,187,3,504.48,13.58,1499.86,539.86
6499,3250,31,2,5674.17,2.9,11345.44,2537.44
6500,3250,183,3,3649.52,13.58,10934.98,3473.98
6501,3250,75,3,4256.43,9.08,12760.21,4399.21
6502,3251,138,3,5451.69,10.51,16344.56,5463.56
6503,3251,102,3,6271.36,6.02,18808.06,4849.06
6504,3252,68,2,2309.06,2.36,4615.76,797.76
6505,3252,36,1,5135.84,5.13,5130.71,1100.71
6506,3252,15,4,5784.26,1.28,23135.76,5719.76
6507,3253,22,3,4915.03,4.69,14740.4,2779.4
6508,3253,113,4,5653.4,15.72,22597.88,3885.88
6509,3253,30,2,5234.76,4.23,10465.29,1767.29
6510,3254,68,3,2309.06,14.8,6912.38,1185.38
6511,3254,38,3,5028.62,14.49,15071.37,5075.37
6512,3255,114,2,4077.29,16.78,8137.8,2971.8
6513,3256,120,4,1361.78,12.77,5434.35,1806.35
6514,3256,16,4,1573.66,11.23,6283.41,1303.41
6515,3257,157,2,1186.69,5.11,2368.27,568.27
6516,3257,42,1,2717.08,14.29,2702.79,377.79
6517,3257,55,1,6404.04,16.33,6387.71,2241.71
6518,3258,164,2,3449.26,10.98,6887.54,1499.54
6519,3258,176,1,3397.33,10.2,3387.13,1226.13
6520,3258,186,3,7914.83,0.26,23744.23,8891.23
6521,3259,78,3,1600.82,6.79,4795.67,1255.67
6522,3259,101,1,7616.13,6.91,7609.22,2663.22
6523,3259,68,4,2309.06,2.66,9233.58,1597.58
6524,3260,102,4,6271.36,3.22,25082.22,6470.22
6525,3260,181,4,3227.71,18.52,12892.32,2648.32
6526,3261,46,3,7321.91,4.6,21961.13,8137.13
6527,3261,32,3,5678.29,5.38,17029.49,3628.49
6528,3261,90,1,4881.97,14.19,4867.78,1293.78
6529,3262,155,4,4794.0,6.86,19169.14,6193.14
6530,3262,18,3,6294.01,5.19,18876.84,3987.84
6531,3262,63,3,5551.59,6.43,16648.34,5371.34
6532,3263,23,2,2868.81,13.11,5724.51,1796.51
6533,3264,176,3,3397.33,11.2,10180.79,3697.79
6534,3264,33,1,4863.47,19.19,4844.28,778.28
6535,3264,63,1,5551.59,11.07,5540.52,1781.52
6536,3265,60,1,5461.59,19.94,5441.65,1120.65
6537,3265,168,2,360.61,3.03,718.19,88.19
6538,3265,184,3,2633.24,17.54,7882.18,1627.18
6539,3266,105,4,4856.31,0.91,19424.33,3508.33
6540,3266,175,4,4435.81,17.42,17725.82,3529.82
6541,3267,41,2,2657.03,7.56,5306.5,1796.5
6542,3267,75,1,4256.43,13.67,4242.76,1455.76
6543,3267,2,4,3361.74,9.75,13437.21,1477.21
6544,3268,149,4,2606.01,3.71,10420.33,1140.33
6545,3268,154,3,4728.41,11.82,14173.41,4312.41
6546,3269,24,2,2037.73,7.28,4068.18,1076.18
6547,3270,31,2,5674.17,6.76,11341.58,2533.58
6548,3271,111,3,2962.45,7.78,8879.57,1982.57
6549,3272,16,4,1573.66,9.51,6285.13,1305.13
6550,3272,112,3,650.07,5.81,1944.4,675.4
6551,3273,69,2,1797.42,3.67,3591.17,883.17
6552,3274,67,3,3825.3,19.05,11456.85,3515.85
6553,3274,127,2,6494.51,0.38,12988.64,4784.64
6554,3274,96,3,2765.79,19.61,8277.76,2220.76
6555,3275,189,3,4900.58,17.58,14684.16,2114.16
6556,3275,1,2,6087.96,7.75,12168.17,4478.17
6557,3276,95,1,3093.45,7.05,3086.4,982.4
6558,3276,54,4,6094.37,1.08,24376.4,9088.4
6559,3277,129,3,1819.36,15.63,5442.45,1704.45
6560,3277,149,2,2606.01,15.87,5196.15,556.15
6561,3277,163,4,2701.47,17.53,10788.35,1608.35
6562,3278,4,1,4963.98,0.62,4963.36,467.36
6563,3278,88,2,5157.4,10.6,10304.2,1440.2
6564,3278,80,2,4102.63,0.64,8204.62,1518.62
6565,3279,192,4,6331.66,2.06,25324.58,5848.58
6566,3280,111,2,2962.45,13.05,5911.85,1313.85
6567,3281,42,4,2717.08,18.24,10850.08,1550.08
6568,3281,8,1,907.81,17.5,890.31,188.31
6569,3281,164,3,3449.26,1.06,10346.72,2264.72
6570,3282,2,4,3361.74,11.4,13435.56,1475.56
6571,3282,155,4,4794.0,9.47,19166.53,6190.53
6572,3283,13,3,5553.96,10.16,16651.72,3841.72
6573,3284,198,1,2599.54,14.82,2584.72,666.72
6574,3284,44,3,2260.37,11.12,6769.99,748.99
6575,3285,163,1,2701.47,6.17,2695.3,400.3
6576,3285,128,1,2167.32,5.21,2162.11,684.11
6577,3286,119,4,2869.36,16.3,11461.14,2493.14
6578,3286,20,3,303.07,13.96,895.25,187.25
6579,3286,151,2,2964.55,2.68,5926.42,574.42
6580,3287,52,4,448.48,12.64,1781.28,157.28
6581,3287,161,1,2333.99,7.96,2326.03,705.03
6582,3287,173,1,1527.03,6.16,1520.87,283.87
6583,3288,177,2,2260.51,4.6,4516.42,1114.42
6584,3288,178,3,244.03,9.42,722.67,257.67
6585,3289,79,1,789.02,18.08,770.94,198.94
6586,3290,48,3,3393.83,2.77,10178.72,1985.72
6587,3290,98,4,3766.26,16.43,15048.61,4200.61
6588,3290,27,4,336.73,6.72,1340.2,320.2
6589,3291,105,4,4856.31,15.27,19409.97,3493.97
6590,3291,88,4,5157.4,4.12,20625.48,2897.48
6591,3292,76,2,2598.97,7.94,5190.0,1626.0
6592,3292,181,1,3227.71,1.89,3225.82,664.82
6593,3293,95,3,3093.45,19.81,9260.54,2948.54
6594,3293,19,4,5980.37,2.35,23919.13,7471.13
6595,3293,78,4,1600.82,10.95,6392.33,1672.33
6596,3294,64,3,7118.68,14.64,21341.4,6728.4
6597,3294,84,1,1792.84,0.2,1792.64,583.64
6598,3294,7,2,5629.83,13.16,11246.5,1842.5
6599,3295,134,2,3568.12,13.87,7122.37,808.37
6600,3295,147,1,1363.26,5.4,1357.86,476.86
6601,3295,23,2,2868.81,0.91,5736.71,1808.71
6602,3296,79,4,789.02,5.16,3150.92,862.92
6603,3296,81,4,5497.32,11.37,21977.91,2629.91
6604,3297,71,2,2797.48,3.78,5591.18,1813.18
6605,3297,48,1,3393.83,3.46,3390.37,659.37
6606,3297,178,2,244.03,5.25,482.81,172.81
6607,3298,3,1,7696.6,14.99,7681.61,2687.61
6608,3298,47,4,5349.54,10.35,21387.81,5403.81
6609,3298,115,3,2618.2,14.65,7839.95,2871.95
6610,3299,42,3,2717.08,5.49,8145.75,1170.75
6611,3299,174,4,1465.47,1.22,5860.66,680.66
6612,3300,28,3,5032.36,16.48,15080.6,4634.6
6613,3300,103,4,5536.18,8.73,22135.99,4551.99
6614,3300,1,4,6087.96,15.5,24336.34,8956.34
6615,3301,39,2,552.25,15.67,1088.83,200.83
6616,3301,180,1,3738.11,14.4,3723.71,881.71
6617,3302,7,4,5629.83,18.84,22500.48,3692.48
6618,3302,78,3,1600.82,7.01,4795.45,1255.45
6619,3303,12,2,4572.81,11.39,9134.23,2944.23
6620,3303,177,2,2260.51,19.09,4501.93,1099.93
6621,3304,100,1,4359.62,19.13,4340.49,853.49
6622,3304,72,1,5828.14,18.67,5809.47,1405.47
6623,3305,52,4,448.48,13.84,1780.08,156.08
6624,3305,142,3,5775.74,12.36,17314.86,3130.86
6625,3305,176,3,3397.33,16.15,10175.84,3692.84
6626,3306,68,3,2309.06,9.11,6918.07,1191.07
6627,3307,126,2,6579.87,8.02,13151.72,3931.72
6628,3308,6,2,3476.76,4.98,6948.54,754.54
6629,3308,3,1,7696.6,0.28,7696.32,2702.32
6630,3309,121,1,2267.36,8.42,2258.94,494.94
6631,3309,142,2,5775.74,12.52,11538.96,2082.96
6632,3309,162,3,3776.05,4.05,11324.1,3767.1
6633,3310,47,2,5349.54,2.42,10696.66,2704.66
6634,3311,103,1,5536.18,4.1,5532.08,1136.08
6635,3312,56,2,4864.07,14.34,9713.8,1845.8
6636,3312,43,4,2515.73,2.87,10060.05,1820.05
6637,3312,36,3,5135.84,1.43,15406.09,3316.09
6638,3313,15,2,5784.26,11.12,11557.4,2849.4
6639,3313,171,1,7270.84,5.09,7265.75,2582.75
6640,3314,153,3,3013.31,10.84,9029.09,1376.09
6641,3314,172,2,5175.17,4.29,10346.05,1610.05
6642,3314,33,2,4863.47,10.04,9716.9,1584.9
6643,3315,194,4,7044.36,2.39,28175.05,8319.05
6644,3315,114,1,4077.29,0.91,4076.38,1493.38
6645,3316,103,2,5536.18,2.93,11069.43,2277.43
6646,3316,29,2,6088.79,12.86,12164.72,4238.72
6647,3316,193,3,5092.0,14.31,15261.69,1602.69
6648,3317,21,3,6119.99,6.89,18353.08,3710.08
6649,3318,66,4,4903.31,2.62,19610.62,3962.62
6650,3318,183,1,3649.52,17.47,3632.05,1145.05
6651,3319,175,4,4435.81,16.04,17727.2,3531.2
6652,3319,43,2,2515.73,13.15,5018.31,898.31
6653,3319,116,2,3021.59,0.64,6042.54,1868.54
6654,3320,94,1,5544.85,10.49,5534.36,569.36
6655,3320,113,3,5653.4,16.93,16943.27,2909.27
6656,3320,13,1,5553.96,8.0,5545.96,1275.96
6657,3321,141,2,3818.5,0.04,7636.96,934.96
6658,3321,125,2,2559.2,19.1,5099.3,1131.3
6659,3321,98,4,3766.26,15.21,15049.83,4201.83
6660,3322,149,4,2606.01,18.1,10405.94,1125.94
6661,3322,187,3,504.48,9.36,1504.08,544.08
6662,3323,86,2,1091.11,10.03,2172.19,658.19
6663,3324,10,2,1249.33,4.93,2493.73,347.73
6664,3324,192,3,6331.66,15.63,18979.35,4372.35
6665,3324,112,3,650.07,13.58,1936.63,667.63
6666,3325,157,2,1186.69,9.27,2364.11,564.11
6667,3326,31,2,5674.17,14.86,11333.48,2525.48
6668,3326,119,4,2869.36,3.09,11474.35,2506.35
6669,3326,148,3,2839.22,3.17,8514.49,3021.49
6670,3327,194,4,7044.36,6.55,28170.89,8314.89
6671,3328,184,2,2633.24,17.96,5248.52,1078.52
6672,3328,14,1,488.44,9.52,478.92,60.92
6673,3329,17,1,1855.26,8.92,1846.34,415.34
6674,3330,178,4,244.03,9.09,967.03,347.03
6675,3330,123,2,3078.2,7.37,6149.03,1677.03
6676,3331,117,3,2834.64,17.33,8486.59,2306.59
6677,3331,155,1,4794.0,15.71,4778.29,1534.29
6678,3332,180,4,3738.11,9.76,14942.68,3574.68
6679,3333,183,1,3649.52,4.7,3644.82,1157.82
6680,3333,74,2,2434.43,4.38,4864.48,1352.48
6681,3333,1,1,6087.96,11.2,6076.76,2231.76
6682,3334,137,4,7130.26,16.11,28504.93,10552.93
6683,3335,181,3,3227.71,15.8,9667.33,1984.33
6684,3335,51,2,5007.82,1.1,10014.54,3310.54
6685,3336,3,2,7696.6,15.03,15378.17,5390.17
6686,3336,27,2,336.73,8.82,664.64,154.64
6687,3336,39,3,552.25,15.92,1640.83,308.83
6688,3337,142,1,5775.74,15.42,5760.32,1032.32
6689,3337,180,3,3738.11,11.3,11203.03,2677.03
6690,3338,59,2,1997.79,13.88,3981.7,617.7
6691,3338,35,4,2598.33,10.5,10382.82,3190.82
6692,3339,134,2,3568.12,17.65,7118.59,804.59
6693,3340,139,4,1210.99,4.21,4839.75,1283.75
6694,3340,162,1,3776.05,8.39,3767.66,1248.66
6695,3340,110,4,1172.22,11.24,4677.64,1249.64
6696,3341,197,2,4180.68,10.86,8350.5,1098.5
6697,3342,18,3,6294.01,10.91,18871.12,3982.12
6698,3342,120,4,1361.78,13.97,5433.15,1805.15
6699,3342,192,4,6331.66,16.93,25309.71,5833.71
6700,3343,71,1,2797.48,2.4,2795.08,906.08
6701,3343,11,1,4727.45,6.86,4720.59,1563.59
6702,3344,200,2,4099.17,6.46,8191.88,1863.88
6703,3344,59,1,1997.79,14.73,1983.06,301.06
6704,3345,12,4,4572.81,2.71,18288.53,5908.53
6705,3345,45,2,4565.43,0.33,9130.53,1192.53
6706,3345,188,4,5532.23,18.55,22110.37,7346.37
6707,3346,125,3,2559.2,3.16,7674.44,1722.44
6708,3347,125,2,2559.2,4.83,5113.57,1145.57
6709,3348,69,2,1797.42,5.74,3589.1,881.1
6710,3348,99,2,3956.07,10.84,7901.3,2757.3
6711,3348,113,3,5653.4,15.89,16944.31,2910.31
6712,3349,113,4,5653.4,2.19,22611.41,3899.41
6713,3349,180,3,3738.11,8.15,11206.18,2680.18
6714,3350,78,4,1600.82,18.37,6384.91,1664.91
6715,3350,113,3,5653.4,17.93,16942.27,2908.27
6716,3350,158,4,6464.49,15.85,25842.11,5926.11
6717,3351,166,4,1355.22,15.63,5405.25,665.25
6718,3351,126,1,6579.87,8.54,6571.33,1961.33
6719,3351,103,2,5536.18,12.28,11060.08,2268.08
6720,3352,123,2,3078.2,7.79,6148.61,1676.61
6721,3352,62,1,2352.48,18.28,2334.2,202.2
6722,3353,22,1,4915.03,0.47,4914.56,927.56
6723,3354,121,2,2267.36,19.45,4515.27,987.27
6724,3354,133,2,1476.81,14.65,2938.97,264.97
6725,3354,164,3,3449.26,1.41,10346.37,2264.37
6726,3355,191,1,933.8,4.16,929.64,224.64
6727,3355,82,1,852.5,14.66,837.84,215.84
6728,3355,51,2,5007.82,12.5,10003.14,3299.14
6729,3356,67,3,3825.3,17.47,11458.43,3517.43
6730,3356,178,3,244.03,14.53,717.56,252.56
6731,3357,124,2,4391.54,8.87,8774.21,1734.21
6732,3357,182,2,3177.71,5.8,6349.62,1003.62
6733,3358,187,4,504.48,18.44,1999.48,719.48
6734,3358,80,1,4102.63,8.16,4094.47,751.47
6735,3358,100,4,4359.62,11.37,17427.11,3479.11
6736,3359,33,1,4863.47,13.62,4849.85,783.85
6737,3359,56,4,4864.07,8.58,19447.7,3711.7
6738,3360,49,4,5840.98,7.52,23356.4,4144.4
6739,3361,82,2,852.5,18.24,1686.76,442.76
6740,3362,198,4,2599.54,11.27,10386.89,2714.89
6741,3362,46,1,7321.91,3.52,7318.39,2710.39
6742,3362,42,4,2717.08,4.35,10863.97,1563.97
6743,3363,143,1,1084.42,7.31,1077.11,317.11
6744,3363,9,2,3616.76,19.2,7214.32,2432.32
6745,3363,44,3,2260.37,15.12,6765.99,744.99
6746,3364,52,2,448.48,6.34,890.62,78.62
6747,3364,198,3,2599.54,5.81,7792.81,2038.81
6748,3364,47,2,5349.54,17.67,10681.41,2689.41
6749,3365,186,1,7914.83,17.34,7897.49,2946.49
6750,3366,34,1,5835.24,0.86,5834.38,1163.38
6751,3366,12,1,4572.81,10.82,4561.99,1466.99
6752,3366,167,1,6421.3,3.07,6418.23,1756.23
6753,3367,102,4,6271.36,8.62,25076.82,6464.82
6754,3367,120,2,1361.78,0.52,2723.04,909.04
6755,3367,126,2,6579.87,11.93,13147.81,3927.81
6756,3368,157,2,1186.69,17.51,2355.87,555.87
6757,3368,21,2,6119.99,9.74,12230.24,2468.24
6758,3368,175,3,4435.81,10.61,13296.82,2649.82
6759,3369,27,4,336.73,9.89,1337.03,317.03
6760,3369,26,3,7539.95,16.26,22603.59,8233.59
6761,3369,40,1,5316.39,10.18,5306.21,1583.21
6762,3370,192,4,6331.66,7.01,25319.63,5843.63
6763,3370,87,1,3417.67,18.13,3399.54,451.54
6764,3370,96,4,2765.79,10.79,11052.37,2976.37
6765,3371,163,2,2701.47,13.88,5389.06,799.06
6766,3371,26,1,7539.95,16.71,7523.24,2733.24
6767,3372,141,4,3818.5,14.16,15259.84,1855.84
6768,3373,122,2,7212.86,2.78,14422.94,5006.94
6769,3373,87,4,3417.67,15.71,13654.97,1862.97
6770,3373,83,1,4426.65,2.58,4424.07,457.07
6771,3374,64,1,7118.68,13.24,7105.44,2234.44
6772,3374,48,4,3393.83,3.37,13571.95,2647.95
6773,3374,74,3,2434.43,18.59,7284.7,2016.7
6774,3375,175,1,4435.81,9.06,4426.75,877.75
6775,3376,85,3,4281.36,15.63,12828.45,3129.45
6776,3377,39,2,552.25,12.37,1092.13,204.13
6777,3377,125,2,2559.2,11.27,5107.13,1139.13
6778,3378,21,4,6119.99,4.03,24475.93,4951.93
6779,3378,110,2,1172.22,8.09,2336.35,622.35
6780,3379,4,1,4963.98,9.18,4954.8,458.8
6781,3379,35,2,2598.33,12.35,5184.31,1588.31
6782,3380,100,3,4359.62,10.66,13068.2,2607.2
6783,3380,18,3,6294.01,12.69,18869.34,3980.34
6784,3381,65,1,4404.24,13.58,4390.66,1345.66
6785,3381,21,3,6119.99,7.65,18352.32,3709.32
6786,3382,192,3,6331.66,11.21,18983.77,4376.77
6787,3382,164,3,3449.26,11.41,10336.37,2254.37
6788,3383,58,3,315.69,14.26,932.81,287.81
6789,3383,35,2,2598.33,16.75,5179.91,1583.91
6790,3383,92,1,1142.9,1.64,1141.26,117.26
6791,3384,131,4,572.86,3.79,2287.65,779.65
6792,3384,139,1,1210.99,7.0,1203.99,314.99
6793,3385,122,1,7212.86,13.22,7199.64,2491.64
6794,3386,59,3,1997.79,13.41,5979.96,933.96
6795,3386,96,2,2765.79,1.61,5529.97,1491.97
6796,3387,9,3,3616.76,6.53,10843.75,3670.75
6797,3388,20,3,303.07,8.94,900.27,192.27
6798,3388,102,1,6271.36,15.33,6256.03,1603.03
6799,3388,13,4,5553.96,7.2,22208.64,5128.64
6800,3389,50,4,5429.37,11.81,21705.67,7613.67
6801,3389,138,1,5451.69,8.52,5443.17,1816.17
6802,3390,12,4,4572.81,6.6,18284.64,5904.64
6803,3390,141,4,3818.5,5.72,15268.28,1864.28
6804,3390,122,2,7212.86,15.82,14409.9,4993.9
6805,3391,116,3,3021.59,5.87,9058.9,2797.9
6806,3391,123,4,3078.2,0.47,12312.33,3368.33
6807,3391,198,3,2599.54,14.75,7783.87,2029.87
6808,3392,172,2,5175.17,6.24,10344.1,1608.1
6809,3392,107,3,5511.95,15.06,16520.79,6080.79
6810,3392,43,4,2515.73,14.12,10048.8,1808.8
6811,3393,186,3,7914.83,8.52,23735.97,8882.97
6812,3394,14,1,488.44,18.61,469.83,51.83
6813,3394,99,2,3956.07,7.79,7904.35,2760.35
6814,3395,145,1,792.87,10.8,782.07,223.07
6815,3395,33,4,4863.47,19.74,19434.14,3170.14
6816,3395,7,1,5629.83,11.17,5618.66,916.66
6817,3396,27,4,336.73,14.38,1332.54,312.54
6818,3397,105,1,4856.31,7.99,4848.32,869.32
6819,3397,163,3,2701.47,11.28,8093.13,1208.13
6820,3397,42,2,2717.08,9.7,5424.46,774.46
6821,3398,54,2,6094.37,14.51,12174.23,4530.23
6822,3398,168,1,360.61,5.27,355.34,40.34
6823,3398,40,3,5316.39,17.02,15932.15,4763.15
6824,3399,176,2,3397.33,10.03,6784.63,2462.63
6825,3399,162,2,3776.05,14.91,7537.19,2499.19
6826,3399,101,4,7616.13,8.7,30455.82,10671.82
6827,3400,157,4,1186.69,18.32,4728.44,1128.44
6828,3400,9,1,3616.76,0.43,3616.33,1225.33
6829,3401,1,1,6087.96,0.39,6087.57,2242.57
6830,3402,108,4,1550.46,8.19,6193.65,1401.65
6831,3402,144,1,4410.54,10.16,4400.38,980.38
6832,3402,104,3,1652.43,6.17,4951.12,985.12
6833,3403,149,1,2606.01,7.83,2598.18,278.18
6834,3403,127,4,6494.51,15.56,25962.48,9554.48
6835,3403,38,3,5028.62,18.68,15067.18,5071.18
6836,3404,195,1,3047.63,3.08,3044.55,911.55
6837,3405,30,3,5234.76,19.13,15685.15,2638.15
6838,3405,117,3,2834.64,19.73,8484.19,2304.19
6839,3405,41,4,2657.03,1.46,10626.66,3606.66
6840,3406,191,4,933.8,18.16,3717.04,897.04
6841,3406,74,2,2434.43,12.12,4856.74,1344.74
6842,3407,136,1,3836.46,2.19,3834.27,365.27
6843,3408,175,1,4435.81,2.31,4433.5,884.5
6844,3408,76,3,2598.97,7.92,7788.99,2442.99
6845,3409,144,4,4410.54,5.31,17636.85,3956.85
6846,3409,191,3,933.8,0.19,2801.21,686.21
6847,3410,25,2,1979.19,19.21,3939.17,1319.17
6848,3411,175,2,4435.81,5.45,8866.17,1768.17
6849,3411,45,1,4565.43,16.74,4548.69,579.69
6850,3412,8,2,907.81,9.05,1806.57,402.57
6851,3412,28,4,5032.36,5.6,20123.84,6195.84
6852,3412,105,4,4856.31,10.57,19414.67,3498.67
6853,3413,49,4,5840.98,13.48,23350.44,4138.44
6854,3414,34,4,5835.24,10.58,23330.38,4646.38
6855,3414,135,3,4537.82,13.92,13599.54,1311.54
6856,3414,200,4,4099.17,4.31,16392.37,3736.37
6857,3415,168,1,360.61,1.36,359.25,44.25
6858,3415,154,1,4728.41,5.25,4723.16,1436.16
6859,3416,151,3,2964.55,2.58,8891.07,863.07
6860,3416,87,3,3417.67,4.73,10248.28,1404.28
6861,3416,199,4,7009.81,7.3,28031.94,8611.94
6862,3417,15,3,5784.26,15.83,17336.95,4274.95
6863,3417,75,3,4256.43,7.22,12762.07,4401.07
6864,3418,26,3,7539.95,6.26,22613.59,8243.59
6865,3418,19,1,5980.37,2.74,5977.63,1865.63
6866,3418,53,4,1531.38,0.03,6125.49,2209.49
6867,3419,191,4,933.8,0.44,3734.76,914.76
6868,3420,18,2,6294.01,19.12,12568.9,2642.9
6869,3421,9,3,3616.76,8.14,10842.14,3669.14
6870,3422,91,2,4930.64,1.62,9859.66,2113.66
6871,3422,135,3,4537.82,11.02,13602.44,1314.44
6872,3423,89,3,454.52,14.15,1349.41,491.41
6873,3424,99,2,3956.07,3.66,7908.48,2764.48
6874,3424,192,3,6331.66,16.14,18978.84,4371.84
6875,3424,25,4,1979.19,1.77,7914.99,2674.99
6876,3425,128,2,2167.32,12.01,4322.63,1366.63
6877,3425,56,4,4864.07,15.08,19441.2,3705.2
6878,3426,3,4,7696.6,5.02,30781.38,10805.38
6879,3426,127,2,6494.51,14.3,12974.72,4770.72
6880,3427,200,2,4099.17,18.94,8179.4,1851.4
6881,3427,148,3,2839.22,1.65,8516.01,3023.01
6882,3427,163,2,2701.47,1.09,5401.85,811.85
6883,3428,11,3,4727.45,10.42,14171.93,4700.93
6884,3429,115,4,2618.2,2.6,10470.2,3846.2
6885,3429,44,3,2260.37,6.86,6774.25,753.25
6886,3429,118,3,5356.59,4.32,16065.45,4308.45
6887,3430,102,2,6271.36,17.32,12525.4,3219.4
6888,3430,109,2,3992.5,6.08,7978.92,2368.92
6889,3430,61,2,2566.03,17.91,5114.15,1888.15
6890,3431,19,3,5980.37,17.92,17923.19,5587.19
6891,3432,124,3,4391.54,18.55,13156.07,2596.07
6892,3432,64,1,7118.68,15.88,7102.8,2231.8
6893,3433,76,1,2598.97,10.83,2588.14,806.14
6894,3433,16,2,1573.66,11.7,3135.62,645.62
6895,3433,12,1,4572.81,13.84,4558.97,1463.97
6896,3434,56,2,4864.07,0.72,9727.42,1859.42
6897,3434,150,1,6284.22,16.35,6267.87,1719.87
6898,3435,66,1,4903.31,13.27,4890.04,978.04
6899,3436,6,1,3476.76,14.58,3462.18,365.18
6900,3436,104,3,1652.43,13.34,4943.95,977.95
6901,3436,84,3,1792.84,3.11,5375.41,1748.41
6902,3437,113,4,5653.4,10.45,22603.15,3891.15
6903,3437,94,4,5544.85,16.83,22162.57,2302.57
6904,3438,37,2,1522.64,9.89,3035.39,839.39
6905,3438,23,2,2868.81,2.93,5734.69,1806.69
6906,3439,105,4,4856.31,6.24,19419.0,3503.0
6907,3439,48,2,3393.83,1.8,6785.86,1323.86
6908,3439,157,3,1186.69,3.49,3556.58,856.58
6909,3440,71,4,2797.48,1.51,11188.41,3632.41
6910,3441,6,2,3476.76,13.29,6940.23,746.23
6911,3441,128,4,2167.32,12.46,8656.82,2744.82
6912,3441,65,1,4404.24,5.8,4398.44,1353.44
6913,3442,183,2,3649.52,7.5,7291.54,2317.54
6914,3442,18,4,6294.01,6.76,25169.28,5317.28
6915,3443,188,4,5532.23,4.0,22124.92,7360.92
6916,3444,120,4,1361.78,4.35,5442.77,1814.77
6917,3444,184,4,2633.24,6.41,10526.55,2186.55
6918,3445,37,4,1522.64,17.65,6072.91,1680.91
6919,3445,92,3,1142.9,18.48,3410.22,338.22
6920,3445,100,1,4359.62,6.91,4352.71,865.71
6921,3446,146,4,6386.06,4.38,25539.86,8763.86
6922,3446,63,4,5551.59,15.06,22191.3,7155.3
6923,3446,136,1,3836.46,18.39,3818.07,349.07
6924,3447,178,3,244.03,12.75,719.34,254.34
6925,3447,146,2,6386.06,8.16,12763.96,4375.96
6926,3447,30,1,5234.76,9.2,5225.56,876.56
6927,3448,21,1,6119.99,18.59,6101.4,1220.4
6928,3448,198,3,2599.54,7.28,7791.34,2037.34
6929,3449,77,1,5661.33,11.25,5650.08,1370.08
6930,3449,194,4,7044.36,17.71,28159.73,8303.73
6931,3450,136,1,3836.46,1.28,3835.18,366.18
6932,3450,129,4,1819.36,16.68,7260.76,2276.76
6933,3450,3,1,7696.6,14.58,7682.02,2688.02
6934,3451,55,1,6404.04,7.12,6396.92,2250.92
6935,3451,166,3,1355.22,3.72,4061.94,506.94
6936,3451,96,1,2765.79,15.56,2750.23,731.23
6937,3452,107,1,5511.95,6.87,5505.08,2025.08
6938,3452,196,2,638.3,17.09,1259.51,335.51
6939,3453,189,1,4900.58,12.09,4888.49,698.49
6940,3454,115,1,2618.2,11.64,2606.56,950.56
6941,3454,34,2,5835.24,3.46,11667.02,2325.02
6942,3454,9,4,3616.76,15.63,14451.41,4887.41
6943,3455,94,2,5544.85,2.41,11087.29,1157.29
6944,3455,10,2,1249.33,17.21,2481.45,335.45
6945,3456,196,1,638.3,6.49,631.81,169.81
6946,3456,53,1,1531.38,8.86,1522.52,543.52
6947,3456,21,1,6119.99,12.92,6107.07,1226.07
6948,3457,54,1,6094.37,15.81,6078.56,2256.56
6949,3457,99,4,3956.07,17.43,15806.85,5518.85
6950,3458,138,4,5451.69,10.69,21796.07,7288.07
6951,3458,90,1,4881.97,13.65,4868.32,1294.32
6952,3458,76,3,2598.97,12.39,7784.52,2438.52
6953,3459,57,1,2097.22,2.97,2094.25,663.25
6954,3460,1,4,6087.96,3.86,24347.98,8967.98
6955,3460,61,3,2566.03,13.03,7685.06,2846.06
6956,3461,72,1,5828.14,8.99,5819.15,1415.15
6957,3461,66,4,4903.31,2.19,19611.05,3963.05
6958,3462,99,2,3956.07,12.6,7899.54,2755.54
6959,3462,105,1,4856.31,3.79,4852.52,873.52
6960,3462,86,2,1091.11,15.07,2167.15,653.15
6961,3463,3,4,7696.6,16.61,30769.79,10793.79
6962,3463,113,3,5653.4,14.59,16945.61,2911.61
6963,3463,133,3,1476.81,6.59,4423.84,412.84
6964,3464,34,2,5835.24,8.87,11661.61,2319.61
6965,3465,176,1,3397.33,2.59,3394.74,1233.74
6966,3465,14,4,488.44,15.15,1938.61,266.61
6967,3466,86,2,1091.11,8.97,2173.25,659.25
6968,3467,187,3,504.48,5.09,1508.35,548.35
6969,3467,32,1,5678.29,8.11,5670.18,1203.18
6970,3467,165,2,3471.22,1.31,6941.13,1691.13
6971,3468,50,1,5429.37,8.32,5421.05,1898.05
6972,3468,76,2,2598.97,16.69,5181.25,1617.25
6973,3468,5,3,1844.85,3.34,5531.21,1940.21
6974,3469,89,3,454.52,3.71,1359.85,501.85
6975,3469,62,3,2352.48,4.22,7053.22,657.22
6976,3469,117,2,2834.64,19.55,5649.73,1529.73
6977,3470,134,2,3568.12,3.32,7132.92,818.92
6978,3470,200,2,4099.17,6.73,8191.61,1863.61
6979,3471,115,4,2618.2,5.23,10467.57,3843.57
6980,3472,2,2,3361.74,4.6,6718.88,738.88
6981,3472,29,2,6088.79,18.56,12159.02,4233.02
6982,3472,87,4,3417.67,17.6,13653.08,1861.08
6983,3473,86,2,1091.11,3.25,2178.97,664.97
6984,3473,175,2,4435.81,19.58,8852.04,1754.04
6985,3473,9,3,3616.76,0.24,10850.04,3677.04
6986,3474,72,2,5828.14,19.31,11636.97,2828.97
6987,3474,49,2,5840.98,13.56,11668.4,2062.4
6988,3474,164,2,3449.26,11.06,6887.46,1499.46
6989,3475,92,1,1142.9,15.88,1127.02,103.02
6990,3476,170,4,250.43,4.8,996.92,192.92
6991,3476,97,4,6749.43,11.32,26986.4,10078.4
6992,3477,105,3,4856.31,10.16,14558.77,2621.77
6993,3478,158,1,6464.49,12.12,6452.37,1473.37
6994,3478,178,3,244.03,17.04,715.05,250.05
6995,3479,182,3,3177.71,5.88,9527.25,1508.25
6996,3480,64,2,7118.68,11.93,14225.43,4483.43
6997,3480,49,4,5840.98,17.07,23346.85,4134.85
6998,3481,139,2,1210.99,1.77,2420.21,642.21
6999,3482,169,4,6981.12,2.18,27922.3,7962.3
7000,3482,103,2,5536.18,4.88,11067.48,2275.48
7001,3482,132,1,198.54,12.06,186.48,34.48
7002,3483,188,1,5532.23,7.58,5524.65,1833.65
7003,3483,156,4,6188.4,9.13,24744.47,7936.47
7004,3484,67,1,3825.3,1.41,3823.89,1176.89
7005,3484,173,3,1527.03,17.68,4563.41,852.41
7006,3484,110,3,1172.22,12.86,3503.8,932.8
7007,3485,91,1,4930.64,19.54,4911.1,1038.1
7008,3485,109,4,3992.5,13.69,15956.31,4736.31
7009,3486,71,1,2797.48,9.16,2788.32,899.32
7010,3486,90,1,4881.97,4.01,4877.96,1303.96
7011,3486,94,4,5544.85,3.29,22176.11,2316.11
7012,3487,78,3,1600.82,8.44,4794.02,1254.02
7013,3488,178,2,244.03,3.1,484.96,174.96
7014,3488,55,1,6404.04,11.88,6392.16,2246.16
7015,3489,103,1,5536.18,6.84,5529.34,1133.34
7016,3489,105,3,4856.31,13.4,14555.53,2618.53
7017,3490,70,2,5087.1,4.6,10169.6,3157.6
7018,3491,25,3,1979.19,7.64,5929.93,1999.93
7019,3491,99,2,3956.07,10.18,7901.96,2757.96
7020,3492,43,1,2515.73,16.15,2499.58,439.58
7021,3492,58,4,315.69,19.11,1243.65,383.65
7022,3492,164,2,3449.26,12.26,6886.26,1498.26
7023,3493,22,1,4915.03,14.04,4900.99,913.99
7024,3494,108,4,1550.46,13.8,6188.04,1396.04
7025,3494,68,4,2309.06,10.48,9225.76,1589.76
7026,3494,135,4,4537.82,3.99,18147.29,1763.29
7027,3495,137,1,7130.26,19.51,7110.75,2622.75
7028,3496,65,1,4404.24,13.26,4390.98,1345.98
7029,3496,101,4,7616.13,18.84,30445.68,10661.68
7030,3497,184,4,2633.24,13.73,10519.23,2179.23
7031,3497,88,2,5157.4,14.4,10300.4,1436.4
7032,3497,119,3,2869.36,19.05,8589.03,1863.03
7033,3498,20,1,303.07,11.66,291.41,55.41
7034,3498,150,3,6284.22,14.36,18838.3,5194.3
7035,3499,163,3,2701.47,13.13,8091.28,1206.28
7036,3499,32,4,5678.29,5.77,22707.39,4839.39
7037,3499,80,2,4102.63,2.84,8202.42,1516.42
7038,3500,76,3,2598.97,1.64,7795.27,2449.27
7039,3501,135,3,4537.82,17.04,13596.42,1308.42
7040,3502,145,2,792.87,12.99,1572.75,454.75
7041,3502,30,1,5234.76,14.87,5219.89,870.89
7042,3502,175,3,4435.81,4.48,13302.95,2655.95
7043,3503,30,1,5234.76,0.59,5234.17,885.17
7044,3503,150,2,6284.22,5.1,12563.34,3467.34
7045,3503,195,1,3047.63,17.78,3029.85,896.85
7046,3504,161,3,2333.99,5.19,6996.78,2133.78
7047,3504,148,4,2839.22,18.02,11338.86,4014.86
7048,3504,59,1,1997.79,13.05,1984.74,302.74
7049,3505,3,4,7696.6,8.75,30777.65,10801.65
7050,3506,174,2,1465.47,14.75,2916.19,326.19
7051,3506,176,4,3397.33,11.98,13577.34,4933.34
7052,3507,72,1,5828.14,16.6,5811.54,1407.54
7053,3507,39,2,552.25,4.44,1100.06,212.06
7054,3508,72,4,5828.14,7.97,23304.59,5688.59
7055,3508,21,4,6119.99,5.65,24474.31,4950.31
7056,3508,133,3,1476.81,1.52,4428.91,417.91
7057,3509,61,3,2566.03,11.39,7686.7,2847.7
7058,3510,165,2,3471.22,15.14,6927.3,1677.3
7059,3510,101,2,7616.13,9.28,15222.98,5330.98
7060,3510,36,4,5135.84,5.41,20537.95,4417.95
7061,3511,98,1,3766.26,2.22,3764.04,1052.04
7062,3512,137,4,7130.26,1.16,28519.88,10567.88
7063,3512,27,4,336.73,3.23,1343.69,323.69
7064,3512,72,4,5828.14,14.66,23297.9,5681.9
7065,3513,127,1,6494.51,14.77,6479.74,2377.74
7066,3513,111,3,2962.45,8.24,8879.11,1982.11
7067,3513,147,3,1363.26,10.29,4079.49,1436.49
7068,3514,162,3,3776.05,8.1,11320.05,3763.05
7069,3514,112,4,650.07,10.06,2590.22,898.22
7070,3514,195,4,3047.63,9.09,12181.43,3649.43
7071,3515,155,3,4794.0,4.62,14377.38,4645.38
7072,3515,159,4,3489.26,15.32,13941.72,4585.72
7073,3515,157,2,1186.69,0.82,2372.56,572.56
7074,3516,157,2,1186.69,2.52,2370.86,570.86
7075,3517,139,4,1210.99,19.69,4824.27,1268.27
7076,3518,113,3,5653.4,19.69,16940.51,2906.51
7077,3518,190,2,3100.22,17.3,6183.14,1845.14
7078,3518,116,1,3021.59,13.49,3008.1,921.1
7079,3519,19,4,5980.37,6.44,23915.04,7467.04
7080,3519,6,4,3476.76,5.7,13901.34,1513.34
7081,3520,177,2,2260.51,0.79,4520.23,1118.23
7082,3521,78,3,1600.82,7.56,4794.9,1254.9
7083,3521,57,4,2097.22,14.98,8373.9,2649.9
7084,3522,181,1,3227.71,4.18,3223.53,662.53
7085,3523,36,2,5135.84,4.22,10267.46,2207.46
7086,3523,73,2,5457.97,1.94,10914.0,1472.0
7087,3523,153,2,3013.31,18.07,6008.55,906.55
7088,3524,115,2,2618.2,9.97,5226.43,1914.43
7089,3524,194,1,7044.36,3.49,7040.87,2076.87
7090,3524,198,4,2599.54,16.67,10381.49,2709.49
7091,3525,56,4,4864.07,12.6,19443.68,3707.68
7092,3525,89,1,454.52,1.62,452.9,166.9
7093,3525,151,2,2964.55,12.38,5916.72,564.72
7094,3526,60,2,5461.59,8.88,10914.3,2272.3
7095,3527,122,3,7212.86,14.27,21624.31,7500.31
7096,3527,83,1,4426.65,18.48,4408.17,441.17
7097,3528,76,1,2598.97,18.5,2580.47,798.47
7098,3528,58,2,315.69,10.77,620.61,190.61
7099,3528,106,4,1926.7,14.97,7691.83,2563.83
7100,3529,38,4,5028.62,11.22,20103.26,6775.26
7101,3529,141,1,3818.5,13.75,3804.75,453.75
7102,3529,56,2,4864.07,11.24,9716.9,1848.9
7103,3530,192,4,6331.66,14.94,25311.7,5835.7
7104,3530,51,4,5007.82,1.4,20029.88,6621.88
7105,3531,73,4,5457.97,13.46,21818.42,2934.42
7106,3532,94,4,5544.85,1.74,22177.66,2317.66
7107,3532,82,1,852.5,10.1,842.4,220.4
7108,3533,102,3,6271.36,13.23,18800.85,4841.85
7109,3534,48,2,3393.83,18.62,6769.04,1307.04
7110,3534,159,4,3489.26,14.87,13942.17,4586.17
7111,3534,88,2,5157.4,12.88,10301.92,1437.92
7112,3535,10,1,1249.33,18.37,1230.96,157.96
7113,3536,38,2,5028.62,13.08,10044.16,3380.16
7114,3537,128,3,2167.32,19.93,6482.03,2048.03
7115,3537,61,1,2566.03,1.81,2564.22,951.22
7116,3537,80,3,4102.63,2.47,12305.42,2276.42
7117,3538,53,3,1531.38,15.23,4578.91,1641.91
7118,3538,39,3,552.25,4.96,1651.79,319.79
7119,3538,69,3,1797.42,1.84,5390.42,1328.42
7120,3539,141,3,3818.5,9.51,11445.99,1392.99
7121,3539,40,2,5316.39,11.68,10621.1,3175.1
7122,3540,49,1,5840.98,1.11,5839.87,1036.87
7123,3540,113,1,5653.4,11.94,5641.46,963.46
7124,3540,75,2,4256.43,14.78,8498.08,2924.08
7125,3541,181,2,3227.71,18.57,6436.85,1314.85
7126,3541,80,1,4102.63,0.56,4102.07,759.07
7127,3541,40,3,5316.39,2.89,15946.28,4777.28
7128,3542,176,4,3397.33,4.07,13585.25,4941.25
7129,3542,97,2,6749.43,8.48,13490.38,5036.38
7130,3542,73,1,5457.97,18.92,5439.05,718.05
7131,3543,111,4,2962.45,1.75,11848.05,2652.05
7132,3543,110,4,1172.22,14.04,4674.84,1246.84
7133,3544,33,1,4863.47,6.03,4857.44,791.44
7134,3544,127,3,6494.51,15.86,19467.67,7161.67
7135,3545,15,1,5784.26,13.77,5770.49,1416.49
7136,3546,13,1,5553.96,10.54,5543.42,1273.42
7137,3547,152,2,1890.92,4.23,3777.61,1215.61
7138,3547,25,1,1979.19,9.58,1969.61,659.61
7139,3548,31,3,5674.17,17.75,17004.76,3792.76
7140,3548,130,1,7243.63,19.7,7223.93,2682.93
7141,3549,7,3,5629.83,5.49,16884.0,2778.0
7142,3549,96,1,2765.79,10.12,2755.67,736.67
7143,3550,190,3,3100.22,13.16,9287.5,2780.5
7144,3550,192,1,6331.66,18.29,6313.37,1444.37
7145,3550,13,3,5553.96,9.59,16652.29,3842.29
7146,3551,113,4,5653.4,6.63,22606.97,3894.97
7147,3551,58,2,315.69,3.31,628.07,198.07
7148,3551,66,3,4903.31,2.31,14707.62,2971.62
7149,3552,83,1,4426.65,17.23,4409.42,442.42
7150,3553,16,2,1573.66,9.61,3137.71,647.71
7151,3554,37,2,1522.64,16.51,3028.77,832.77
7152,3555,51,3,5007.82,16.09,15007.37,4951.37
7153,3556,45,4,4565.43,6.2,18255.52,2379.52
7154,3556,95,4,3093.45,17.95,12355.85,3939.85
7155,3557,52,2,448.48,10.15,886.81,74.81
7156,3557,10,3,1249.33,1.91,3746.08,527.08
7157,3557,58,3,315.69,16.78,930.29,285.29
7158,3558,78,1,1600.82,14.3,1586.52,406.52
7159,3558,129,2,1819.36,16.81,3621.91,1129.91
7160,3558,171,3,7270.84,9.05,21803.47,7754.47
7161,3559,161,3,2333.99,14.47,6987.5,2124.5
7162,3559,60,1,5461.59,5.44,5456.15,1135.15
7163,3560,171,3,7270.84,10.95,21801.57,7752.57
7164,3561,93,3,278.24,4.72,830.0,146.0
7165,3562,33,2,4863.47,7.21,9719.73,1587.73
7166,3562,170,1,250.43,14.67,235.76,34.76
7167,3563,71,1,2797.48,19.3,2778.18,889.18
7168,3563,197,3,4180.68,15.47,12526.57,1648.57
7169,3563,51,2,5007.82,4.27,10011.37,3307.37
7170,3564,53,4,1531.38,14.82,6110.7,2194.7
7171,3564,87,4,3417.67,15.51,13655.17,1863.17
7172,3564,169,1,6981.12,17.11,6964.01,1974.01
7173,3565,164,1,3449.26,7.48,3441.78,747.78
7174,3566,194,4,7044.36,19.07,28158.37,8302.37
7175,3566,148,2,2839.22,9.0,5669.44,2007.44
7176,3567,48,3,3393.83,7.92,10173.57,1980.57
7177,3568,175,3,4435.81,17.57,13289.86,2642.86
7178,3569,112,1,650.07,12.59,637.48,214.48
7179,3569,187,3,504.48,0.81,1512.63,552.63
7180,3570,58,3,315.69,0.36,946.71,301.71
7181,3570,114,1,4077.29,16.03,4061.26,1478.26
7182,3570,162,1,3776.05,2.0,3774.05,1255.05
7183,3571,188,2,5532.23,15.51,11048.95,3666.95
7184,3571,113,2,5653.4,6.18,11300.62,1944.62
7185,3571,145,4,792.87,4.06,3167.42,931.42
7186,3572,57,2,2097.22,17.0,4177.44,1315.44
7187,3572,83,2,4426.65,2.03,8851.27,917.27
7188,3573,140,4,5410.03,2.0,21638.12,3990.12
7189,3574,41,3,2657.03,19.98,7951.11,2686.11
7190,3574,165,1,3471.22,0.66,3470.56,845.56
7191,3574,51,4,5007.82,16.78,20014.5,6606.5
7192,3575,22,2,4915.03,6.87,9823.19,1849.19
7193,3575,48,2,3393.83,11.21,6776.45,1314.45
7194,3575,69,1,1797.42,19.52,1777.9,423.9
7195,3576,96,4,2765.79,19.65,11043.51,2967.51
7196,3576,67,2,3825.3,18.31,7632.29,2338.29
7197,3577,144,1,4410.54,14.15,4396.39,976.39
7198,3577,112,3,650.07,3.62,1946.59,677.59
7199,3577,150,2,6284.22,17.43,12551.01,3455.01
7200,3578,19,4,5980.37,14.44,23907.04,7459.04
7201,3578,182,3,3177.71,17.51,9515.62,1496.62
7202,3579,152,2,1890.92,9.7,3772.14,1210.14
7203,3579,157,2,1186.69,12.35,2361.03,561.03
7204,3579,39,1,552.25,6.92,545.33,101.33
7205,3580,190,4,3100.22,0.11,12400.77,3724.77
7206,3580,91,2,4930.64,14.74,9846.54,2100.54
7207,3581,57,3,2097.22,12.47,6279.19,1986.19
7208,3581,93,2,278.24,13.81,542.67,86.67
7209,3582,75,2,4256.43,4.78,8508.08,2934.08
7210,3582,53,1,1531.38,19.49,1511.89,532.89
7211,3583,37,1,1522.64,4.55,1518.09,420.09
7212,3584,28,1,5032.36,4.44,5027.92,1545.92
7213,3584,30,3,5234.76,0.25,15704.03,2657.03
7214,3584,147,4,1363.26,10.75,5442.29,1918.29
7215,3585,107,2,5511.95,5.05,11018.85,4058.85
7216,3586,74,2,2434.43,18.78,4850.08,1338.08
7217,3586,78,3,1600.82,18.63,4783.83,1243.83
7218,3586,123,3,3078.2,17.85,9216.75,2508.75
7219,3587,38,2,5028.62,11.09,10046.15,3382.15
7220,3587,137,1,7130.26,18.48,7111.78,2623.78
7221,3587,118,1,5356.59,11.62,5344.97,1425.97
7222,3588,138,1,5451.69,9.81,5441.88,1814.88
7223,3588,37,4,1522.64,2.44,6088.12,1696.12
7224,3588,90,3,4881.97,5.88,14640.03,3918.03
7225,3589,134,4,3568.12,4.29,14268.19,1640.19
7226,3589,183,4,3649.52,3.54,14594.54,4646.54
7227,3590,52,2,448.48,15.29,881.67,69.67
7228,3591,16,3,1573.66,12.19,4708.79,973.79
7229,3591,36,4,5135.84,19.34,20524.02,4404.02
7230,3592,98,3,3766.26,6.86,11291.92,3155.92
7231,3593,68,3,2309.06,11.19,6915.99,1188.99
7232,3594,185,2,3574.96,2.41,7147.51,967.51
7233,3595,91,3,4930.64,14.42,14777.5,3158.5
7234,3595,84,1,1792.84,5.06,1787.78,578.78
7235,3595,134,2,3568.12,9.47,7126.77,812.77
7236,3596,149,1,2606.01,11.73,2594.28,274.28
7237,3596,72,4,5828.14,19.85,23292.71,5676.71
7238,3597,199,1,7009.81,14.44,6995.37,2140.37
7239,3597,37,3,1522.64,15.19,4552.73,1258.73
7240,3597,19,3,5980.37,19.39,17921.72,5585.72
7241,3598,90,3,4881.97,8.76,14637.15,3915.15
7242,3599,121,1,2267.36,3.38,2263.98,499.98
7243,3600,89,4,454.52,3.82,1814.26,670.26
7244,3600,31,3,5674.17,2.29,17020.22,3808.22
7245,3601,119,4,2869.36,13.28,11464.16,2496.16
7246,3601,15,4,5784.26,18.3,23118.74,5702.74
7247,3602,193,2,5092.0,12.38,10171.62,1065.62
7248,3603,35,3,2598.33,14.05,7780.94,2386.94
7249,3603,28,1,5032.36,10.25,5022.11,1540.11
7250,3604,197,4,4180.68,5.56,16717.16,2213.16
7251,3605,96,4,2765.79,6.98,11056.18,2980.18
7252,3605,167,2,6421.3,19.92,12822.68,3498.68
7253,3606,49,2,5840.98,9.5,11672.46,2066.46
7254,3606,60,4,5461.59,5.77,21840.59,4556.59
7255,3607,194,2,7044.36,9.91,14078.81,4150.81
7256,3607,75,4,4256.43,4.88,17020.84,5872.84
7257,3608,15,3,5784.26,10.61,17342.17,4280.17
7258,3608,66,2,4903.31,15.43,9791.19,1967.19
7259,3608,101,2,7616.13,2.98,15229.28,5337.28
7260,3609,104,3,1652.43,13.76,4943.53,977.53
7261,3610,73,4,5457.97,5.28,21826.6,2942.6
7262,3610,52,4,448.48,7.87,1786.05,162.05
7263,3611,26,4,7539.95,0.32,30159.48,10999.48
7264,3612,43,4,2515.73,16.09,10046.83,1806.83
7265,3613,55,2,6404.04,5.33,12802.75,4510.75
7266,3613,177,4,2260.51,5.59,9036.45,2232.45
7267,3613,154,2,4728.41,7.28,9449.54,2875.54
7268,3614,100,2,4359.62,16.01,8703.23,1729.23
7269,3614,75,2,4256.43,14.1,8498.76,2924.76
7270,3615,117,1,2834.64,19.1,2815.54,755.54
7271,3615,165,2,3471.22,18.6,6923.84,1673.84
7272,3616,23,2,2868.81,8.62,5729.0,1801.0
7273,3617,100,4,4359.62,4.38,17434.1,3486.1
7274,3617,31,4,5674.17,12.98,22683.7,5067.7
7275,3618,151,3,2964.55,16.23,8877.42,849.42
7276,3618,125,4,2559.2,14.74,10222.06,2286.06
7277,3619,88,2,5157.4,17.84,10296.96,1432.96
7278,3619,114,4,4077.29,11.78,16297.38,5965.38
7279,3620,26,4,7539.95,2.75,30157.05,10997.05
7280,3620,70,2,5087.1,11.51,10162.69,3150.69
7281,3620,13,4,5553.96,4.42,22211.42,5131.42
7282,3621,151,2,2964.55,4.16,5924.94,572.94
7283,3621,198,1,2599.54,9.48,2590.06,672.06
7284,3622,171,3,7270.84,17.28,21795.24,7746.24
7285,3623,20,1,303.07,10.07,293.0,57.0
7286,3624,190,4,3100.22,2.84,12398.04,3722.04
7287,3625,135,4,4537.82,8.76,18142.52,1758.52
7288,3625,173,1,1527.03,18.57,1508.46,271.46
7289,3625,176,4,3397.33,4.24,13585.08,4941.08
7290,3626,134,3,3568.12,16.11,10688.25,1217.25
7291,3626,159,3,3489.26,8.97,10458.81,3441.81
7292,3627,194,2,7044.36,11.71,14077.01,4149.01
7293,3627,103,1,5536.18,7.76,5528.42,1132.42
7294,3628,188,1,5532.23,10.89,5521.34,1830.34
7295,3629,146,4,6386.06,10.79,25533.45,8757.45
7296,3630,166,4,1355.22,14.65,5406.23,666.23
7297,3631,60,4,5461.59,7.71,21838.65,4554.65
7298,3631,33,4,4863.47,4.77,19449.11,3185.11
7299,3632,93,3,278.24,0.22,834.5,150.5
7300,3632,144,3,4410.54,2.28,13229.34,2969.34
7301,3633,60,1,5461.59,1.95,5459.64,1138.64
7302,3633,39,2,552.25,0.09,1104.41,216.41
7303,3633,165,4,3471.22,11.94,13872.94,3372.94
7304,3634,165,4,3471.22,2.47,13882.41,3382.41
7305,3634,96,4,2765.79,14.12,11049.04,2973.04
7306,3635,11,2,4727.45,11.05,9443.85,3129.85
7307,3635,144,1,4410.54,2.9,4407.64,987.64
7308,3636,174,3,1465.47,5.88,4390.53,505.53
7309,3637,179,4,4824.55,6.52,19291.68,6443.68
7310,3638,144,4,4410.54,7.96,17634.2,3954.2
7311,3638,104,3,1652.43,19.47,4937.82,971.82
7312,3639,56,2,4864.07,3.94,9724.2,1856.2
7313,3639,51,3,5007.82,0.51,15022.95,4966.95
7314,3640,48,4,3393.83,17.8,13557.52,2633.52
7315,3641,197,3,4180.68,11.52,12530.52,1652.52
7316,3641,114,3,4077.29,3.35,12228.52,4479.52
7317,3642,146,3,6386.06,19.02,19139.16,6557.16
7318,3642,175,4,4435.81,0.52,17742.72,3546.72
7319,3643,77,4,5661.33,3.09,22642.23,5522.23
7320,3643,35,4,2598.33,5.36,10387.96,3195.96
7321,3644,84,2,1792.84,11.74,3573.94,1155.94
7322,3644,184,3,2633.24,18.04,7881.68,1626.68
7323,3644,155,1,4794.0,14.03,4779.97,1535.97
7324,3645,126,2,6579.87,17.59,13142.15,3922.15
7325,3646,8,1,907.81,18.35,889.46,187.46
7326,3647,103,4,5536.18,18.83,22125.89,4541.89
7327,3647,46,2,7321.91,0.27,14643.55,5427.55
7328,3648,177,4,2260.51,6.16,9035.88,2231.88
7329,3649,43,2,2515.73,4.96,5026.5,906.5
7330,3649,37,1,1522.64,12.05,1510.59,412.59
7331,3649,67,3,3825.3,13.09,11462.81,3521.81
7332,3650,161,1,2333.99,2.96,2331.03,710.03
7333,3650,6,2,3476.76,7.22,6946.3,752.3
7334,3650,166,1,1355.22,11.54,1343.68,158.68
7335,3651,146,4,6386.06,6.67,25537.57,8761.57
7336,3652,178,3,244.03,1.95,730.14,265.14
7337,3652,82,4,852.5,14.33,3395.67,907.67
7338,3653,78,3,1600.82,0.52,4801.94,1261.94
7339,3653,46,4,7321.91,2.95,29284.69,10852.69
7340,3654,95,4,3093.45,3.05,12370.75,3954.75
7341,3654,170,2,250.43,14.23,486.63,84.63
7342,3655,51,1,5007.82,8.11,4999.71,1647.71
7343,3655,46,3,7321.91,18.82,21946.91,8122.91
7344,3655,75,4,4256.43,0.78,17024.94,5876.94
7345,3656,107,1,5511.95,11.04,5500.91,2020.91
7346,3657,19,1,5980.37,5.16,5975.21,1863.21
7347,3657,127,1,6494.51,13.14,6481.37,2379.37
7348,3658,65,4,4404.24,10.81,17606.15,5426.15
7349,3658,99,4,3956.07,10.29,15813.99,5525.99
7350,3659,49,1,5840.98,2.84,5838.14,1035.14
7351,3660,159,1,3489.26,6.73,3482.53,1143.53
7352,3660,139,4,1210.99,6.66,4837.3,1281.3
7353,3661,178,3,244.03,4.25,727.84,262.84
7354,3661,47,4,5349.54,12.83,21385.33,5401.33
7355,3661,146,4,6386.06,14.64,25529.6,8753.6
7356,3662,60,1,5461.59,17.34,5444.25,1123.25
7357,3663,66,2,4903.31,3.3,9803.32,1979.32
7358,3664,107,3,5511.95,12.71,16523.14,6083.14
7359,3664,3,3,7696.6,15.31,23074.49,8092.49
7360,3664,37,1,1522.64,0.67,1521.97,423.97
7361,3665,142,4,5775.74,7.29,23095.67,4183.67
7362,3665,179,2,4824.55,18.77,9630.33,3206.33
7363,3665,125,1,2559.2,12.31,2546.89,562.89
7364,3666,24,1,2037.73,17.98,2019.75,523.75
7365,3667,102,4,6271.36,6.3,25079.14,6467.14
7366,3667,57,2,2097.22,14.04,4180.4,1318.4
7367,3668,65,1,4404.24,6.67,4397.57,1352.57
7368,3668,117,2,2834.64,17.29,5651.99,1531.99
7369,3668,58,2,315.69,2.32,629.06,199.06
7370,3669,40,3,5316.39,19.62,15929.55,4760.55
7371,3669,180,4,3738.11,19.81,14932.63,3564.63
7372,3669,13,2,5553.96,6.55,11101.37,2561.37
7373,3670,10,1,1249.33,15.38,1233.95,160.95
7374,3670,134,3,3568.12,2.48,10701.88,1230.88
7375,3670,126,2,6579.87,5.42,13154.32,3934.32
7376,3671,85,3,4281.36,2.34,12841.74,3142.74
7377,3671,47,4,5349.54,3.88,21394.28,5410.28
7378,3672,27,3,336.73,18.57,991.62,226.62
7379,3672,142,2,5775.74,2.63,11548.85,2092.85
7380,3672,12,2,4572.81,2.89,9142.73,2952.73
7381,3673,119,1,2869.36,5.06,2864.3,622.3
7382,3674,11,2,4727.45,12.97,9441.93,3127.93
7383,3674,5,4,1844.85,3.29,7376.11,2588.11
7384,3674,9,4,3616.76,2.79,14464.25,4900.25
7385,3675,86,1,1091.11,2.76,1088.35,331.35
7386,3675,30,4,5234.76,13.48,20925.56,3529.56
7387,3676,188,3,5532.23,6.66,16590.03,5517.03
7388,3676,160,2,2514.92,2.39,5027.45,1091.45
7389,3676,11,2,4727.45,9.46,9445.44,3131.44
7390,3677,184,3,2633.24,10.7,7889.02,1634.02
7391,3677,108,3,1550.46,14.38,4637.0,1043.0
7392,3677,191,1,933.8,2.67,931.13,226.13
7393,3678,156,3,6188.4,18.6,18546.6,5940.6
7394,3678,41,1,2657.03,2.11,2654.92,899.92
7395,3679,195,3,3047.63,4.24,9138.65,2739.65
7396,3679,29,3,6088.79,7.65,18258.72,6369.72
7397,3679,184,3,2633.24,12.27,7887.45,1632.45
7398,3680,69,1,1797.42,2.27,1795.15,441.15
7399,3681,156,2,6188.4,12.64,12364.16,3960.16
7400,3682,18,1,6294.01,5.4,6288.61,1325.61
7401,3682,142,3,5775.74,12.53,17314.69,3130.69
7402,3682,159,4,3489.26,6.39,13950.65,4594.65
7403,3683,91,1,4930.64,16.12,4914.52,1041.52
7404,3683,67,3,3825.3,12.01,11463.89,3522.89
7405,3684,199,1,7009.81,7.74,7002.07,2147.07
7406,3684,62,4,2352.48,10.3,9399.62,871.62
7407,3684,156,3,6188.4,12.43,18552.77,5946.77
7408,3685,197,3,4180.68,16.9,12525.14,1647.14
7409,3685,38,4,5028.62,11.6,20102.88,6774.88
7410,3686,163,3,2701.47,11.92,8092.49,1207.49
7411,3686,174,2,1465.47,2.11,2928.83,338.83
7412,3686,147,1,1363.26,3.75,1359.51,478.51
7413,3687,120,4,1361.78,3.88,5443.24,1815.24
7414,3687,129,1,1819.36,6.59,1812.77,566.77
7415,3688,57,2,2097.22,4.06,4190.38,1328.38
7416,3688,120,4,1361.78,1.21,5445.91,1817.91
7417,3688,127,2,6494.51,7.07,12981.95,4777.95
7418,3689,181,2,3227.71,18.73,6436.69,1314.69
7419,3690,162,1,3776.05,15.75,3760.3,1241.3
7420,3690,57,2,2097.22,2.8,4191.64,1329.64
7421,3690,194,3,7044.36,15.41,21117.67,6225.67
7422,3691,5,3,1844.85,15.16,5519.39,1928.39
7423,3691,125,3,2559.2,3.55,7674.05,1722.05
7424,3691,172,1,5175.17,1.77,5173.4,805.4
7425,3692,78,3,1600.82,6.2,4796.26,1256.26
7426,3692,193,3,5092.0,0.31,15275.69,1616.69
7427,3693,179,1,4824.55,0.37,4824.18,1612.18
7428,3693,100,1,4359.62,17.6,4342.02,855.02
7429,3694,124,4,4391.54,13.57,17552.59,3472.59
7430,3695,60,1,5461.59,18.81,5442.78,1121.78
7431,3695,86,1,1091.11,14.11,1077.0,320.0
7432,3696,3,4,7696.6,3.81,30782.59,10806.59
7433,3696,15,3,5784.26,0.79,17351.99,4289.99
7434,3697,77,1,5661.33,5.68,5655.65,1375.65
7435,3697,27,2,336.73,1.51,671.95,161.95
7436,3697,109,2,3992.5,18.0,7967.0,2357.0
7437,3698,103,1,5536.18,5.48,5530.7,1134.7
7438,3699,22,2,4915.03,12.0,9818.06,1844.06
7439,3700,41,4,2657.03,10.72,10617.4,3597.4
7440,3701,113,3,5653.4,7.67,16952.53,2918.53
7441,3701,157,2,1186.69,7.66,2365.72,565.72
7442,3702,9,3,3616.76,10.46,10839.82,3666.82
7443,3703,91,2,4930.64,1.71,9859.57,2113.57
7444,3703,149,1,2606.01,13.76,2592.25,272.25
7445,3703,9,1,3616.76,15.12,3601.64,1210.64
7446,3704,121,1,2267.36,15.68,2251.68,487.68
7447,3704,122,2,7212.86,17.8,14407.92,4991.92
7448,3704,100,4,4359.62,10.76,17427.72,3479.72
7449,3705,177,4,2260.51,5.6,9036.44,2232.44
7450,3705,8,2,907.81,4.76,1810.86,406.86
7451,3706,51,4,5007.82,16.69,20014.59,6606.59
7452,3706,161,3,2333.99,19.49,6982.48,2119.48
7453,3706,174,4,1465.47,4.26,5857.62,677.62
7454,3707,41,3,2657.03,17.3,7953.79,2688.79
7455,3707,184,2,2633.24,12.09,5254.39,1084.39
7456,3708,60,2,5461.59,6.12,10917.06,2275.06
7457,3709,19,4,5980.37,13.7,23907.78,7459.78
7458,3709,104,1,1652.43,7.15,1645.28,323.28
7459,3710,115,3,2618.2,18.46,7836.14,2868.14
7460,3711,185,4,3574.96,12.35,14287.49,1927.49
7461,3711,43,4,2515.73,1.67,10061.25,1821.25
7462,3712,189,1,4900.58,3.99,4896.59,706.59
7463,3712,161,1,2333.99,3.12,2330.87,709.87
7464,3713,48,3,3393.83,17.29,10164.2,1971.2
7465,3714,114,3,4077.29,9.51,12222.36,4473.36
7466,3714,188,3,5532.23,1.17,16595.52,5522.52
7467,3714,28,3,5032.36,2.93,15094.15,4648.15
7468,3715,97,2,6749.43,8.45,13490.41,5036.41
7469,3715,15,3,5784.26,8.08,17344.7,4282.7
7470,3716,7,4,5629.83,3.2,22516.12,3708.12
7471,3716,101,4,7616.13,19.44,30445.08,10661.08
7472,3716,92,2,1142.9,1.44,2284.36,236.36
7473,3717,124,2,4391.54,9.24,8773.84,1733.84
7474,3717,98,2,3766.26,9.86,7522.66,2098.66
7475,3717,48,3,3393.83,15.44,10166.05,1973.05
7476,3718,44,4,2260.37,10.2,9031.28,1003.28
7477,3718,19,2,5980.37,16.93,11943.81,3719.81
7478,3719,106,1,1926.7,2.67,1924.03,642.03
7479,3719,38,4,5028.62,19.5,20094.98,6766.98
7480,3719,183,4,3649.52,8.97,14589.11,4641.11
7481,3720,169,1,6981.12,11.66,6969.46,1979.46
7482,3720,10,4,1249.33,14.14,4983.18,691.18
7483,3721,89,4,454.52,19.27,1798.81,654.81
7484,3721,76,1,2598.97,11.18,2587.79,805.79
7485,3722,37,3,1522.64,15.82,4552.1,1258.1
7486,3723,69,1,1797.42,0.6,1796.82,442.82
7487,3723,71,4,2797.48,1.48,11188.44,3632.44
7488,3723,89,4,454.52,12.31,1805.77,661.77
7489,3724,138,4,5451.69,17.85,21788.91,7280.91
7490,3724,47,1,5349.54,6.73,5342.81,1346.81
7491,3724,33,1,4863.47,14.58,4848.89,782.89
7492,3725,119,4,2869.36,0.16,11477.28,2509.28
7493,3725,149,4,2606.01,19.98,10404.06,1124.06
7494,3726,39,2,552.25,3.86,1100.64,212.64
7495,3726,8,4,907.81,7.42,3623.82,815.82
7496,3726,144,1,4410.54,4.17,4406.37,986.37
7497,3727,85,4,4281.36,13.79,17111.65,4179.65
7498,3727,84,3,1792.84,17.25,5361.27,1734.27
7499,3727,18,2,6294.01,11.77,12576.25,2650.25
7500,3728,140,4,5410.03,4.38,21635.74,3987.74
7501,3728,155,3,4794.0,2.76,14379.24,4647.24
7502,3729,87,1,3417.67,1.14,3416.53,468.53
7503,3730,192,1,6331.66,14.65,6317.01,1448.01
7504,3731,4,3,4963.98,11.12,14880.82,1392.82
7505,3731,81,2,5497.32,12.83,10981.81,1307.81
7506,3732,168,1,360.61,6.74,353.87,38.87
7507,3732,131,2,572.86,3.26,1142.46,388.46
7508,3732,126,1,6579.87,3.37,6576.5,1966.5
7509,3733,192,4,6331.66,8.05,25318.59,5842.59
7510,3733,12,2,4572.81,16.36,9129.26,2939.26
7511,3733,180,2,3738.11,10.49,7465.73,1781.73
7512,3734,158,4,6464.49,18.24,25839.72,5923.72
7513,3734,169,1,6981.12,16.53,6964.59,1974.59
7514,3735,196,3,638.3,19.82,1895.08,509.08
7515,3736,179,2,4824.55,19.32,9629.78,3205.78
7516,3736,190,1,3100.22,6.32,3093.9,924.9
7517,3736,57,4,2097.22,7.77,8381.11,2657.11
7518,3737,73,2,5457.97,5.65,10910.29,1468.29
7519,3737,59,1,1997.79,4.66,1993.13,311.13
7520,3738,120,3,1361.78,16.25,4069.09,1348.09
7521,3738,112,1,650.07,2.18,647.89,224.89
7522,3739,103,1,5536.18,17.88,5518.3,1122.3
7523,3739,153,4,3013.31,6.15,12047.09,1843.09
7524,3740,131,4,572.86,16.99,2274.45,766.45
7525,3740,196,1,638.3,9.42,628.88,166.88
7526,3741,160,4,2514.92,17.06,10042.62,2170.62
7527,3741,73,4,5457.97,4.55,21827.33,2943.33
7528,3741,139,1,1210.99,2.99,1208.0,319.0
7529,3742,183,2,3649.52,18.9,7280.14,2306.14
7530,3742,52,1,448.48,2.24,446.24,40.24
7531,3742,158,4,6464.49,12.5,25845.46,5929.46
7532,3743,102,3,6271.36,15.9,18798.18,4839.18
7533,3743,28,4,5032.36,5.84,20123.6,6195.6
7534,3744,81,3,5497.32,3.91,16488.05,1977.05
7535,3744,144,3,4410.54,16.54,13215.08,2955.08
7536,3745,143,1,1084.42,13.36,1071.06,311.06
7537,3745,71,1,2797.48,16.51,2780.97,891.97
7538,3745,148,3,2839.22,19.97,8497.69,3004.69
7539,3746,117,2,2834.64,11.06,5658.22,1538.22
7540,3746,163,4,2701.47,14.34,10791.54,1611.54
7541,3746,153,4,3013.31,12.86,12040.38,1836.38
7542,3747,109,1,3992.5,3.76,3988.74,1183.74
7543,3747,161,2,2333.99,17.13,4650.85,1408.85
7544,3748,56,1,4864.07,7.89,4856.18,922.18
7545,3748,159,3,3489.26,15.57,10452.21,3435.21
7546,3749,116,4,3021.59,10.47,12075.89,3727.89
7547,3749,99,3,3956.07,11.67,11856.54,4140.54
7548,3749,128,1,2167.32,10.66,2156.66,678.66
7549,3750,124,3,4391.54,19.41,13155.21,2595.21
7550,3750,149,4,2606.01,2.15,10421.89,1141.89
7551,3750,164,4,3449.26,15.44,13781.6,3005.6
7552,3751,23,4,2868.81,6.32,11468.92,3612.92
7553,3752,72,1,5828.14,8.25,5819.89,1415.89
7554,3752,9,1,3616.76,17.73,3599.03,1208.03
7555,3753,111,4,2962.45,12.41,11837.39,2641.39
7556,3754,42,4,2717.08,15.76,10852.56,1552.56
7557,3754,62,2,2352.48,3.5,4701.46,437.46
7558,3755,54,4,6094.37,3.99,24373.49,9085.49
7559,3755,133,2,1476.81,6.09,2947.53,273.53
7560,3756,19,2,5980.37,17.75,11942.99,3718.99
7561,3756,122,4,7212.86,3.16,28848.28,10016.28
7562,3756,95,4,3093.45,11.7,12362.1,3946.1
7563,3757,183,4,3649.52,16.12,14581.96,4633.96
7564,3757,41,2,2657.03,19.04,5295.02,1785.02
7565,3757,192,3,6331.66,13.72,18981.26,4374.26
7566,3758,71,4,2797.48,0.55,11189.37,3633.37
7567,3758,90,1,4881.97,0.02,4881.95,1307.95
7568,3759,101,3,7616.13,18.27,22830.12,7992.12
7569,3759,52,1,448.48,0.63,447.85,41.85
7570,3759,121,4,2267.36,10.68,9058.76,2002.76
7571,3760,47,2,5349.54,3.03,10696.05,2704.05
7572,3760,190,1,3100.22,0.37,3099.85,930.85
7573,3760,89,4,454.52,12.93,1805.15,661.15
7574,3761,77,3,5661.33,2.71,16981.28,4141.28
7575,3762,169,1,6981.12,4.22,6976.9,1986.9
7576,3762,37,1,1522.64,14.35,1508.29,410.29
7577,3762,141,4,3818.5,16.96,15257.04,1853.04
7578,3763,8,3,907.81,16.69,2706.74,600.74
7579,3763,135,4,4537.82,12.84,18138.44,1754.44
7580,3764,184,1,2633.24,15.99,2617.25,532.25
7581,3764,37,1,1522.64,1.61,1521.03,423.03
7582,3764,28,2,5032.36,4.7,10060.02,3096.02
7583,3765,88,2,5157.4,19.6,10295.2,1431.2
7584,3765,94,1,5544.85,14.95,5529.9,564.9
7585,3765,185,1,3574.96,8.13,3566.83,476.83
7586,3766,176,1,3397.33,16.63,3380.7,1219.7
7587,3766,105,2,4856.31,3.34,9709.28,1751.28
7588,3766,10,4,1249.33,17.27,4980.05,688.05
7589,3767,26,2,7539.95,17.16,15062.74,5482.74
7590,3768,7,4,5629.83,16.61,22502.71,3694.71
7591,3768,67,4,3825.3,11.01,15290.19,4702.19
7592,3769,141,1,3818.5,13.9,3804.6,453.6
7593,3769,194,2,7044.36,5.2,14083.52,4155.52
7594,3769,4,4,4963.98,11.33,19844.59,1860.59
7595,3770,80,3,4102.63,5.7,12302.19,2273.19
7596,3771,95,4,3093.45,8.58,12365.22,3949.22
7597,3771,154,4,4728.41,3.72,18909.92,5761.92
7598,3772,150,2,6284.22,12.41,12556.03,3460.03
7599,3773,151,4,2964.55,16.2,11842.0,1138.0
7600,3773,196,2,638.3,2.69,1273.91,349.91
7601,3773,87,1,3417.67,19.47,3398.2,450.2
7602,3774,172,4,5175.17,13.57,20687.11,3215.11
7603,3774,85,1,4281.36,14.59,4266.77,1033.77
7604,3775,138,2,5451.69,18.6,10884.78,3630.78
7605,3775,5,3,1844.85,6.83,5527.72,1936.72
7606,3775,102,4,6271.36,16.75,25068.69,6456.69
7607,3776,154,2,4728.41,0.2,9456.62,2882.62
7608,3777,23,3,2868.81,11.71,8594.72,2702.72
7609,3778,123,2,3078.2,2.22,6154.18,1682.18
7610,3779,101,3,7616.13,17.38,22831.01,7993.01
7611,3779,48,2,3393.83,5.49,6782.17,1320.17
7612,3780,86,1,1091.11,13.99,1077.12,320.12
7613,3780,133,3,1476.81,2.5,4427.93,416.93
7614,3781,146,3,6386.06,16.1,19142.08,6560.08
7615,3781,155,2,4794.0,3.19,9584.81,3096.81
7616,3781,46,3,7321.91,5.1,21960.63,8136.63
7617,3782,184,4,2633.24,8.64,10524.32,2184.32
7618,3783,89,2,454.52,13.87,895.17,323.17
7619,3784,126,4,6579.87,14.02,26305.46,7865.46
7620,3784,139,4,1210.99,1.32,4842.64,1286.64
7621,3784,144,2,4410.54,6.97,8814.11,1974.11
7622,3785,151,1,2964.55,5.89,2958.66,282.66
7623,3785,20,1,303.07,14.17,288.9,52.9
7624,3785,90,4,4881.97,14.72,19513.16,5217.16
7625,3786,132,2,198.54,1.11,395.97,91.97
7626,3787,106,1,1926.7,16.16,1910.54,628.54
7627,3787,132,1,198.54,10.53,188.01,36.01
7628,3787,52,3,448.48,4.48,1340.96,122.96
7629,3788,114,2,4077.29,2.99,8151.59,2985.59
7630,3788,16,3,1573.66,9.29,4711.69,976.69
7631,3789,94,3,5544.85,11.61,16622.94,1727.94
7632,3789,7,4,5629.83,14.55,22504.77,3696.77
7633,3790,168,2,360.61,12.03,709.19,79.19
7634,3790,182,4,3177.71,14.92,12695.92,2003.92
7635,3791,138,1,5451.69,17.93,5433.76,1806.76
7636,3791,18,4,6294.01,2.87,25173.17,5321.17
7637,3791,59,4,1997.79,1.02,7990.14,1262.14
7638,3792,19,4,5980.37,9.78,23911.7,7463.7
7639,3792,177,4,2260.51,3.62,9038.42,2234.42
7640,3792,39,2,552.25,14.61,1089.89,201.89
7641,3793,107,2,5511.95,1.95,11021.95,4061.95
7642,3794,141,2,3818.5,16.69,7620.31,918.31
7643,3795,23,3,2868.81,14.19,8592.24,2700.24
7644,3795,148,2,2839.22,10.72,5667.72,2005.72
7645,3795,66,1,4903.31,15.64,4887.67,975.67
7646,3796,24,1,2037.73,14.14,2023.59,527.59
7647,3797,59,1,1997.79,9.64,1988.15,306.15
7648,3798,151,4,2964.55,2.85,11855.35,1151.35
7649,3799,46,4,7321.91,18.6,29269.04,10837.04
7650,3799,192,1,6331.66,6.05,6325.61,1456.61
7651,3800,121,4,2267.36,10.09,9059.35,2003.35
7652,3800,151,1,2964.55,0.28,2964.27,288.27
7653,3800,173,4,1527.03,12.33,6095.79,1147.79
7654,3801,118,4,5356.59,14.74,21411.62,5735.62
7655,3801,119,3,2869.36,2.98,8605.1,1879.1
7656,3801,197,1,4180.68,3.76,4176.92,550.92
7657,3802,18,2,6294.01,2.45,12585.57,2659.57
7658,3802,161,3,2333.99,5.01,6996.96,2133.96
7659,3803,179,1,4824.55,15.9,4808.65,1596.65
7660,3803,72,2,5828.14,13.42,11642.86,2834.86
7661,3804,11,2,4727.45,7.46,9447.44,3133.44
7662,3804,130,3,7243.63,15.86,21715.03,8092.03
7663,3805,135,2,4537.82,12.67,9062.97,870.97
7664,3806,1,4,6087.96,5.47,24346.37,8966.37
7665,3807,87,4,3417.67,5.75,13664.93,1872.93
7666,3808,3,4,7696.6,13.61,30772.79,10796.79
7667,3808,87,3,3417.67,9.99,10243.02,1399.02
7668,3808,128,3,2167.32,4.72,6497.24,2063.24
7669,3809,31,4,5674.17,15.88,22680.8,5064.8
7670,3809,95,2,3093.45,2.59,6184.31,1976.31
7671,3809,21,1,6119.99,0.23,6119.76,1238.76
7672,3810,110,2,1172.22,2.28,2342.16,628.16
7673,3811,123,3,3078.2,15.62,9218.98,2510.98
7674,3811,149,2,2606.01,1.8,5210.22,570.22
7675,3811,23,3,2868.81,13.56,8592.87,2700.87
7676,3812,158,1,6464.49,14.27,6450.22,1471.22
7677,3812,13,3,5553.96,18.08,16643.8,3833.8
7678,3813,177,4,2260.51,5.77,9036.27,2232.27
7679,3813,47,2,5349.54,14.99,10684.09,2692.09
7680,3813,109,1,3992.5,17.0,3975.5,1170.5
7681,3814,30,4,5234.76,13.06,20925.98,3529.98
7682,3815,42,3,2717.08,3.23,8148.01,1173.01
7683,3815,119,1,2869.36,11.99,2857.37,615.37
7684,3816,167,3,6421.3,16.5,19247.4,5261.4
7685,3816,51,1,5007.82,15.41,4992.41,1640.41
7686,3816,50,3,5429.37,10.67,16277.44,5708.44
7687,3817,42,3,2717.08,19.27,8131.97,1156.97
7688,3818,186,3,7914.83,18.31,23726.18,8873.18
7689,3818,30,2,5234.76,3.82,10465.7,1767.7
7690,3818,184,4,2633.24,14.86,10518.1,2178.1
7691,3819,51,2,5007.82,4.89,10010.75,3306.75
7692,3819,146,2,6386.06,7.01,12765.11,4377.11
7693,3820,128,2,2167.32,13.14,4321.5,1365.5
7694,3820,122,4,7212.86,15.93,28835.51,10003.51
7695,3820,79,2,789.02,18.48,1559.56,415.56
7696,3821,129,3,1819.36,2.83,5455.25,1717.25
7697,3822,97,4,6749.43,6.33,26991.39,10083.39
7698,3822,91,3,4930.64,14.68,14777.24,3158.24
7699,3822,42,3,2717.08,0.37,8150.87,1175.87
7700,3823,125,4,2559.2,18.71,10218.09,2282.09
7701,3823,190,3,3100.22,13.87,9286.79,2779.79
7702,3824,1,4,6087.96,7.86,24343.98,8963.98
7703,3824,152,3,1890.92,2.99,5669.77,1826.77
7704,3825,49,4,5840.98,11.64,23352.28,4140.28
7705,3825,161,1,2333.99,1.47,2332.52,711.52
7706,3825,139,4,1210.99,3.5,4840.46,1284.46
7707,3826,140,2,5410.03,14.58,10805.48,1981.48
7708,3826,10,1,1249.33,16.21,1233.12,160.12
7709,3826,161,3,2333.99,8.95,6993.02,2130.02
7710,3827,52,4,448.48,13.34,1780.58,156.58
7711,3827,13,1,5553.96,10.9,5543.06,1273.06
7712,3827,149,1,2606.01,17.69,2588.32,268.32
7713,3828,194,4,7044.36,13.54,28163.9,8307.9
7714,3828,177,4,2260.51,11.85,9030.19,2226.19
7715,3828,9,3,3616.76,14.9,10835.38,3662.38
7716,3829,12,3,4572.81,12.88,13705.55,4420.55
7717,3829,62,3,2352.48,0.72,7056.72,660.72
7718,3830,136,3,3836.46,11.74,11497.64,1090.64
7719,3830,17,4,1855.26,4.47,7416.57,1692.57
7720,3830,135,3,4537.82,7.09,13606.37,1318.37
7721,3831,59,4,1997.79,8.15,7983.01,1255.01
7722,3832,2,2,3361.74,4.46,6719.02,739.02
7723,3832,187,1,504.48,9.96,494.52,174.52
7724,3832,35,1,2598.33,2.36,2595.97,797.97
7725,3833,147,1,1363.26,4.96,1358.3,477.3
7726,3833,83,1,4426.65,0.41,4426.24,459.24
7727,3833,157,1,1186.69,7.03,1179.66,279.66
7728,3834,68,4,2309.06,19.97,9216.27,1580.27
7729,3835,171,1,7270.84,14.16,7256.68,2573.68
7730,3835,63,2,5551.59,0.7,11102.48,3584.48
7731,3836,190,4,3100.22,8.08,12392.8,3716.8
7732,3836,87,3,3417.67,3.95,10249.06,1405.06
7733,3836,99,3,3956.07,6.5,11861.71,4145.71
7734,3837,67,4,3825.3,16.79,15284.41,4696.41
7735,3837,123,2,3078.2,4.97,6151.43,1679.43
7736,3838,58,1,315.69,5.45,310.24,95.24
7737,3839,104,2,1652.43,4.71,3300.15,656.15
7738,3839,46,3,7321.91,4.95,21960.78,8136.78
7739,3839,12,1,4572.81,18.18,4554.63,1459.63
7740,3840,23,3,2868.81,0.24,8606.19,2714.19
7741,3840,23,2,2868.81,11.75,5725.87,1797.87
7742,3840,125,1,2559.2,10.71,2548.49,564.49
7743,3841,26,3,7539.95,7.73,22612.12,8242.12
7744,3841,107,2,5511.95,9.01,11014.89,4054.89
7745,3842,67,2,3825.3,12.8,7637.8,2343.8
7746,3842,196,4,638.3,14.08,2539.12,691.12
7747,3842,61,3,2566.03,19.21,7678.88,2839.88
7748,3843,190,3,3100.22,8.56,9292.1,2785.1
7749,3843,40,3,5316.39,9.16,15940.01,4771.01
7750,3844,10,1,1249.33,12.23,1237.1,164.1
7751,3844,199,1,7009.81,11.51,6998.3,2143.3
7752,3845,166,2,1355.22,7.61,2702.83,332.83
7753,3846,143,1,1084.42,7.38,1077.04,317.04
7754,3846,140,3,5410.03,12.44,16217.65,2981.65
7755,3847,15,3,5784.26,19.07,17333.71,4271.71
7756,3848,86,4,1091.11,0.16,4364.28,1336.28
7757,3848,145,3,792.87,5.42,2373.19,696.19
7758,3849,97,4,6749.43,19.15,26978.57,10070.57
7759,3849,110,1,1172.22,3.21,1169.01,312.01
7760,3850,21,3,6119.99,2.67,18357.3,3714.3
7761,3851,7,1,5629.83,7.15,5622.68,920.68
7762,3851,43,3,2515.73,3.41,7543.78,1363.78
7763,3852,28,4,5032.36,2.73,20126.71,6198.71
7764,3852,152,3,1890.92,4.45,5668.31,1825.31
7765,3852,7,2,5629.83,5.94,11253.72,1849.72
7766,3853,173,3,1527.03,9.26,4571.83,860.83
7767,3854,55,3,6404.04,2.21,19209.91,6771.91
7768,3854,115,2,2618.2,4.16,5232.24,1920.24
7769,3855,58,3,315.69,9.86,937.21,292.21
7770,3855,100,1,4359.62,10.02,4349.6,862.6
7771,3856,128,3,2167.32,4.18,6497.78,2063.78
7772,3856,175,3,4435.81,18.15,13289.28,2642.28
7773,3856,137,3,7130.26,17.37,21373.41,7909.41
7774,3857,163,3,2701.47,2.4,8102.01,1217.01
7775,3857,75,2,4256.43,8.42,8504.44,2930.44
7776,3858,141,4,3818.5,2.54,15271.46,1867.46
7777,3859,139,3,1210.99,11.17,3621.8,954.8
7778,3860,110,3,1172.22,13.01,3503.65,932.65
7779,3861,77,2,5661.33,7.26,11315.4,2755.4
7780,3861,177,1,2260.51,11.36,2249.15,548.15
7781,3862,50,2,5429.37,15.62,10843.12,3797.12
7782,3862,125,1,2559.2,2.02,2557.18,573.18
7783,3862,5,1,1844.85,17.36,1827.49,630.49
7784,3863,134,3,3568.12,6.65,10697.71,1226.71
7785,3863,161,3,2333.99,17.94,6984.03,2121.03
7786,3864,155,4,4794.0,6.88,19169.12,6193.12
7787,3865,122,4,7212.86,14.51,28836.93,10004.93
7788,3865,156,3,6188.4,18.94,18546.26,5940.26
7789,3866,81,1,5497.32,7.11,5490.21,653.21
7790,3867,71,3,2797.48,19.98,8372.46,2705.46
7791,3868,93,3,278.24,12.69,822.03,138.03
7792,3868,32,3,5678.29,3.55,17031.32,3630.32
7793,3869,6,2,3476.76,12.59,6940.93,746.93
7794,3869,63,4,5551.59,10.88,22195.48,7159.48
7795,3870,27,1,336.73,0.58,336.15,81.15
7796,3871,134,1,3568.12,12.56,3555.56,398.56
7797,3871,200,3,4099.17,7.78,12289.73,2797.73
7798,3871,49,3,5840.98,12.69,17510.25,3101.25
7799,3872,109,4,3992.5,17.34,15952.66,4732.66
7800,3872,51,3,5007.82,12.07,15011.39,4955.39
7801,3872,14,3,488.44,14.85,1450.47,196.47
7802,3873,185,1,3574.96,5.22,3569.74,479.74
7803,3874,50,4,5429.37,19.99,21697.49,7605.49
7804,3874,50,1,5429.37,12.01,5417.36,1894.36
7805,3875,19,2,5980.37,13.72,11947.02,3723.02
7806,3876,32,1,5678.29,13.64,5664.65,1197.65
7807,3876,56,4,4864.07,9.43,19446.85,3710.85
7808,3876,141,1,3818.5,17.76,3800.74,449.74
7809,3877,128,1,2167.32,17.18,2150.14,672.14
7810,3877,142,4,5775.74,18.34,23084.62,4172.62
7811,3877,107,4,5511.95,18.83,22028.97,8108.97
7812,3878,77,2,5661.33,16.46,11306.2,2746.2
7813,3878,111,3,2962.45,0.65,8886.7,1989.7
7814,3878,58,1,315.69,13.28,302.41,87.41
7815,3879,156,1,6188.4,2.16,6186.24,1984.24
7816,3879,14,3,488.44,6.1,1459.22,205.22
7817,3880,72,4,5828.14,19.26,23293.3,5677.3
7818,3881,68,4,2309.06,13.13,9223.11,1587.11
7819,3881,73,2,5457.97,11.85,10904.09,1462.09
7820,3881,125,2,2559.2,19.59,5098.81,1130.81
7821,3882,24,3,2037.73,15.41,6097.78,1609.78
7822,3883,134,3,3568.12,11.42,10692.94,1221.94
7823,3883,5,1,1844.85,4.09,1840.76,643.76
7824,3884,42,1,2717.08,2.23,2714.85,389.85
7825,3885,98,4,3766.26,1.21,15063.83,4215.83
7826,3886,130,3,7243.63,6.47,21724.42,8101.42
7827,3887,13,3,5553.96,1.9,16659.98,3849.98
7828,3887,181,4,3227.71,16.97,12893.87,2649.87
7829,3888,78,2,1600.82,7.72,3193.92,833.92
7830,3889,79,2,789.02,8.24,1569.8,425.8
7831,3889,181,1,3227.71,16.54,3211.17,650.17
7832,3890,23,1,2868.81,0.32,2868.49,904.49
7833,3890,162,2,3776.05,12.88,7539.22,2501.22
7834,3890,71,1,2797.48,4.06,2793.42,904.42
7835,3891,123,3,3078.2,16.9,9217.7,2509.7
7836,3891,152,3,1890.92,18.88,5653.88,1810.88
7837,3891,96,2,2765.79,9.83,5521.75,1483.75
7838,3892,114,4,4077.29,15.08,16294.08,5962.08
7839,3893,93,2,278.24,8.84,547.64,91.64
7840,3894,89,4,454.52,4.48,1813.6,669.6
7841,3894,51,3,5007.82,3.83,15019.63,4963.63
7842,3895,156,1,6188.4,12.35,6176.05,1974.05
7843,3895,193,1,5092.0,18.48,5073.52,520.52
7844,3895,46,1,7321.91,18.27,7303.64,2695.64
7845,3896,116,4,3021.59,7.51,12078.85,3730.85
7846,3897,35,3,2598.33,13.4,7781.59,2387.59
7847,3897,195,4,3047.63,10.88,12179.64,3647.64
7848,3898,25,2,1979.19,14.64,3943.74,1323.74
7849,3899,45,1,4565.43,9.68,4555.75,586.75
7850,3899,125,3,2559.2,15.39,7662.21,1710.21
7851,3900,20,3,303.07,1.1,908.11,200.11
7852,3901,122,1,7212.86,4.05,7208.81,2500.81
7853,3901,112,1,650.07,12.61,637.46,214.46
7854,3902,195,1,3047.63,12.66,3034.97,901.97
7855,3902,61,2,2566.03,9.03,5123.03,1897.03
7856,3903,79,3,789.02,12.91,2354.15,638.15
7857,3904,152,4,1890.92,4.79,7558.89,2434.89
7858,3905,12,4,4572.81,0.93,18290.31,5910.31
7859,3906,42,3,2717.08,16.82,8134.42,1159.42
7860,3906,140,3,5410.03,14.99,16215.1,2979.1
7861,3906,75,4,4256.43,12.54,17013.18,5865.18
7862,3907,79,4,789.02,17.58,3138.5,850.5
7863,3907,76,4,2598.97,5.22,10390.66,3262.66
7864,3908,87,1,3417.67,4.99,3412.68,464.68
7865,3908,19,3,5980.37,2.54,17938.57,5602.57
7866,3909,161,1,2333.99,7.02,2326.97,705.97
7867,3910,139,1,1210.99,3.28,1207.71,318.71
7868,3910,187,4,504.48,7.68,2010.24,730.24
7869,3911,45,2,4565.43,2.96,9127.9,1189.9
7870,3911,26,1,7539.95,4.93,7535.02,2745.02
7871,3911,182,2,3177.71,3.45,6351.97,1005.97
7872,3912,175,3,4435.81,7.23,13300.2,2653.2
7873,3912,21,4,6119.99,8.04,24471.92,4947.92
7874,3912,15,1,5784.26,19.88,5764.38,1410.38
7875,3913,72,4,5828.14,1.08,23311.48,5695.48
7876,3914,131,1,572.86,5.85,567.01,190.01
7877,3915,113,3,5653.4,8.76,16951.44,2917.44
7878,3916,175,3,4435.81,19.83,13287.6,2640.6
7879,3916,167,1,6421.3,19.98,6401.32,1739.32
7880,3917,194,2,7044.36,0.1,14088.62,4160.62
7881,3918,68,4,2309.06,7.84,9228.4,1592.4
7882,3918,24,3,2037.73,14.73,6098.46,1610.46
7883,3918,101,3,7616.13,6.72,22841.67,8003.67
7884,3919,113,2,5653.4,15.66,11291.14,1935.14
7885,3920,20,2,303.07,8.68,597.46,125.46
7886,3921,24,3,2037.73,18.77,6094.42,1606.42
7887,3921,41,2,2657.03,16.31,5297.75,1787.75
7888,3922,73,3,5457.97,4.01,16369.9,2206.9
7889,3922,104,3,1652.43,1.63,4955.66,989.66
7890,3922,75,1,4256.43,10.94,4245.49,1458.49
7891,3923,69,1,1797.42,0.56,1796.86,442.86
7892,3923,58,1,315.69,13.29,302.4,87.4
7893,3924,5,4,1844.85,15.22,7364.18,2576.18
7894,3925,179,1,4824.55,17.21,4807.34,1595.34
7895,3926,139,4,1210.99,6.58,4837.38,1281.38
7896,3926,21,2,6119.99,2.01,12237.97,2475.97
7897,3926,128,1,2167.32,19.53,2147.79,669.79
7898,3927,118,1,5356.59,6.67,5349.92,1430.92
7899,3927,178,1,244.03,8.45,235.58,80.58
7900,3927,109,3,3992.5,8.67,11968.83,3553.83
7901,3928,135,4,4537.82,8.61,18142.67,1758.67
7902,3928,140,3,5410.03,2.36,16227.73,2991.73
7903,3928,46,1,7321.91,4.03,7317.88,2709.88
7904,3929,38,3,5028.62,9.36,15076.5,5080.5
7905,3929,16,1,1573.66,17.4,1556.26,311.26
7906,3930,180,1,3738.11,13.33,3724.78,882.78
7907,3930,103,3,5536.18,1.79,16606.75,3418.75
7908,3931,24,1,2037.73,7.61,2030.12,534.12
7909,3931,126,4,6579.87,3.99,26315.49,7875.49
7910,3931,15,3,5784.26,2.33,17350.45,4288.45
7911,3932,106,4,1926.7,7.49,7699.31,2571.31
7912,3932,179,4,4824.55,11.43,19286.77,6438.77
7913,3933,50,1,5429.37,19.75,5409.62,1886.62
7914,3934,74,2,2434.43,13.73,4855.13,1343.13
7915,3934,157,4,1186.69,11.76,4735.0,1135.0
7916,3934,25,2,1979.19,16.26,3942.12,1322.12
7917,3935,91,4,4930.64,0.44,19722.12,4230.12
7918,3935,141,3,3818.5,6.95,11448.55,1395.55
7919,3935,44,3,2260.37,17.69,6763.42,742.42
7920,3936,57,4,2097.22,16.17,8372.71,2648.71
7921,3937,49,1,5840.98,4.06,5836.92,1033.92
7922,3937,76,4,2598.97,7.85,10388.03,3260.03
7923,3937,71,1,2797.48,11.48,2786.0,897.0
7924,3938,189,4,4900.58,2.88,19599.44,2839.44
7925,3939,39,3,552.25,15.61,1641.14,309.14
7926,3940,92,2,1142.9,8.84,2276.96,228.96
7927,3940,2,3,3361.74,3.99,10081.23,1111.23
7928,3940,34,4,5835.24,16.04,23324.92,4640.92
7929,3941,111,4,2962.45,9.26,11840.54,2644.54
7930,3942,166,1,1355.22,7.28,1347.94,162.94
7931,3942,55,1,6404.04,4.81,6399.23,2253.23
7932,3942,62,4,2352.48,15.51,9394.41,866.41
7933,3943,16,2,1573.66,0.08,3147.24,657.24
7934,3943,36,3,5135.84,10.33,15397.19,3307.19
7935,3943,14,3,488.44,18.86,1446.46,192.46
7936,3944,39,3,552.25,2.71,1654.04,322.04
7937,3944,196,1,638.3,18.2,620.1,158.1
7938,3945,55,4,6404.04,13.88,25602.28,9018.28
7939,3945,8,1,907.81,5.39,902.42,200.42
7940,3946,1,2,6087.96,13.86,12162.06,4472.06
7941,3947,143,2,1084.42,19.78,2149.06,629.06
7942,3947,145,4,792.87,0.05,3171.43,935.43
7943,3947,113,4,5653.4,0.78,22612.82,3900.82
7944,3948,44,3,2260.37,13.72,6767.39,746.39
7945,3948,73,2,5457.97,1.75,10914.19,1472.19
7946,3948,33,2,4863.47,16.23,9710.71,1578.71
7947,3949,104,4,1652.43,13.06,6596.66,1308.66
7948,3950,10,2,1249.33,19.98,2478.68,332.68
7949,3951,188,3,5532.23,2.94,16593.75,5520.75
7950,3951,151,2,2964.55,2.16,5926.94,574.94
7951,3951,32,1,5678.29,4.74,5673.55,1206.55
7952,3952,117,1,2834.64,6.04,2828.6,768.6
7953,3953,165,2,3471.22,17.63,6924.81,1674.81
7954,3953,192,3,6331.66,6.91,18988.07,4381.07
7955,3953,141,2,3818.5,18.49,7618.51,916.51
7956,3954,154,4,4728.41,10.37,18903.27,5755.27
7957,3954,25,4,1979.19,5.6,7911.16,2671.16
7958,3954,180,3,3738.11,8.33,11206.0,2680.0
7959,3955,40,2,5316.39,3.8,10628.98,3182.98
7960,3955,103,3,5536.18,3.3,16605.24,3417.24
7961,3955,78,4,1600.82,5.57,6397.71,1677.71
7962,3956,189,4,4900.58,5.85,19596.47,2836.47
7963,3956,140,3,5410.03,18.29,16211.8,2975.8
7964,3956,105,4,4856.31,15.87,19409.37,3493.37
7965,3957,89,1,454.52,1.67,452.85,166.85
7966,3957,10,1,1249.33,3.14,1246.19,173.19
7967,3958,30,1,5234.76,2.02,5232.74,883.74
7968,3958,117,4,2834.64,3.57,11334.99,3094.99
7969,3958,150,4,6284.22,12.21,25124.67,6932.67
7970,3959,105,2,4856.31,1.85,9710.77,1752.77
7971,3960,47,1,5349.54,3.13,5346.41,1350.41
7972,3960,18,3,6294.01,1.36,18880.67,3991.67
7973,3961,34,3,5835.24,5.14,17500.58,3487.58
7974,3961,92,3,1142.9,0.08,3428.62,356.62
7975,3961,112,4,650.07,5.71,2594.57,902.57
7976,3962,191,1,933.8,14.16,919.64,214.64
7977,3962,197,3,4180.68,15.83,12526.21,1648.21
7978,3963,126,2,6579.87,1.37,13158.37,3938.37
7979,3964,126,1,6579.87,8.68,6571.19,1961.19
7980,3964,69,4,1797.42,2.84,7186.84,1770.84
7981,3964,73,3,5457.97,14.63,16359.28,2196.28
7982,3965,160,1,2514.92,13.34,2501.58,533.58
7983,3965,52,3,448.48,13.97,1331.47,113.47
7984,3965,19,3,5980.37,2.89,17938.22,5602.22
7985,3966,7,4,5629.83,13.12,22506.2,3698.2
7986,3966,60,4,5461.59,13.27,21833.09,4549.09
7987,3967,34,1,5835.24,9.89,5825.35,1154.35
7988,3967,57,3,2097.22,3.46,6288.2,1995.2
7989,3967,192,2,6331.66,14.54,12648.78,2910.78
7990,3968,15,4,5784.26,13.35,23123.69,5707.69
7991,3968,172,2,5175.17,2.56,10347.78,1611.78
7992,3969,114,1,4077.29,8.42,4068.87,1485.87
7993,3969,13,1,5553.96,5.6,5548.36,1278.36
7994,3969,181,3,3227.71,16.45,9666.68,1983.68
7995,3970,57,3,2097.22,15.73,6275.93,1982.93
7996,3970,183,3,3649.52,8.58,10939.98,3478.98
7997,3971,56,4,4864.07,1.59,19454.69,3718.69
7998,3971,24,2,2037.73,14.64,4060.82,1068.82
7999,3972,62,3,2352.48,18.68,7038.76,642.76
8000,3973,149,4,2606.01,12.39,10411.65,1131.65
8001,3973,81,4,5497.32,9.21,21980.07,2632.07
8002,3973,97,4,6749.43,9.92,26987.8,10079.8
8003,3974,66,1,4903.31,4.39,4898.92,986.92
8004,3974,27,4,336.73,18.34,1328.58,308.58
8005,3975,72,1,5828.14,4.25,5823.89,1419.89
8006,3975,37,2,1522.64,2.21,3043.07,847.07
8007,3975,66,3,4903.31,3.99,14705.94,2969.94
8008,3976,73,3,5457.97,13.82,16360.09,2197.09
8009,3976,79,4,789.02,1.9,3154.18,866.18
8010,3976,147,2,1363.26,6.31,2720.21,958.21
8011,3977,86,1,1091.11,15.29,1075.82,318.82
8012,3978,109,3,3992.5,1.51,11975.99,3560.99
8013,3979,15,3,5784.26,11.91,17340.87,4278.87
8014,3979,59,4,1997.79,8.25,7982.91,1254.91
8015,3979,118,1,5356.59,0.73,5355.86,1436.86
8016,3980,56,3,4864.07,1.82,14590.39,2788.39
8017,3980,128,3,2167.32,0.72,6501.24,2067.24
8018,3980,85,1,4281.36,13.16,4268.2,1035.2
8019,3981,70,3,5087.1,2.25,15259.05,4741.05
8020,3981,71,1,2797.48,2.52,2794.96,905.96
8021,3982,45,2,4565.43,13.77,9117.09,1179.09
8022,3982,174,3,1465.47,11.71,4384.7,499.7
8023,3983,26,2,7539.95,15.84,15064.06,5484.06
8024,3984,93,3,278.24,18.21,816.51,132.51
8025,3985,190,3,3100.22,11.41,9289.25,2782.25
8026,3985,69,1,1797.42,12.15,1785.27,431.27
8027,3985,111,4,2962.45,6.76,11843.04,2647.04
8028,3986,98,1,3766.26,2.36,3763.9,1051.9
8029,3987,121,1,2267.36,4.09,2263.27,499.27
8030,3987,172,2,5175.17,3.02,10347.32,1611.32
8031,3987,138,2,5451.69,7.94,10895.44,3641.44
8032,3988,179,1,4824.55,9.39,4815.16,1603.16
8033,3988,19,4,5980.37,6.76,23914.72,7466.72
8034,3989,31,1,5674.17,1.99,5672.18,1268.18
8035,3989,76,4,2598.97,11.06,10384.82,3256.82
8036,3989,98,1,3766.26,2.36,3763.9,1051.9
8037,3990,45,1,4565.43,7.5,4557.93,588.93
8038,3991,90,1,4881.97,17.3,4864.67,1290.67
8039,3991,161,4,2333.99,18.54,9317.42,2833.42
8040,3992,171,1,7270.84,3.04,7267.8,2584.8
8041,3993,185,2,3574.96,6.21,7143.71,963.71
8042,3994,98,4,3766.26,13.94,15051.1,4203.1
8043,3994,155,1,4794.0,19.2,4774.8,1530.8
8044,3994,97,2,6749.43,1.57,13497.29,5043.29
8045,3995,67,1,3825.3,15.26,3810.04,1163.04
8046,3995,75,4,4256.43,14.56,17011.16,5863.16
8047,3996,88,3,5157.4,11.92,15460.28,2164.28
8048,3997,96,2,2765.79,12.38,5519.2,1481.2
8049,3997,16,1,1573.66,9.59,1564.07,319.07
8050,3998,176,2,3397.33,7.39,6787.27,2465.27
8051,3999,63,4,5551.59,18.17,22188.19,7152.19
8052,3999,114,3,4077.29,2.22,12229.65,4480.65
8053,3999,1,4,6087.96,13.26,24338.58,8958.58
8054,4000,37,3,1522.64,19.17,4548.75,1254.75
8055,4000,189,2,4900.58,10.13,9791.03,1411.03
8056,4000,97,1,6749.43,2.82,6746.61,2519.61
8057,4001,88,4,5157.4,12.2,20617.4,2889.4
8058,4001,2,4,3361.74,16.24,13430.72,1470.72
8059,4001,189,1,4900.58,9.62,4890.96,700.96
8060,4002,175,3,4435.81,7.73,13299.7,2652.7
8061,4002,100,4,4359.62,8.08,17430.4,3482.4
8062,4003,194,4,7044.36,14.97,28162.47,8306.47
8063,4004,64,2,7118.68,10.9,14226.46,4484.46
8064,4004,79,4,789.02,0.46,3155.62,867.62
8065,4005,22,3,4915.03,3.94,14741.15,2780.15
8066,4006,191,2,933.8,17.91,1849.69,439.69
8067,4006,67,2,3825.3,17.98,7632.62,2338.62
8068,4006,132,2,198.54,18.22,378.86,74.86
8069,4007,31,3,5674.17,17.69,17004.82,3792.82
8070,4007,160,4,2514.92,0.27,10059.41,2187.41
8071,4007,143,4,1084.42,5.63,4332.05,1292.05
8072,4008,99,3,3956.07,10.86,11857.35,4141.35
8073,4009,128,2,2167.32,12.36,4322.28,1366.28
8074,4009,40,3,5316.39,17.3,15931.87,4762.87
8075,4010,60,3,5461.59,15.49,16369.28,3406.28
8076,4011,80,2,4102.63,15.15,8190.11,1504.11
8077,4011,58,4,315.69,0.53,1262.23,402.23
8078,4011,109,2,3992.5,10.86,7974.14,2364.14
8079,4012,29,2,6088.79,11.71,12165.87,4239.87
8080,4012,179,4,4824.55,5.57,19292.63,6444.63
8081,4012,93,4,278.24,14.33,1098.63,186.63
8082,4013,50,1,5429.37,12.98,5416.39,1893.39
8083,4014,106,4,1926.7,7.21,7699.59,2571.59
8084,4014,153,3,3013.31,18.52,9021.41,1368.41
8085,4014,162,2,3776.05,12.12,7539.98,2501.98
8086,4015,73,2,5457.97,9.21,10906.73,1464.73
8087,4015,188,3,5532.23,12.09,16584.6,5511.6
8088,4016,160,3,2514.92,2.21,7542.55,1638.55
8089,4017,77,3,5661.33,13.58,16970.41,4130.41
8090,4017,149,1,2606.01,2.39,2603.62,283.62
8091,4018,80,1,4102.63,14.68,4087.95,744.95
8092,4018,66,4,4903.31,15.59,19597.65,3949.65
8093,4019,51,1,5007.82,13.68,4994.14,1642.14
8094,4020,121,2,2267.36,7.06,4527.66,999.66
8095,4021,175,3,4435.81,13.75,13293.68,2646.68
8096,4022,114,1,4077.29,12.78,4064.51,1481.51
8097,4023,68,3,2309.06,6.52,6920.66,1193.66
8098,4024,139,3,1210.99,2.32,3630.65,963.65
8099,4025,123,3,3078.2,15.04,9219.56,2511.56
8100,4025,79,4,789.02,18.59,3137.49,849.49
8101,4025,193,2,5092.0,7.83,10176.17,1070.17
8102,4026,56,4,4864.07,0.47,19455.81,3719.81
8103,4026,182,2,3177.71,3.86,6351.56,1005.56
8104,4026,32,2,5678.29,7.26,11349.32,2415.32
8105,4027,48,1,3393.83,14.65,3379.18,648.18
8106,4027,57,3,2097.22,10.29,6281.37,1988.37
8107,4027,198,4,2599.54,19.73,10378.43,2706.43
8108,4028,22,4,4915.03,12.68,19647.44,3699.44
8109,4028,96,2,2765.79,5.29,5526.29,1488.29
8110,4029,145,4,792.87,3.48,3168.0,932.0
8111,4029,93,1,278.24,15.8,262.44,34.44
8112,4029,171,3,7270.84,15.51,21797.01,7748.01
8113,4030,154,2,4728.41,12.23,9444.59,2870.59
8114,4031,47,3,5349.54,12.61,16036.01,4048.01
8115,4032,91,3,4930.64,18.27,14773.65,3154.65
8116,4032,35,2,2598.33,16.83,5179.83,1583.83
8117,4033,129,4,1819.36,18.67,7258.77,2274.77
8118,4033,148,1,2839.22,3.72,2835.5,1004.5
8119,4033,177,4,2260.51,8.96,9033.08,2229.08
8120,4034,174,2,1465.47,9.12,2921.82,331.82
8121,4034,110,2,1172.22,2.92,2341.52,627.52
8122,4035,20,4,303.07,1.71,1210.57,266.57
8123,4035,189,3,4900.58,19.33,14682.41,2112.41
8124,4035,123,4,3078.2,3.78,12309.02,3365.02
8125,4036,167,1,6421.3,7.86,6413.44,1751.44
8126,4036,19,3,5980.37,13.81,17927.3,5591.3
8127,4037,70,4,5087.1,4.1,20344.3,6320.3
8128,4037,126,1,6579.87,4.74,6575.13,1965.13
8129,4038,101,2,7616.13,19.12,15213.14,5321.14
8130,4038,171,1,7270.84,2.55,7268.29,2585.29
8131,4039,30,4,5234.76,6.67,20932.37,3536.37
8132,4039,6,3,3476.76,4.53,10425.75,1134.75
8133,4040,161,4,2333.99,6.64,9329.32,2845.32
8134,4040,48,4,3393.83,7.81,13567.51,2643.51
8135,4040,41,4,2657.03,5.45,10622.67,3602.67
8136,4041,63,3,5551.59,1.8,16652.97,5375.97
8137,4042,143,2,1084.42,16.08,2152.76,632.76
8138,4042,61,3,2566.03,1.77,7696.32,2857.32
8139,4042,151,3,2964.55,13.43,8880.22,852.22
8140,4043,67,3,3825.3,0.3,11475.6,3534.6
8141,4043,6,4,3476.76,0.99,13906.05,1518.05
8142,4044,67,1,3825.3,16.04,3809.26,1162.26
8143,4044,169,1,6981.12,12.8,6968.32,1978.32
8144,4044,59,3,1997.79,19.36,5974.01,928.01
8145,4045,85,3,4281.36,3.65,12840.43,3141.43
8146,4045,162,1,3776.05,15.82,3760.23,1241.23
8147,4046,174,2,1465.47,1.08,2929.86,339.86
8148,4046,17,1,1855.26,4.58,1850.68,419.68
8149,4046,132,2,198.54,11.89,385.19,81.19
8150,4047,197,4,4180.68,12.75,16709.97,2205.97
8151,4048,32,3,5678.29,16.08,17018.79,3617.79
8152,4048,194,2,7044.36,5.26,14083.46,4155.46
8153,4048,15,4,5784.26,0.58,23136.46,5720.46
8154,4049,20,2,303.07,9.76,596.38,124.38
8155,4049,99,4,3956.07,16.16,15808.12,5520.12
8156,4050,16,4,1573.66,15.25,6279.39,1299.39
8157,4050,88,1,5157.4,14.23,5143.17,711.17
8158,4050,91,1,4930.64,1.76,4928.88,1055.88
8159,4051,187,3,504.48,0.44,1513.0,553.0
8160,4051,25,3,1979.19,14.5,5923.07,1993.07
8161,4051,159,1,3489.26,5.47,3483.79,1144.79
8162,4052,194,2,7044.36,6.43,14082.29,4154.29
8163,4052,49,2,5840.98,17.28,11664.68,2058.68
8164,4052,90,3,4881.97,3.13,14642.78,3920.78
8165,4053,21,1,6119.99,4.96,6115.03,1234.03
8166,4053,76,1,2598.97,2.77,2596.2,814.2
8167,4053,145,2,792.87,17.46,1568.28,450.28
8168,4054,179,2,4824.55,6.56,9642.54,3218.54
8169,4054,121,2,2267.36,10.74,4523.98,995.98
8170,4054,186,4,7914.83,15.76,31643.56,11839.56
8171,4055,7,4,5629.83,19.39,22499.93,3691.93
8172,4055,69,3,1797.42,15.11,5377.15,1315.15
8173,4056,113,1,5653.4,19.22,5634.18,956.18
8174,4056,21,3,6119.99,9.83,18350.14,3707.14
8175,4057,85,1,4281.36,3.61,4277.75,1044.75
8176,4057,153,3,3013.31,17.41,9022.52,1369.52
8177,4058,199,3,7009.81,12.34,21017.09,6452.09
8178,4058,167,3,6421.3,6.58,19257.32,5271.32
8179,4058,129,3,1819.36,5.01,5453.07,1715.07
8180,4059,189,2,4900.58,16.18,9784.98,1404.98
8181,4060,122,1,7212.86,17.57,7195.29,2487.29
8182,4060,168,4,360.61,16.48,1425.96,165.96
8183,4061,168,2,360.61,11.12,710.1,80.1
8184,4062,20,2,303.07,8.89,597.25,125.25
8185,4063,9,1,3616.76,15.7,3601.06,1210.06
8186,4064,154,1,4728.41,13.9,4714.51,1427.51
8187,4064,122,1,7212.86,2.25,7210.61,2502.61
8188,4064,118,1,5356.59,10.17,5346.42,1427.42
8189,4065,179,3,4824.55,5.11,14468.54,4832.54
8190,4065,59,2,1997.79,6.98,3988.6,624.6
8191,4066,178,1,244.03,11.26,232.77,77.77
8192,4067,23,1,2868.81,11.37,2857.44,893.44
8193,4068,174,2,1465.47,8.04,2922.9,332.9
8194,4068,135,2,4537.82,1.42,9074.22,882.22
8195,4068,23,3,2868.81,16.11,8590.32,2698.32
8196,4069,1,1,6087.96,10.66,6077.3,2232.3
8197,4070,134,4,3568.12,12.84,14259.64,1631.64
8198,4070,28,3,5032.36,4.8,15092.28,4646.28
8199,4070,43,2,2515.73,3.58,5027.88,907.88
8200,4071,149,2,2606.01,1.56,5210.46,570.46
8201,4071,145,2,792.87,7.1,1578.64,460.64
8202,4072,185,1,3574.96,14.42,3560.54,470.54
8203,4073,119,4,2869.36,17.23,11460.21,2492.21
8204,4074,152,1,1890.92,4.74,1886.18,605.18
8205,4075,64,1,7118.68,1.95,7116.73,2245.73
8206,4075,82,2,852.5,15.65,1689.35,445.35
8207,4076,149,2,2606.01,4.17,5207.85,567.85
8208,4076,81,1,5497.32,13.89,5483.43,646.43
8209,4077,161,3,2333.99,11.49,6990.48,2127.48
8210,4078,127,3,6494.51,18.46,19465.07,7159.07
8211,4079,35,2,2598.33,11.75,5184.91,1588.91
8212,4079,134,1,3568.12,2.08,3566.04,409.04
8213,4080,25,1,1979.19,8.78,1970.41,660.41
8214,4081,9,3,3616.76,13.32,10836.96,3663.96
8215,4081,94,3,5544.85,10.71,16623.84,1728.84
8216,4081,176,4,3397.33,19.88,13569.44,4925.44
8217,4082,95,2,3093.45,13.85,6173.05,1965.05
8218,4083,152,4,1890.92,9.57,7554.11,2430.11
8219,4083,96,3,2765.79,11.75,8285.62,2228.62
8220,4084,2,2,3361.74,10.96,6712.52,732.52
8221,4084,193,4,5092.0,16.78,20351.22,2139.22
8222,4085,93,4,278.24,2.34,1110.62,198.62
8223,4086,190,4,3100.22,3.6,12397.28,3721.28
8224,4086,99,2,3956.07,9.55,7902.59,2758.59
8225,4087,145,1,792.87,13.07,779.8,220.8
8226,4087,102,3,6271.36,14.77,18799.31,4840.31
8227,4087,101,1,7616.13,12.61,7603.52,2657.52
8228,4088,104,3,1652.43,18.75,4938.54,972.54
8229,4088,156,2,6188.4,19.68,12357.12,3953.12
8230,4088,20,2,303.07,3.77,602.37,130.37
8231,4089,77,2,5661.33,1.9,11320.76,2760.76
8232,4089,54,3,6094.37,19.15,18263.96,6797.96
8233,4090,107,3,5511.95,17.4,16518.45,6078.45
8234,4090,73,3,5457.97,8.29,16365.62,2202.62
8235,4091,176,3,3397.33,19.94,10172.05,3689.05
8236,4091,56,1,4864.07,8.5,4855.57,921.57
8237,4092,193,4,5092.0,15.36,20352.64,2140.64
8238,4092,25,4,1979.19,1.1,7915.66,2675.66
8239,4092,57,4,2097.22,11.72,8377.16,2653.16
8240,4093,69,2,1797.42,2.34,3592.5,884.5
8241,4093,11,4,4727.45,16.07,18893.73,6265.73
8242,4094,96,1,2765.79,13.87,2751.92,732.92
8243,4095,108,1,1550.46,15.05,1535.41,337.41
8244,4095,171,1,7270.84,12.55,7258.29,2575.29
8245,4096,129,1,1819.36,8.78,1810.58,564.58
8246,4096,39,1,552.25,9.55,542.7,98.7
8247,4096,194,4,7044.36,17.43,28160.01,8304.01
8248,4097,154,4,4728.41,15.5,18898.14,5750.14
8249,4097,114,2,4077.29,5.58,8149.0,2983.0
8250,4098,179,4,4824.55,19.48,19278.72,6430.72
8251,4098,84,1,1792.84,0.9,1791.94,582.94
8252,4098,143,3,1084.42,15.18,3238.08,958.08
8253,4099,75,4,4256.43,7.0,17018.72,5870.72
8254,4099,128,2,2167.32,19.18,4315.46,1359.46
8255,4099,17,3,1855.26,2.84,5562.94,1269.94
8256,4100,132,4,198.54,9.41,784.75,176.75
8257,4101,130,2,7243.63,17.16,14470.1,5388.1
8258,4101,122,2,7212.86,17.64,14408.08,4992.08
8259,4102,66,3,4903.31,18.82,14691.11,2955.11
8260,4102,64,2,7118.68,2.68,14234.68,4492.68
8261,4103,180,4,3738.11,4.18,14948.26,3580.26
8262,4104,59,1,1997.79,16.86,1980.93,298.93
8263,4105,99,2,3956.07,19.57,7892.57,2748.57
8264,4106,146,1,6386.06,13.36,6372.7,2178.7
8265,4106,192,2,6331.66,0.15,12663.17,2925.17
8266,4107,138,4,5451.69,13.86,21792.9,7284.9
8267,4108,1,3,6087.96,18.45,18245.43,6710.43
8268,4108,8,1,907.81,0.7,907.11,205.11
8269,4109,17,3,1855.26,14.87,5550.91,1257.91
8270,4109,97,1,6749.43,10.58,6738.85,2511.85
8271,4109,39,4,552.25,6.48,2202.52,426.52
8272,4110,199,1,7009.81,5.98,7003.83,2148.83
8273,4110,20,1,303.07,11.23,291.84,55.84
8274,4111,59,4,1997.79,6.02,7985.14,1257.14
8275,4112,166,1,1355.22,3.54,1351.68,166.68
8276,4112,43,4,2515.73,17.5,10045.42,1805.42
8277,4113,155,1,4794.0,2.61,4791.39,1547.39
8278,4113,183,2,3649.52,1.34,7297.7,2323.7
8279,4113,168,2,360.61,15.81,705.41,75.41
8280,4114,53,1,1531.38,0.9,1530.48,551.48
8281,4114,61,2,2566.03,16.34,5115.72,1889.72
8282,4115,114,3,4077.29,18.94,12212.93,4463.93
8283,4115,191,4,933.8,7.35,3727.85,907.85
8284,4115,191,3,933.8,12.87,2788.53,673.53
8285,4116,79,3,789.02,2.76,2364.3,648.3
8286,4116,198,3,2599.54,12.18,7786.44,2032.44
8287,4116,2,2,3361.74,9.91,6713.57,733.57
8288,4117,178,1,244.03,3.87,240.16,85.16
8289,4117,6,3,3476.76,14.64,10415.64,1124.64
8290,4118,35,3,2598.33,6.47,7788.52,2394.52
8291,4118,160,3,2514.92,16.18,7528.58,1624.58
8292,4118,88,1,5157.4,5.19,5152.21,720.21
8293,4119,189,2,4900.58,2.96,9798.2,1418.2
8294,4119,136,4,3836.46,17.14,15328.7,1452.7
8295,4120,49,2,5840.98,0.22,11681.74,2075.74
8296,4120,161,2,2333.99,2.16,4665.82,1423.82
8297,4120,168,2,360.61,9.85,711.37,81.37
8298,4121,108,4,1550.46,14.34,6187.5,1395.5
8299,4121,131,2,572.86,14.85,1130.87,376.87
8300,4121,55,3,6404.04,14.52,19197.6,6759.6
8301,4122,20,1,303.07,1.53,301.54,65.54
8302,4123,147,2,1363.26,13.25,2713.27,951.27
8303,4124,150,2,6284.22,17.7,12550.74,3454.74
8304,4124,154,1,4728.41,3.76,4724.65,1437.65
8305,4125,22,4,4915.03,16.44,19643.68,3695.68
8306,4125,5,2,1844.85,11.24,3678.46,1284.46
8307,4125,170,1,250.43,10.91,239.52,38.52
8308,4126,196,3,638.3,18.46,1896.44,510.44
8309,4127,108,2,1550.46,19.69,3081.23,685.23
8310,4127,95,1,3093.45,7.25,3086.2,982.2
8311,4127,199,4,7009.81,9.72,28029.52,8609.52
8312,4128,112,1,650.07,9.15,640.92,217.92
8313,4128,146,1,6386.06,3.57,6382.49,2188.49
8314,4128,67,3,3825.3,3.17,11472.73,3531.73
8315,4129,148,4,2839.22,5.44,11351.44,4027.44
8316,4129,177,2,2260.51,13.73,4507.29,1105.29
8317,4130,148,1,2839.22,16.15,2823.07,992.07
8318,4131,38,2,5028.62,18.53,10038.71,3374.71
8319,4131,142,1,5775.74,1.81,5773.93,1045.93
8320,4132,148,2,2839.22,16.5,5661.94,1999.94
8321,4132,173,1,1527.03,6.72,1520.31,283.31
8322,4132,92,4,1142.9,8.33,4563.27,467.27
8323,4133,70,1,5087.1,15.6,5071.5,1565.5
8324,4134,65,3,4404.24,19.26,13193.46,4058.46
8325,4134,108,4,1550.46,11.33,6190.51,1398.51
8326,4134,49,2,5840.98,18.14,11663.82,2057.82
8327,4135,89,4,454.52,1.16,1816.92,672.92
8328,4135,19,4,5980.37,7.19,23914.29,7466.29
8329,4136,97,4,6749.43,16.1,26981.62,10073.62
8330,4136,75,3,4256.43,13.2,12756.09,4395.09
8331,4136,133,3,1476.81,18.69,4411.74,400.74
8332,4137,156,3,6188.4,9.41,18555.79,5949.79
8333,4137,12,4,4572.81,2.33,18288.91,5908.91
8334,4137,4,2,4963.98,3.34,9924.62,932.62
8335,4138,87,4,3417.67,0.23,13670.45,1878.45
8336,4138,134,3,3568.12,17.08,10687.28,1216.28
8337,4138,195,3,3047.63,0.46,9142.43,2743.43
8338,4139,55,4,6404.04,0.37,25615.79,9031.79
8339,4139,137,3,7130.26,10.68,21380.1,7916.1
8340,4140,102,1,6271.36,10.66,6260.7,1607.7
8341,4140,83,4,4426.65,14.96,17691.64,1823.64
8342,4140,134,2,3568.12,8.65,7127.59,813.59
8343,4141,154,1,4728.41,12.71,4715.7,1428.7
8344,4141,149,4,2606.01,18.86,10405.18,1125.18
8345,4142,13,2,5553.96,8.48,11099.44,2559.44
8346,4142,180,1,3738.11,9.3,3728.81,886.81
8347,4142,113,3,5653.4,4.3,16955.9,2921.9
8348,4143,146,4,6386.06,1.07,25543.17,8767.17
8349,4144,29,2,6088.79,4.13,12173.45,4247.45
8350,4145,59,1,1997.79,19.63,1978.16,296.16
8351,4145,35,4,2598.33,13.99,10379.33,3187.33
8352,4146,179,2,4824.55,1.93,9647.17,3223.17
8353,4146,92,2,1142.9,14.9,2270.9,222.9
8354,4147,101,1,7616.13,16.52,7599.61,2653.61
8355,4148,191,3,933.8,19.34,2782.06,667.06
8356,4148,54,2,6094.37,4.16,12184.58,4540.58
8357,4149,180,3,3738.11,9.39,11204.94,2678.94
8358,4149,141,3,3818.5,8.38,11447.12,1394.12
8359,4150,75,2,4256.43,0.37,8512.49,2938.49
8360,4150,24,4,2037.73,7.85,8143.07,2159.07
8361,4151,43,4,2515.73,4.54,10058.38,1818.38
8362,4151,21,1,6119.99,5.66,6114.33,1233.33
8363,4152,113,3,5653.4,2.16,16958.04,2924.04
8364,4152,129,2,1819.36,9.26,3629.46,1137.46
8365,4152,192,1,6331.66,15.49,6316.17,1447.17
8366,4153,70,2,5087.1,14.8,10159.4,3147.4
8367,4153,36,4,5135.84,8.3,20535.06,4415.06
8368,4153,54,3,6094.37,8.64,18274.47,6808.47
8369,4154,27,4,336.73,12.74,1334.18,314.18
8370,4154,82,3,852.5,9.45,2548.05,682.05
8371,4154,120,3,1361.78,6.66,4078.68,1357.68
8372,4155,115,2,2618.2,8.97,5227.43,1915.43
8373,4155,191,4,933.8,11.91,3723.29,903.29
8374,4155,177,1,2260.51,8.84,2251.67,550.67
8375,4156,109,4,3992.5,10.26,15959.74,4739.74
8376,4157,28,3,5032.36,7.09,15089.99,4643.99
8377,4157,196,2,638.3,16.62,1259.98,335.98
8378,4157,151,4,2964.55,9.04,11849.16,1145.16
8379,4158,70,1,5087.1,5.01,5082.09,1576.09
8380,4159,137,4,7130.26,1.68,28519.36,10567.36
8381,4159,50,2,5429.37,4.87,10853.87,3807.87
8382,4159,9,4,3616.76,4.85,14462.19,4898.19
8383,4160,116,3,3021.59,15.15,9049.62,2788.62
8384,4160,185,3,3574.96,0.75,10724.13,1454.13
8385,4161,18,1,6294.01,19.53,6274.48,1311.48
8386,4162,148,4,2839.22,11.81,11345.07,4021.07
8387,4162,86,4,1091.11,8.15,4356.29,1328.29
8388,4162,174,4,1465.47,14.33,5847.55,667.55
8389,4163,176,4,3397.33,11.45,13577.87,4933.87
8390,4163,145,2,792.87,9.87,1575.87,457.87
8391,4164,100,1,4359.62,17.36,4342.26,855.26
8392,4165,149,1,2606.01,14.29,2591.72,271.72
8393,4165,189,2,4900.58,16.26,9784.9,1404.9
8394,4166,148,2,2839.22,18.93,5659.51,1997.51
8395,4166,134,1,3568.12,17.59,3550.53,393.53
8396,4166,194,2,7044.36,8.08,14080.64,4152.64
8397,4167,130,2,7243.63,1.63,14485.63,5403.63
8398,4168,39,4,552.25,5.22,2203.78,427.78
8399,4168,74,3,2434.43,18.52,7284.77,2016.77
8400,4168,50,2,5429.37,2.89,10855.85,3809.85
8401,4169,85,1,4281.36,7.31,4274.05,1041.05
8402,4169,120,3,1361.78,10.02,4075.32,1354.32
8403,4169,3,3,7696.6,11.56,23078.24,8096.24
8404,4170,47,1,5349.54,0.57,5348.97,1352.97
8405,4170,146,2,6386.06,4.49,12767.63,4379.63
8406,4171,170,4,250.43,17.31,984.41,180.41
8407,4172,45,3,4565.43,3.85,13692.44,1785.44
8408,4172,132,1,198.54,15.78,182.76,30.76
8409,4173,119,2,2869.36,13.2,5725.52,1241.52
8410,4173,138,3,5451.69,16.54,16338.53,5457.53
8411,4173,147,4,1363.26,12.14,5440.9,1916.9
8412,4174,58,3,315.69,4.67,942.4,297.4
8413,4174,28,2,5032.36,18.71,10046.01,3082.01
8414,4175,22,3,4915.03,15.94,14729.15,2768.15
8415,4176,13,3,5553.96,7.68,16654.2,3844.2
8416,4176,48,2,3393.83,5.38,6782.28,1320.28
8417,4176,60,2,5461.59,12.82,10910.36,2268.36
8418,4177,61,2,2566.03,9.28,5122.78,1896.78
8419,4178,16,4,1573.66,10.75,6283.89,1303.89
8420,4179,105,3,4856.31,19.71,14549.22,2612.22
8421,4179,60,3,5461.59,6.53,16378.24,3415.24
8422,4179,161,2,2333.99,3.51,4664.47,1422.47
8423,4180,10,2,1249.33,13.16,2485.5,339.5
8424,4181,69,1,1797.42,4.4,1793.02,439.02
8425,4181,26,1,7539.95,10.24,7529.71,2739.71
8426,4182,15,3,5784.26,2.42,17350.36,4288.36
8427,4182,66,1,4903.31,16.2,4887.11,975.11
8428,4183,26,3,7539.95,16.8,22603.05,8233.05
8429,4183,32,2,5678.29,3.63,11352.95,2418.95
8430,4184,172,2,5175.17,14.9,10335.44,1599.44
8431,4185,20,1,303.07,2.54,300.53,64.53
8432,4186,41,1,2657.03,4.35,2652.68,897.68
8433,4186,175,2,4435.81,18.53,8853.09,1755.09
8434,4186,130,1,7243.63,5.66,7237.97,2696.97
8435,4187,82,1,852.5,3.44,849.06,227.06
8436,4188,159,1,3489.26,7.85,3481.41,1142.41
8437,4188,177,1,2260.51,11.99,2248.52,547.52
8438,4189,58,2,315.69,19.28,612.1,182.1
8439,4189,157,4,1186.69,10.05,4736.71,1136.71
8440,4190,46,1,7321.91,15.97,7305.94,2697.94
8441,4190,64,3,7118.68,16.81,21339.23,6726.23
8442,4190,159,3,3489.26,13.75,10454.03,3437.03
8443,4191,120,1,1361.78,9.71,1352.07,445.07
8444,4191,171,1,7270.84,11.89,7258.95,2575.95
8445,4191,193,1,5092.0,2.16,5089.84,536.84
8446,4192,188,1,5532.23,16.28,5515.95,1824.95
8447,4193,21,3,6119.99,2.19,18357.78,3714.78
8448,4194,173,2,1527.03,16.3,3037.76,563.76
8449,4194,171,3,7270.84,7.61,21804.91,7755.91
8450,4195,8,1,907.81,12.32,895.49,193.49
8451,4195,46,4,7321.91,3.81,29283.83,10851.83
8452,4195,38,2,5028.62,12.2,10045.04,3381.04
8453,4196,187,2,504.48,1.03,1007.93,367.93
8454,4196,81,4,5497.32,7.02,21982.26,2634.26
8455,4196,119,1,2869.36,17.61,2851.75,609.75
8456,4197,37,4,1522.64,16.35,6074.21,1682.21
8457,4198,80,3,4102.63,14.1,12293.79,2264.79
8458,4198,6,3,3476.76,19.54,10410.74,1119.74
8459,4198,83,2,4426.65,4.96,8848.34,914.34
8460,4199,198,4,2599.54,16.12,10382.04,2710.04
8461,4199,51,1,5007.82,7.92,4999.9,1647.9
8462,4200,131,4,572.86,19.28,2272.16,764.16
8463,4200,30,2,5234.76,18.84,10450.68,1752.68
8464,4200,183,2,3649.52,16.38,7282.66,2308.66
8465,4201,89,3,454.52,0.9,1362.66,504.66
8466,4201,104,1,1652.43,8.57,1643.86,321.86
8467,4201,134,3,3568.12,6.39,10697.97,1226.97
8468,4202,111,2,2962.45,3.32,5921.58,1323.58
8469,4202,68,1,2309.06,12.46,2296.6,387.6
8470,4203,75,3,4256.43,16.57,12752.72,4391.72
8471,4204,48,4,3393.83,10.99,13564.33,2640.33
8472,4204,122,1,7212.86,6.83,7206.03,2498.03
8473,4204,78,4,1600.82,13.54,6389.74,1669.74
8474,4205,149,1,2606.01,3.41,2602.6,282.6
8475,4206,81,2,5497.32,4.46,10990.18,1316.18
8476,4207,58,2,315.69,10.89,620.49,190.49
8477,4207,6,2,3476.76,8.35,6945.17,751.17
8478,4208,167,2,6421.3,4.19,12838.41,3514.41
8479,4208,183,2,3649.52,18.19,7280.85,2306.85
8480,4208,129,3,1819.36,13.75,5444.33,1706.33
8481,4209,103,3,5536.18,6.76,16601.78,3413.78
8482,4209,49,3,5840.98,5.11,17517.83,3108.83
8483,4210,112,3,650.07,14.68,1935.53,666.53
8484,4210,21,4,6119.99,14.94,24465.02,4941.02
8485,4211,198,3,2599.54,18.86,7779.76,2025.76
8486,4211,76,3,2598.97,17.34,7779.57,2433.57
8487,4211,180,2,3738.11,15.1,7461.12,1777.12
8488,4212,72,3,5828.14,7.31,17477.11,4265.11
8489,4212,23,2,2868.81,15.09,5722.53,1794.53
8490,4213,116,3,3021.59,18.58,9046.19,2785.19
8491,4214,34,2,5835.24,16.79,11653.69,2311.69
8492,4214,160,3,2514.92,13.34,7531.42,1627.42
8493,4215,40,4,5316.39,19.01,21246.55,6354.55
8494,4215,154,4,4728.41,14.83,18898.81,5750.81
8495,4216,158,3,6464.49,16.47,19377.0,4440.0
8496,4216,146,3,6386.06,19.45,19138.73,6556.73
8497,4217,98,3,3766.26,1.34,11297.44,3161.44
8498,4217,140,2,5410.03,10.12,10809.94,1985.94
8499,4217,4,3,4963.98,14.4,14877.54,1389.54
8500,4218,90,1,4881.97,3.28,4878.69,1304.69
8501,4219,152,3,1890.92,7.62,5665.14,1822.14
8502,4219,27,1,336.73,8.68,328.05,73.05
8503,4219,95,3,3093.45,7.8,9272.55,2960.55
8504,4220,57,1,2097.22,0.97,2096.25,665.25
8505,4220,174,2,1465.47,4.05,2926.89,336.89
8506,4221,21,3,6119.99,7.93,18352.04,3709.04
8507,4222,171,3,7270.84,16.74,21795.78,7746.78
8508,4222,184,4,2633.24,11.34,10521.62,2181.62
8509,4223,100,4,4359.62,19.95,17418.53,3470.53
8510,4223,38,2,5028.62,14.44,10042.8,3378.8
8511,4224,39,3,552.25,15.09,1641.66,309.66
8512,4224,68,1,2309.06,13.13,2295.93,386.93
8513,4225,94,4,5544.85,13.75,22165.65,2305.65
8514,4225,119,4,2869.36,6.2,11471.24,2503.24
8515,4226,99,3,3956.07,6.81,11861.4,4145.4
8516,4227,30,1,5234.76,1.11,5233.65,884.65
8517,4227,105,4,4856.31,11.42,19413.82,3497.82
8518,4228,48,3,3393.83,17.83,10163.66,1970.66
8519,4228,40,2,5316.39,6.22,10626.56,3180.56
8520,4228,154,2,4728.41,10.06,9446.76,2872.76
8521,4229,107,2,5511.95,14.26,11009.64,4049.64
8522,4229,128,3,2167.32,8.88,6493.08,2059.08
8523,4230,128,2,2167.32,4.47,4330.17,1374.17
8524,4231,15,1,5784.26,1.06,5783.2,1429.2
8525,4231,138,4,5451.69,9.56,21797.2,7289.2
8526,4231,12,3,4572.81,4.29,13714.14,4429.14
8527,4232,10,2,1249.33,6.56,2492.1,346.1
8528,4232,177,1,2260.51,8.56,2251.95,550.95
8529,4233,170,3,250.43,18.41,732.88,129.88
8530,4233,139,1,1210.99,12.55,1198.44,309.44
8531,4233,131,3,572.86,7.64,1710.94,579.94
8532,4234,97,1,6749.43,19.31,6730.12,2503.12
8533,4234,95,4,3093.45,18.03,12355.77,3939.77
8534,4235,53,4,1531.38,17.53,6107.99,2191.99
8535,4236,73,2,5457.97,10.75,10905.19,1463.19
8536,4237,37,4,1522.64,1.97,6088.59,1696.59
8537,4238,37,1,1522.64,9.14,1513.5,415.5
8538,4238,192,3,6331.66,19.6,18975.38,4368.38
8539,4238,60,1,5461.59,7.56,5454.03,1133.03
8540,4239,126,2,6579.87,9.96,13149.78,3929.78
8541,4240,171,2,7270.84,8.27,14533.41,5167.41
8542,4241,20,3,303.07,9.19,900.02,192.02
8543,4241,91,4,4930.64,12.57,19709.99,4217.99
8544,4242,41,2,2657.03,7.9,5306.16,1796.16
8545,4243,190,2,3100.22,16.35,6184.09,1846.09
8546,4243,150,3,6284.22,16.29,18836.37,5192.37
8547,4243,115,2,2618.2,5.33,5231.07,1919.07
8548,4244,117,4,2834.64,5.42,11333.14,3093.14
8549,4245,109,1,3992.5,6.03,3986.47,1181.47
8550,4246,7,3,5629.83,18.37,16871.12,2765.12
8551,4247,144,2,4410.54,4.07,8817.01,1977.01
8552,4248,126,1,6579.87,4.42,6575.45,1965.45
8553,4249,90,4,4881.97,15.28,19512.6,5216.6
8554,4250,88,2,5157.4,16.49,10298.31,1434.31
8555,4251,11,3,4727.45,1.73,14180.62,4709.62
8556,4251,140,4,5410.03,1.15,21638.97,3990.97
8557,4251,177,2,2260.51,6.15,4514.87,1112.87
8558,4252,94,4,5544.85,14.82,22164.58,2304.58
8559,4252,11,2,4727.45,0.27,9454.63,3140.63
8560,4252,151,4,2964.55,17.49,11840.71,1136.71
8561,4253,143,1,1084.42,18.66,1065.76,305.76
8562,4254,198,3,2599.54,1.95,7796.67,2042.67
8563,4254,102,4,6271.36,12.72,25072.72,6460.72
8564,4255,52,1,448.48,7.95,440.53,34.53
8565,4256,90,2,4881.97,11.47,9752.47,2604.47
8566,4256,162,1,3776.05,5.81,3770.24,1251.24
8567,4256,6,1,3476.76,6.29,3470.47,373.47
8568,4257,175,4,4435.81,7.2,17736.04,3540.04
8569,4257,65,1,4404.24,3.39,4400.85,1355.85
8570,4258,129,4,1819.36,1.33,7276.11,2292.11
8571,4259,154,2,4728.41,9.17,9447.65,2873.65
8572,4259,87,3,3417.67,15.13,10237.88,1393.88
8573,4259,176,3,3397.33,6.73,10185.26,3702.26
8574,4260,200,1,4099.17,6.84,4092.33,928.33
8575,4260,52,1,448.48,19.23,429.25,23.25
8576,4260,154,3,4728.41,2.64,14182.59,4321.59
8577,4261,180,3,3738.11,15.86,11198.47,2672.47
8578,4261,133,2,1476.81,16.6,2937.02,263.02
8579,4262,103,4,5536.18,4.57,22140.15,4556.15
8580,4262,92,1,1142.9,2.77,1140.13,116.13
8581,4262,106,2,1926.7,16.62,3836.78,1272.78
8582,4263,59,1,1997.79,19.47,1978.32,296.32
8583,4263,194,2,7044.36,19.88,14068.84,4140.84
8584,4264,102,2,6271.36,7.89,12534.83,3228.83
8585,4264,86,4,1091.11,0.79,4363.65,1335.65
8586,4265,30,3,5234.76,13.53,15690.75,2643.75
8587,4266,70,2,5087.1,2.39,10171.81,3159.81
8588,4267,157,2,1186.69,4.02,2369.36,569.36
8589,4268,32,2,5678.29,5.24,11351.34,2417.34
8590,4269,115,1,2618.2,15.49,2602.71,946.71
8591,4269,83,4,4426.65,6.2,17700.4,1832.4
8592,4270,57,4,2097.22,0.05,8388.83,2664.83
8593,4271,157,4,1186.69,15.33,4731.43,1131.43
8594,4271,170,4,250.43,0.66,1001.06,197.06
8595,4271,95,4,3093.45,6.19,12367.61,3951.61
8596,4272,31,1,5674.17,9.41,5664.76,1260.76
8597,4273,15,4,5784.26,0.59,23136.45,5720.45
8598,4273,173,4,1527.03,0.81,6107.31,1159.31
8599,4273,120,3,1361.78,5.28,4080.06,1359.06
8600,4274,151,2,2964.55,5.56,5923.54,571.54
8601,4274,127,1,6494.51,8.13,6486.38,2384.38
8602,4275,167,4,6421.3,4.13,25681.07,7033.07
8603,4275,105,1,4856.31,0.35,4855.96,876.96
8604,4276,63,2,5551.59,4.26,11098.92,3580.92
8605,4277,59,4,1997.79,9.94,7981.22,1253.22
8606,4278,113,2,5653.4,19.97,11286.83,1930.83
8607,4278,23,4,2868.81,11.89,11463.35,3607.35
8608,4279,8,2,907.81,14.49,1801.13,397.13
8609,4279,33,1,4863.47,8.01,4855.46,789.46
8610,4280,88,1,5157.4,5.49,5151.91,719.91
8611,4280,142,3,5775.74,16.27,17310.95,3126.95
8612,4280,161,1,2333.99,13.18,2320.81,699.81
8613,4281,189,2,4900.58,11.69,9789.47,1409.47
8614,4281,17,3,1855.26,15.79,5549.99,1256.99
8615,4281,127,3,6494.51,10.56,19472.97,7166.97
8616,4282,175,3,4435.81,7.73,13299.7,2652.7
8617,4282,124,4,4391.54,18.64,17547.52,3467.52
8618,4282,33,2,4863.47,1.09,9725.85,1593.85
8619,4283,54,4,6094.37,0.29,24377.19,9089.19
8620,4283,116,4,3021.59,5.81,12080.55,3732.55
8621,4284,60,3,5461.59,0.34,16384.43,3421.43
8622,4284,43,3,2515.73,13.45,7533.74,1353.74
8623,4285,189,3,4900.58,15.62,14686.12,2116.12
8624,4285,143,2,1084.42,7.34,2161.5,641.5
8625,4286,161,3,2333.99,3.44,6998.53,2135.53
8626,4286,69,2,1797.42,17.15,3577.69,869.69
8627,4287,176,4,3397.33,16.84,13572.48,4928.48
8628,4287,187,3,504.48,14.9,1498.54,538.54
8629,4288,2,1,3361.74,10.42,3351.32,361.32
8630,4289,138,1,5451.69,15.43,5436.26,1809.26
8631,4290,57,2,2097.22,13.19,4181.25,1319.25
8632,4290,142,3,5775.74,15.33,17311.89,3127.89
8633,4290,196,4,638.3,15.67,2537.53,689.53
8634,4291,65,2,4404.24,9.58,8798.9,2708.9
8635,4291,62,4,2352.48,15.0,9394.92,866.92
8636,4291,189,3,4900.58,12.64,14689.1,2119.1
8637,4292,196,1,638.3,18.3,620.0,158.0
8638,4293,60,3,5461.59,8.87,16375.9,3412.9
8639,4293,21,4,6119.99,9.91,24470.05,4946.05
8640,4294,167,1,6421.3,6.89,6414.41,1752.41
8641,4294,180,3,3738.11,5.01,11209.32,2683.32
8642,4295,44,3,2260.37,10.29,6770.82,749.82
8643,4295,149,1,2606.01,5.74,2600.27,280.27
8644,4295,115,3,2618.2,6.53,7848.07,2880.07
8645,4296,130,2,7243.63,1.96,14485.3,5403.3
8646,4296,89,4,454.52,7.78,1810.3,666.3
8647,4296,154,3,4728.41,16.06,14169.17,4308.17
8648,4297,22,4,4915.03,6.45,19653.67,3705.67
8649,4297,67,1,3825.3,13.24,3812.06,1165.06
8650,4298,116,3,3021.59,19.3,9045.47,2784.47
8651,4298,184,1,2633.24,0.6,2632.64,547.64
8652,4298,50,2,5429.37,8.23,10850.51,3804.51
8653,4299,109,2,3992.5,18.64,7966.36,2356.36
8654,4299,197,3,4180.68,18.15,12523.89,1645.89
8655,4300,127,4,6494.51,6.74,25971.3,9563.3
8656,4300,124,4,4391.54,8.38,17557.78,3477.78
8657,4300,55,4,6404.04,16.78,25599.38,9015.38
8658,4301,25,1,1979.19,12.77,1966.42,656.42
8659,4302,83,4,4426.65,1.64,17704.96,1836.96
8660,4302,124,3,4391.54,17.98,13156.64,2596.64
8661,4303,140,3,5410.03,1.33,16228.76,2992.76
8662,4304,53,2,1531.38,9.62,3053.14,1095.14
8663,4304,37,1,1522.64,10.22,1512.42,414.42
8664,4304,125,1,2559.2,0.55,2558.65,574.65
8665,4305,43,2,2515.73,4.52,5026.94,906.94
8666,4306,71,4,2797.48,14.16,11175.76,3619.76
8667,4307,47,2,5349.54,5.45,10693.63,2701.63
8668,4307,194,4,7044.36,18.46,28158.98,8302.98
8669,4308,183,1,3649.52,2.05,3647.47,1160.47
8670,4308,147,4,1363.26,18.38,5434.66,1910.66
8671,4308,191,4,933.8,18.83,3716.37,896.37
8672,4309,31,3,5674.17,13.4,17009.11,3797.11
8673,4310,120,1,1361.78,7.68,1354.1,447.1
8674,4310,81,2,5497.32,10.47,10984.17,1310.17
8675,4311,37,4,1522.64,10.23,6080.33,1688.33
8676,4311,200,1,4099.17,1.87,4097.3,933.3
8677,4312,145,2,792.87,11.17,1574.57,456.57
8678,4313,198,3,2599.54,0.73,7797.89,2043.89
8679,4313,165,1,3471.22,13.36,3457.86,832.86
8680,4314,86,4,1091.11,5.64,4358.8,1330.8
8681,4315,166,3,1355.22,1.22,4064.44,509.44
8682,4315,198,3,2599.54,15.5,7783.12,2029.12
8683,4316,1,3,6087.96,12.22,18251.66,6716.66
8684,4317,158,2,6464.49,10.07,12918.91,2960.91
8685,4317,120,3,1361.78,8.67,4076.67,1355.67
8686,4318,105,4,4856.31,11.21,19414.03,3498.03
8687,4318,88,2,5157.4,15.1,10299.7,1435.7
8688,4318,173,3,1527.03,16.33,4564.76,853.76
8689,4319,191,2,933.8,9.77,1857.83,447.83
8690,4320,102,3,6271.36,16.79,18797.29,4838.29
8691,4321,163,3,2701.47,6.2,8098.21,1213.21
8692,4321,16,2,1573.66,0.48,3146.84,656.84
8693,4321,120,2,1361.78,7.13,2716.43,902.43
8694,4322,33,1,4863.47,6.31,4857.16,791.16
8695,4322,130,4,7243.63,16.34,28958.18,10794.18
8696,4322,71,2,2797.48,11.27,5583.69,1805.69
8697,4323,4,3,4963.98,2.96,14888.98,1400.98
8698,4324,8,1,907.81,2.4,905.41,203.41
8699,4324,41,3,2657.03,8.53,7962.56,2697.56
8700,4325,17,2,1855.26,17.43,3693.09,831.09
8701,4326,65,3,4404.24,4.38,13208.34,4073.34
8702,4327,157,2,1186.69,14.46,2358.92,558.92
8703,4328,108,3,1550.46,5.21,4646.17,1052.17
8704,4328,165,4,3471.22,15.65,13869.23,3369.23
8705,4329,113,1,5653.4,8.8,5644.6,966.6
8706,4330,145,3,792.87,19.43,2359.18,682.18
8707,4331,199,3,7009.81,4.67,21024.76,6459.76
8708,4331,136,2,3836.46,19.67,7653.25,715.25
8709,4332,143,3,1084.42,13.76,3239.5,959.5
8710,4332,27,4,336.73,12.94,1333.98,313.98
8711,4333,177,3,2260.51,17.07,6764.46,1661.46
8712,4333,104,1,1652.43,13.76,1638.67,316.67
8713,4333,121,1,2267.36,10.02,2257.34,493.34
8714,4334,130,1,7243.63,7.19,7236.44,2695.44
8715,4334,31,4,5674.17,2.78,22693.9,5077.9
8716,4335,133,3,1476.81,1.14,4429.29,418.29
8717,4335,18,3,6294.01,9.54,18872.49,3983.49
8718,4336,46,1,7321.91,0.19,7321.72,2713.72
8719,4336,5,3,1844.85,18.08,5516.47,1925.47
8720,4337,147,3,1363.26,0.89,4088.89,1445.89
8721,4338,133,3,1476.81,16.07,4414.36,403.36
8722,4338,15,2,5784.26,18.02,11550.5,2842.5
8723,4339,107,1,5511.95,18.52,5493.43,2013.43
8724,4339,53,1,1531.38,1.08,1530.3,551.3
8725,4339,118,3,5356.59,3.47,16066.3,4309.3
8726,4340,50,4,5429.37,19.71,21697.77,7605.77
8727,4340,61,1,2566.03,14.47,2551.56,938.56
8728,4340,121,1,2267.36,19.99,2247.37,483.37
8729,4341,176,1,3397.33,14.95,3382.38,1221.38
8730,4341,181,2,3227.71,19.96,6435.46,1313.46
8731,4342,151,2,2964.55,17.89,5911.21,559.21
8732,4342,14,1,488.44,19.84,468.6,50.6
8733,4343,27,3,336.73,14.31,995.88,230.88
8734,4344,59,1,1997.79,2.94,1994.85,312.85
8735,4344,101,2,7616.13,19.89,15212.37,5320.37
8736,4345,5,2,1844.85,2.39,3687.31,1293.31
8737,4345,134,3,3568.12,3.84,10700.52,1229.52
8738,4345,50,3,5429.37,18.52,16269.59,5700.59
8739,4346,64,4,7118.68,18.17,28456.55,8972.55
8740,4346,115,2,2618.2,5.94,5230.46,1918.46
8741,4347,156,4,6188.4,10.68,24742.92,7934.92
8742,4348,146,1,6386.06,15.76,6370.3,2176.3
8743,4349,142,2,5775.74,12.86,11538.62,2082.62
8744,4350,181,4,3227.71,6.39,12904.45,2660.45
8745,4351,136,4,3836.46,0.99,15344.85,1468.85
8746,4352,73,1,5457.97,15.94,5442.03,721.03
8747,4352,77,4,5661.33,6.46,22638.86,5518.86
8748,4353,29,2,6088.79,8.42,12169.16,4243.16
8749,4353,11,4,4727.45,0.68,18909.12,6281.12
8750,4354,165,3,3471.22,11.68,10401.98,2526.98
8751,4354,72,1,5828.14,0.25,5827.89,1423.89
8752,4354,26,4,7539.95,16.37,30143.43,10983.43
8753,4355,108,4,1550.46,15.02,6186.82,1394.82
8754,4355,177,4,2260.51,18.3,9023.74,2219.74
8755,4355,199,3,7009.81,15.02,21014.41,6449.41
8756,4356,156,3,6188.4,2.79,18562.41,5956.41
8757,4356,59,4,1997.79,4.29,7986.87,1258.87
8758,4357,177,3,2260.51,4.02,6777.51,1674.51
8759,4357,80,3,4102.63,11.39,12296.5,2267.5
8760,4358,42,2,2717.08,7.55,5426.61,776.61
8761,4359,75,2,4256.43,8.33,8504.53,2930.53
8762,4360,16,1,1573.66,15.53,1558.13,313.13
8763,4361,131,3,572.86,4.71,1713.87,582.87
8764,4361,14,2,488.44,12.03,964.85,128.85
8765,4361,131,3,572.86,4.72,1713.86,582.86
8766,4362,156,4,6188.4,0.44,24753.16,7945.16
8767,4362,67,1,3825.3,1.53,3823.77,1176.77
8768,4362,127,3,6494.51,11.09,19472.44,7166.44
8769,4363,143,2,1084.42,8.57,2160.27,640.27
8770,4363,126,4,6579.87,12.17,26307.31,7867.31
8771,4364,2,3,3361.74,14.4,10070.82,1100.82
8772,4365,166,2,1355.22,2.23,2708.21,338.21
8773,4365,76,3,2598.97,15.54,7781.37,2435.37
8774,4365,7,3,5629.83,0.76,16888.73,2782.73
8775,4366,84,1,1792.84,6.67,1786.17,577.17
8776,4366,4,4,4963.98,15.23,19840.69,1856.69
8777,4366,85,4,4281.36,12.67,17112.77,4180.77
8778,4367,3,4,7696.6,1.51,30784.89,10808.89
8779,4367,11,1,4727.45,19.77,4707.68,1550.68
8780,4368,27,3,336.73,4.89,1005.3,240.3
8781,4368,25,4,1979.19,9.66,7907.1,2667.1
8782,4369,143,3,1084.42,9.47,3243.79,963.79
8783,4370,55,1,6404.04,15.67,6388.37,2242.37
8784,4370,93,3,278.24,6.45,828.27,144.27
8785,4370,17,4,1855.26,5.98,7415.06,1691.06
8786,4371,165,2,3471.22,10.39,6932.05,1682.05
8787,4371,119,1,2869.36,0.81,2868.55,626.55
8788,4371,27,4,336.73,11.03,1335.89,315.89
8789,4372,176,4,3397.33,14.61,13574.71,4930.71
8790,4372,25,4,1979.19,16.46,7900.3,2660.3
8791,4372,176,2,3397.33,1.04,6793.62,2471.62
8792,4373,89,4,454.52,16.58,1801.5,657.5
8793,4373,167,1,6421.3,7.59,6413.71,1751.71
8794,4373,65,1,4404.24,14.87,4389.37,1344.37
8795,4374,10,2,1249.33,18.64,2480.02,334.02
8796,4375,75,4,4256.43,3.56,17022.16,5874.16
8797,4375,110,4,1172.22,3.44,4685.44,1257.44
8798,4376,107,1,5511.95,11.84,5500.11,2020.11
8799,4377,186,1,7914.83,3.63,7911.2,2960.2
8800,4378,179,2,4824.55,11.93,9637.17,3213.17
8801,4378,193,1,5092.0,3.53,5088.47,535.47
8802,4378,153,2,3013.31,16.67,6009.95,907.95
8803,4379,60,1,5461.59,6.93,5454.66,1133.66
8804,4380,44,4,2260.37,6.31,9035.17,1007.17
8805,4381,180,4,3738.11,9.25,14943.19,3575.19
8806,4382,166,2,1355.22,6.9,2703.54,333.54
8807,4382,109,2,3992.5,19.58,7965.42,2355.42
8808,4382,33,2,4863.47,0.35,9726.59,1594.59
8809,4383,84,2,1792.84,8.51,3577.17,1159.17
8810,4384,23,1,2868.81,17.77,2851.04,887.04
8811,4384,63,1,5551.59,9.6,5541.99,1782.99
8812,4384,144,1,4410.54,18.69,4391.85,971.85
8813,4385,43,1,2515.73,2.72,2513.01,453.01
8814,4386,199,4,7009.81,7.0,28032.24,8612.24
8815,4386,25,1,1979.19,1.55,1977.64,667.64
8816,4386,164,3,3449.26,6.65,10341.13,2259.13
8817,4387,186,3,7914.83,14.08,23730.41,8877.41
8818,4388,21,1,6119.99,12.16,6107.83,1226.83
8819,4388,30,3,5234.76,10.09,15694.19,2647.19
8820,4388,96,1,2765.79,1.67,2764.12,745.12
8821,4389,6,3,3476.76,2.15,10428.13,1137.13
8822,4389,186,3,7914.83,1.19,23743.3,8890.3
8823,4390,129,4,1819.36,15.55,7261.89,2277.89
8824,4391,134,2,3568.12,7.91,7128.33,814.33
8825,4392,145,1,792.87,11.78,781.09,222.09
8826,4393,113,1,5653.4,5.68,5647.72,969.72
8827,4394,28,1,5032.36,0.63,5031.73,1549.73
8828,4394,78,1,1600.82,5.12,1595.7,415.7
8829,4395,31,4,5674.17,6.36,22690.32,5074.32
8830,4395,11,3,4727.45,11.11,14171.24,4700.24
8831,4395,76,2,2598.97,6.79,5191.15,1627.15
8832,4396,120,3,1361.78,17.52,4067.82,1346.82
8833,4397,48,3,3393.83,18.47,10163.02,1970.02
8834,4397,159,1,3489.26,7.08,3482.18,1143.18
8835,4397,175,2,4435.81,18.83,8852.79,1754.79
8836,4398,122,3,7212.86,0.27,21638.31,7514.31
8837,4398,148,1,2839.22,17.87,2821.35,990.35
8838,4399,188,4,5532.23,3.83,22125.09,7361.09
8839,4399,70,1,5087.1,19.71,5067.39,1561.39
8840,4400,95,3,3093.45,10.12,9270.23,2958.23
8841,4400,140,3,5410.03,7.0,16223.09,2987.09
8842,4400,121,1,2267.36,8.85,2258.51,494.51
8843,4401,110,4,1172.22,18.19,4670.69,1242.69
8844,4401,119,1,2869.36,1.17,2868.19,626.19
8845,4402,27,1,336.73,5.7,331.03,76.03
8846,4402,9,2,3616.76,0.42,7233.1,2451.1
8847,4403,188,3,5532.23,4.68,16592.01,5519.01
8848,4403,37,1,1522.64,6.44,1516.2,418.2
8849,4403,120,1,1361.78,0.19,1361.59,454.59
8850,4404,144,4,4410.54,17.8,17624.36,3944.36
8851,4404,110,1,1172.22,1.24,1170.98,313.98
8852,4404,63,3,5551.59,14.28,16640.49,5363.49
8853,4405,192,4,6331.66,5.95,25320.69,5844.69
8854,4406,77,3,5661.33,4.74,16979.25,4139.25
8855,4406,72,4,5828.14,14.91,23297.65,5681.65
8856,4407,45,4,4565.43,15.43,18246.29,2370.29
8857,4407,89,1,454.52,11.7,442.82,156.82
8858,4408,183,2,3649.52,10.69,7288.35,2314.35
8859,4409,72,3,5828.14,18.99,17465.43,4253.43
8860,4410,47,2,5349.54,9.24,10689.84,2697.84
8861,4410,174,4,1465.47,1.78,5860.1,680.1
8862,4411,155,4,4794.0,2.35,19173.65,6197.65
8863,4411,6,1,3476.76,1.62,3475.14,378.14
8864,4411,63,4,5551.59,10.03,22196.33,7160.33
8865,4412,121,4,2267.36,13.32,9056.12,2000.12
8866,4412,149,2,2606.01,11.43,5200.59,560.59
8867,4412,148,1,2839.22,18.45,2820.77,989.77
8868,4413,37,3,1522.64,11.08,4556.84,1262.84
8869,4413,14,1,488.44,17.12,471.32,53.32
8870,4414,85,1,4281.36,11.71,4269.65,1036.65
8871,4414,105,4,4856.31,13.33,19411.91,3495.91
8872,4414,1,4,6087.96,10.34,24341.5,8961.5
8873,4415,94,3,5544.85,14.68,16619.87,1724.87
8874,4416,197,4,4180.68,3.95,16718.77,2214.77
8875,4416,68,1,2309.06,8.84,2300.22,391.22
8876,4416,30,1,5234.76,3.47,5231.29,882.29
8877,4417,106,1,1926.7,9.92,1916.78,634.78
8878,4418,128,4,2167.32,15.22,8654.06,2742.06
8879,4419,85,2,4281.36,16.2,8546.52,2080.52
8880,4420,30,2,5234.76,6.59,10462.93,1764.93
8881,4421,110,3,1172.22,8.96,3507.7,936.7
8882,4421,96,3,2765.79,0.92,8296.45,2239.45
8883,4421,64,4,7118.68,19.4,28455.32,8971.32
8884,4422,76,3,2598.97,16.78,7780.13,2434.13
8885,4422,89,4,454.52,7.16,1810.92,666.92
8886,4422,122,1,7212.86,6.47,7206.39,2498.39
8887,4423,3,4,7696.6,5.13,30781.27,10805.27
8888,4424,39,4,552.25,10.76,2198.24,422.24
8889,4424,21,2,6119.99,0.69,12239.29,2477.29
8890,4424,28,3,5032.36,16.14,15080.94,4634.94
8891,4425,13,4,5553.96,13.19,22202.65,5122.65
8892,4426,176,4,3397.33,11.45,13577.87,4933.87
8893,4426,127,3,6494.51,13.59,19469.94,7163.94
8894,4427,111,4,2962.45,2.81,11846.99,2650.99
8895,4427,7,4,5629.83,16.99,22502.33,3694.33
8896,4427,109,3,3992.5,18.76,11958.74,3543.74
8897,4428,165,3,3471.22,11.79,10401.87,2526.87
8898,4428,169,2,6981.12,2.39,13959.85,3979.85
8899,4428,29,1,6088.79,17.53,6071.26,2108.26
8900,4429,21,4,6119.99,10.25,24469.71,4945.71
8901,4429,59,3,1997.79,16.92,5976.45,930.45
8902,4429,159,1,3489.26,11.82,3477.44,1138.44
8903,4430,109,1,3992.5,9.68,3982.82,1177.82
8904,4430,130,1,7243.63,10.52,7233.11,2692.11
8905,4431,120,4,1361.78,19.55,5427.57,1799.57
8906,4432,180,4,3738.11,1.55,14950.89,3582.89
8907,4432,88,1,5157.4,17.84,5139.56,707.56
8908,4432,68,2,2309.06,12.19,4605.93,787.93
8909,4433,138,2,5451.69,16.72,10886.66,3632.66
8910,4433,69,1,1797.42,15.68,1781.74,427.74
8911,4434,170,3,250.43,6.14,745.15,142.15
8912,4434,47,3,5349.54,13.76,16034.86,4046.86
8913,4435,153,1,3013.31,1.13,3012.18,461.18
8914,4435,28,4,5032.36,6.28,20123.16,6195.16
8915,4435,187,2,504.48,6.27,1002.69,362.69
8916,4436,190,1,3100.22,10.78,3089.44,920.44
8917,4437,42,1,2717.08,0.19,2716.89,391.89
8918,4438,142,4,5775.74,6.58,23096.38,4184.38
8919,4439,1,1,6087.96,2.45,6085.51,2240.51
8920,4439,153,2,3013.31,10.5,6016.12,914.12
8921,4440,35,3,2598.33,11.44,7783.55,2389.55
8922,4441,157,2,1186.69,6.21,2367.17,567.17
8923,4442,165,4,3471.22,0.87,13884.01,3384.01
8924,4442,6,4,3476.76,2.63,13904.41,1516.41
8925,4443,32,3,5678.29,15.09,17019.78,3618.78
8926,4444,198,4,2599.54,6.71,10391.45,2719.45
8927,4445,30,1,5234.76,8.05,5226.71,877.71
8928,4445,109,4,3992.5,7.15,15962.85,4742.85
8929,4446,65,1,4404.24,5.67,4398.57,1353.57
8930,4446,149,1,2606.01,12.89,2593.12,273.12
8931,4446,114,3,4077.29,11.66,12220.21,4471.21
8932,4447,77,3,5661.33,8.3,16975.69,4135.69
8933,4447,41,1,2657.03,14.06,2642.97,887.97
8934,4448,187,4,504.48,8.65,2009.27,729.27
8935,4448,20,3,303.07,7.04,902.17,194.17
8936,4448,191,2,933.8,2.42,1865.18,455.18
8937,4449,179,1,4824.55,4.95,4819.6,1607.6
8938,4450,62,1,2352.48,3.38,2349.1,217.1
8939,4450,41,4,2657.03,8.66,10619.46,3599.46
8940,4450,46,1,7321.91,9.91,7312.0,2704.0
8941,4451,20,2,303.07,18.93,587.21,115.21
8942,4451,165,2,3471.22,3.78,6938.66,1688.66
8943,4451,193,3,5092.0,16.38,15259.62,1600.62
8944,4452,127,2,6494.51,8.53,12980.49,4776.49
8945,4453,126,2,6579.87,3.38,13156.36,3936.36
8946,4453,116,1,3021.59,19.02,3002.57,915.57
8947,4454,94,3,5544.85,11.31,16623.24,1728.24
8948,4454,139,3,1210.99,9.51,3623.46,956.46
8949,4455,103,1,5536.18,5.21,5530.97,1134.97
8950,4455,45,1,4565.43,9.56,4555.87,586.87
8951,4455,24,4,2037.73,19.64,8131.28,2147.28
8952,4456,70,3,5087.1,3.71,15257.59,4739.59
8953,4456,49,4,5840.98,4.26,23359.66,4147.66
8954,4457,127,1,6494.51,18.06,6476.45,2374.45
8955,4457,150,3,6284.22,19.37,18833.29,5189.29
8956,4458,182,3,3177.71,19.82,9513.31,1494.31
8957,4458,30,2,5234.76,0.99,10468.53,1770.53
8958,4458,23,4,2868.81,11.11,11464.13,3608.13
8959,4459,144,2,4410.54,5.4,8815.68,1975.68
8960,4459,163,4,2701.47,12.77,10793.11,1613.11
8961,4460,82,2,852.5,2.54,1702.46,458.46
8962,4460,146,2,6386.06,11.55,12760.57,4372.57
8963,4461,88,1,5157.4,7.25,5150.15,718.15
8964,4461,30,3,5234.76,10.25,15694.03,2647.03
8965,4461,76,1,2598.97,1.33,2597.64,815.64
8966,4462,60,3,5461.59,8.03,16376.74,3413.74
8967,4463,109,1,3992.5,15.02,3977.48,1172.48
8968,4464,68,4,2309.06,4.77,9231.47,1595.47
8969,4464,195,4,3047.63,4.91,12185.61,3653.61
8970,4464,176,4,3397.33,3.36,13585.96,4941.96
8971,4465,144,2,4410.54,2.74,8818.34,1978.34
8972,4466,79,1,789.02,6.87,782.15,210.15
8973,4467,130,3,7243.63,19.8,21711.09,8088.09
8974,4467,194,1,7044.36,9.52,7034.84,2070.84
8975,4467,80,1,4102.63,13.97,4088.66,745.66
8976,4468,94,3,5544.85,0.49,16634.06,1739.06
8977,4468,61,3,2566.03,9.0,7689.09,2850.09
8978,4469,39,4,552.25,18.84,2190.16,414.16
8979,4470,93,2,278.24,3.87,552.61,96.61
8980,4470,127,2,6494.51,13.24,12975.78,4771.78
8981,4470,151,2,2964.55,11.88,5917.22,565.22
8982,4471,129,1,1819.36,14.68,1804.68,558.68
8983,4472,126,3,6579.87,17.82,19721.79,5891.79
8984,4472,15,4,5784.26,5.04,23132.0,5716.0
8985,4472,99,2,3956.07,10.73,7901.41,2757.41
8986,4473,55,2,6404.04,19.18,12788.9,4496.9
8987,4473,99,1,3956.07,19.14,3936.93,1364.93
8988,4474,82,4,852.5,9.48,3400.52,912.52
8989,4475,71,2,2797.48,5.71,5589.25,1811.25
8990,4475,36,2,5135.84,18.06,10253.62,2193.62
8991,4476,39,2,552.25,12.83,1091.67,203.67
8992,4476,192,2,6331.66,3.17,12660.15,2922.15
8993,4477,173,2,1527.03,3.6,3050.46,576.46
8994,4477,115,3,2618.2,7.51,7847.09,2879.09
8995,4477,91,2,4930.64,6.1,9855.18,2109.18
8996,4478,117,2,2834.64,0.51,5668.77,1548.77
8997,4479,179,1,4824.55,14.62,4809.93,1597.93
8998,4479,22,2,4915.03,5.78,9824.28,1850.28
8999,4479,169,2,6981.12,5.6,13956.64,3976.64
9000,4480,154,4,4728.41,19.62,18894.02,5746.02
9001,4481,127,3,6494.51,3.22,19480.31,7174.31
9002,4481,131,2,572.86,2.98,1142.74,388.74
9003,4481,57,4,2097.22,15.37,8373.51,2649.51
9004,4482,7,2,5629.83,12.22,11247.44,1843.44
9005,4483,137,3,7130.26,16.61,21374.17,7910.17
9006,4483,90,3,4881.97,5.39,14640.52,3918.52
9007,4484,73,3,5457.97,14.66,16359.25,2196.25
9008,4484,154,4,4728.41,18.43,18895.21,5747.21
9009,4485,144,2,4410.54,3.27,8817.81,1977.81
9010,4485,65,2,4404.24,4.06,8804.42,2714.42
9011,4486,177,4,2260.51,12.76,9029.28,2225.28
9012,4486,57,4,2097.22,10.83,8378.05,2654.05
9013,4487,51,1,5007.82,2.14,5005.68,1653.68
9014,4487,100,3,4359.62,4.31,13074.55,2613.55
9015,4487,108,3,1550.46,6.93,4644.45,1050.45
9016,4488,158,4,6464.49,8.9,25849.06,5933.06
9017,4488,114,1,4077.29,7.09,4070.2,1487.2
9018,4488,123,1,3078.2,7.23,3070.97,834.97
9019,4489,139,2,1210.99,18.17,2403.81,625.81
9020,4489,58,2,315.69,7.32,624.06,194.06
9021,4489,162,3,3776.05,6.74,11321.41,3764.41
9022,4490,196,3,638.3,2.26,1912.64,526.64
9023,4490,181,2,3227.71,14.57,6440.85,1318.85
9024,4491,113,2,5653.4,16.44,11290.36,1934.36
9025,4492,163,2,2701.47,2.65,5400.29,810.29
9026,4492,117,2,2834.64,19.28,5650.0,1530.0
9027,4492,45,2,4565.43,12.61,9118.25,1180.25
9028,4493,102,4,6271.36,12.59,25072.85,6460.85
9029,4494,179,4,4824.55,8.42,19289.78,6441.78
9030,4494,124,1,4391.54,12.49,4379.05,859.05
9031,4494,73,4,5457.97,16.05,21815.83,2931.83
9032,4495,157,4,1186.69,6.25,4740.51,1140.51
9033,4495,26,2,7539.95,12.5,15067.4,5487.4
9034,4495,147,1,1363.26,1.73,1361.53,480.53
9035,4496,135,3,4537.82,11.64,13601.82,1313.82
9036,4496,49,3,5840.98,0.28,17522.66,3113.66
9037,4496,38,4,5028.62,7.38,20107.1,6779.1
9038,4497,100,3,4359.62,16.96,13061.9,2600.9
9039,4497,49,2,5840.98,1.1,11680.86,2074.86
9040,4497,63,1,5551.59,16.95,5534.64,1775.64
9041,4498,52,2,448.48,4.74,892.22,80.22
9042,4499,156,1,6188.4,16.51,6171.89,1969.89
9043,4499,97,4,6749.43,6.18,26991.54,10083.54
9044,4500,19,3,5980.37,1.86,17939.25,5603.25
9045,4501,180,3,3738.11,18.49,11195.84,2669.84
9046,4501,155,2,4794.0,3.84,9584.16,3096.16
9047,4502,153,4,3013.31,11.23,12042.01,1838.01
9048,4502,5,1,1844.85,10.54,1834.31,637.31
9049,4503,1,2,6087.96,3.75,12172.17,4482.17
9050,4503,191,1,933.8,16.54,917.26,212.26
9051,4504,79,2,789.02,18.25,1559.79,415.79
9052,4504,178,3,244.03,12.39,719.7,254.7
9053,4504,6,3,3476.76,4.25,10426.03,1135.03
9054,4505,169,2,6981.12,2.02,13960.22,3980.22
9055,4505,181,1,3227.71,6.22,3221.49,660.49
9056,4505,70,2,5087.1,10.06,10164.14,3152.14
9057,4506,61,4,2566.03,2.49,10261.63,3809.63
9058,4507,6,4,3476.76,2.97,13904.07,1516.07
9059,4508,160,2,2514.92,14.25,5015.59,1079.59
9060,4508,33,1,4863.47,0.78,4862.69,796.69
9061,4508,194,1,7044.36,0.11,7044.25,2080.25
9062,4509,191,4,933.8,16.16,3719.04,899.04
9063,4510,174,1,1465.47,5.63,1459.84,164.84
9064,4510,40,1,5316.39,11.63,5304.76,1581.76
9065,4511,173,4,1527.03,16.88,6091.24,1143.24
9066,4511,62,1,2352.48,19.43,2333.05,201.05
9067,4512,86,2,1091.11,1.53,2180.69,666.69
9068,4512,182,3,3177.71,2.79,9530.34,1511.34
9069,4513,84,2,1792.84,3.29,3582.39,1164.39
9070,4513,124,2,4391.54,12.87,8770.21,1730.21
9071,4514,97,2,6749.43,3.92,13494.94,5040.94
9072,4514,200,4,4099.17,18.2,16378.48,3722.48
9073,4515,170,3,250.43,18.15,733.14,130.14
9074,4515,67,2,3825.3,1.66,7648.94,2354.94
9075,4515,200,3,4099.17,14.94,12282.57,2790.57
9076,4516,107,1,5511.95,15.97,5495.98,2015.98
9077,4517,112,4,650.07,18.92,2581.36,889.36
9078,4518,99,2,3956.07,14.72,7897.42,2753.42
9079,4518,52,4,448.48,3.25,1790.67,166.67
9080,4518,169,3,6981.12,9.62,20933.74,5963.74
9081,4519,62,4,2352.48,4.17,9405.75,877.75
9082,4519,9,1,3616.76,16.45,3600.31,1209.31
9083,4519,158,1,6464.49,0.12,6464.37,1485.37
9084,4520,143,2,1084.42,3.47,2165.37,645.37
9085,4520,60,3,5461.59,10.6,16374.17,3411.17
9086,4521,37,2,1522.64,4.55,3040.73,844.73
9087,4521,195,2,3047.63,2.88,6092.38,1826.38
9088,4522,32,3,5678.29,12.72,17022.15,3621.15
9089,4523,50,1,5429.37,7.27,5422.1,1899.1
9090,4524,194,4,7044.36,9.04,28168.4,8312.4
9091,4524,196,4,638.3,2.16,2551.04,703.04
9092,4525,32,4,5678.29,5.16,22708.0,4840.0
9093,4525,32,1,5678.29,10.83,5667.46,1200.46
9094,4526,138,2,5451.69,13.96,10889.42,3635.42
9095,4526,64,1,7118.68,8.71,7109.97,2238.97
9096,4526,100,4,4359.62,18.94,17419.54,3471.54
9097,4527,101,4,7616.13,5.84,30458.68,10674.68
9098,4528,162,1,3776.05,8.91,3767.14,1248.14
9099,4529,183,4,3649.52,2.29,14595.79,4647.79
9100,4529,176,4,3397.33,18.42,13570.9,4926.9
9101,4529,84,4,1792.84,7.56,7163.8,2327.8
9102,4530,145,2,792.87,18.39,1567.35,449.35
9103,4530,174,1,1465.47,3.66,1461.81,166.81
9104,4531,117,3,2834.64,8.21,8495.71,2315.71
9105,4531,72,2,5828.14,6.64,11649.64,2841.64
9106,4532,120,4,1361.78,4.86,5442.26,1814.26
9107,4532,116,2,3021.59,0.82,6042.36,1868.36
9108,4533,170,4,250.43,10.23,991.49,187.49
9109,4533,41,1,2657.03,4.69,2652.34,897.34
9110,4534,45,1,4565.43,18.97,4546.46,577.46
9111,4534,94,2,5544.85,19.1,11070.6,1140.6
9112,4535,168,4,360.61,12.72,1429.72,169.72
9113,4536,35,4,2598.33,15.91,10377.41,3185.41
9114,4536,141,2,3818.5,17.75,7619.25,917.25
9115,4537,38,1,5028.62,3.85,5024.77,1692.77
9116,4538,13,4,5553.96,9.27,22206.57,5126.57
9117,4539,8,1,907.81,2.6,905.21,203.21
9118,4539,93,2,278.24,3.61,552.87,96.87
9119,4539,80,1,4102.63,17.12,4085.51,742.51
9120,4540,87,1,3417.67,18.58,3399.09,451.09
9121,4540,42,4,2717.08,2.45,10865.87,1565.87
9122,4541,52,1,448.48,11.92,436.56,30.56
9123,4541,71,1,2797.48,8.64,2788.84,899.84
9124,4542,98,3,3766.26,14.12,11284.66,3148.66
9125,4542,163,1,2701.47,13.3,2688.17,393.17
9126,4542,183,4,3649.52,6.45,14591.63,4643.63
9127,4543,34,4,5835.24,6.38,23334.58,4650.58
9128,4544,51,4,5007.82,0.74,20030.54,6622.54
9129,4544,167,1,6421.3,15.72,6405.58,1743.58
9130,4545,61,4,2566.03,8.77,10255.35,3803.35
9131,4546,127,1,6494.51,15.34,6479.17,2377.17
9132,4546,136,3,3836.46,5.42,11503.96,1096.96
9133,4546,105,2,4856.31,16.11,9696.51,1738.51
9134,4547,62,2,2352.48,10.3,4694.66,430.66
9135,4547,48,2,3393.83,17.75,6769.91,1307.91
9136,4548,50,2,5429.37,8.6,10850.14,3804.14
9137,4548,40,1,5316.39,4.13,5312.26,1589.26
9138,4548,15,2,5784.26,12.76,11555.76,2847.76
9139,4549,9,4,3616.76,4.93,14462.11,4898.11
9140,4549,102,4,6271.36,16.55,25068.89,6456.89
9141,4550,112,4,650.07,8.71,2591.57,899.57
9142,4551,4,3,4963.98,17.93,14874.01,1386.01
9143,4551,6,1,3476.76,6.73,3470.03,373.03
9144,4551,61,1,2566.03,11.68,2554.35,941.35
9145,4552,71,3,2797.48,12.26,8380.18,2713.18
9146,4553,167,4,6421.3,1.71,25683.49,7035.49
9147,4553,48,4,3393.83,12.19,13563.13,2639.13
9148,4553,39,4,552.25,13.12,2195.88,419.88
9149,4554,87,3,3417.67,8.91,10244.1,1400.1
9150,4554,200,1,4099.17,12.4,4086.77,922.77
9151,4555,163,1,2701.47,10.43,2691.04,396.04
9152,4555,10,4,1249.33,7.68,4989.64,697.64
9153,4556,69,1,1797.42,11.64,1785.78,431.78
9154,4557,21,4,6119.99,11.31,24468.65,4944.65
9155,4557,51,2,5007.82,7.55,10008.09,3304.09
9156,4558,137,1,7130.26,5.38,7124.88,2636.88
9157,4559,190,4,3100.22,5.16,12395.72,3719.72
9158,4560,131,1,572.86,8.1,564.76,187.76
9159,4560,70,4,5087.1,18.21,20330.19,6306.19
9160,4561,163,4,2701.47,11.03,10794.85,1614.85
9161,4562,28,3,5032.36,8.25,15088.83,4642.83
9162,4562,193,1,5092.0,12.6,5079.4,526.4
9163,4562,151,3,2964.55,11.42,8882.23,854.23
9164,4563,157,1,1186.69,8.47,1178.22,278.22
9165,4563,139,1,1210.99,2.78,1208.21,319.21
9166,4563,16,4,1573.66,0.61,6294.03,1314.03
9167,4564,185,2,3574.96,19.02,7130.9,950.9
9168,4564,141,4,3818.5,1.34,15272.66,1868.66
9169,4564,105,4,4856.31,6.99,19418.25,3502.25
9170,4565,9,1,3616.76,15.51,3601.25,1210.25
9171,4565,47,1,5349.54,13.59,5335.95,1339.95
9172,4566,115,4,2618.2,6.07,10466.73,3842.73
9173,4566,2,3,3361.74,13.79,10071.43,1101.43
9174,4566,8,1,907.81,8.07,899.74,197.74
9175,4567,80,4,4102.63,8.23,16402.29,3030.29
9176,4568,89,1,454.52,2.81,451.71,165.71
9177,4568,109,2,3992.5,10.04,7974.96,2364.96
9178,4568,45,4,4565.43,18.14,18243.58,2367.58
9179,4569,46,2,7321.91,16.26,14627.56,5411.56
9180,4569,170,3,250.43,9.98,741.31,138.31
9181,4570,134,3,3568.12,17.72,10686.64,1215.64
9182,4570,136,1,3836.46,12.14,3824.32,355.32
9183,4571,6,3,3476.76,5.33,10424.95,1133.95
9184,4571,87,1,3417.67,16.37,3401.3,453.3
9185,4571,167,2,6421.3,18.65,12823.95,3499.95
9186,4572,157,1,1186.69,8.93,1177.76,277.76
9187,4573,35,1,2598.33,19.41,2578.92,780.92
9188,4574,134,3,3568.12,1.35,10703.01,1232.01
9189,4574,101,2,7616.13,7.5,15224.76,5332.76
9190,4575,54,1,6094.37,15.48,6078.89,2256.89
9191,4575,78,3,1600.82,8.48,4793.98,1253.98
9192,4575,18,2,6294.01,12.48,12575.54,2649.54
9193,4576,28,2,5032.36,10.88,10053.84,3089.84
9194,4577,43,2,2515.73,2.43,5029.03,909.03
9195,4578,58,1,315.69,1.59,314.1,99.1
9196,4579,124,4,4391.54,12.6,17553.56,3473.56
9197,4579,3,3,7696.6,17.43,23072.37,8090.37
9198,4580,147,2,1363.26,1.56,2724.96,962.96
9199,4580,45,1,4565.43,7.58,4557.85,588.85
9200,4580,59,3,1997.79,17.44,5975.93,929.93
9201,4581,43,3,2515.73,6.94,7540.25,1360.25
9202,4581,34,2,5835.24,10.71,11659.77,2317.77
9203,4581,131,3,572.86,4.04,1714.54,583.54
9204,4582,147,1,1363.26,5.26,1358.0,477.0
9205,4582,116,4,3021.59,16.66,12069.7,3721.7
9206,4583,2,1,3361.74,11.7,3350.04,360.04
9207,4584,137,4,7130.26,1.22,28519.82,10567.82
9208,4585,154,2,4728.41,2.96,9453.86,2879.86
9209,4585,70,1,5087.1,1.59,5085.51,1579.51
9210,4585,131,1,572.86,1.76,571.1,194.1
9211,4586,119,2,2869.36,19.25,5719.47,1235.47
9212,4587,148,4,2839.22,17.66,11339.22,4015.22
9213,4588,185,1,3574.96,9.09,3565.87,475.87
9214,4588,129,1,1819.36,8.62,1810.74,564.74
9215,4588,90,1,4881.97,13.28,4868.69,1294.69
9216,4589,60,3,5461.59,19.51,16365.26,3402.26
9217,4589,13,2,5553.96,8.71,11099.21,2559.21
9218,4590,106,1,1926.7,9.09,1917.61,635.61
9219,4591,82,2,852.5,13.5,1691.5,447.5
9220,4591,85,3,4281.36,17.55,12826.53,3127.53
9221,4592,161,4,2333.99,1.88,9334.08,2850.08
9222,4592,105,1,4856.31,17.67,4838.64,859.64
9223,4592,45,1,4565.43,10.14,4555.29,586.29
9224,4593,62,1,2352.48,18.7,2333.78,201.78
9225,4593,174,3,1465.47,12.13,4384.28,499.28
9226,4593,149,3,2606.01,8.25,7809.78,849.78
9227,4594,120,4,1361.78,12.58,5434.54,1806.54
9228,4594,106,1,1926.7,2.33,1924.37,642.37
9229,4594,10,1,1249.33,1.87,1247.46,174.46
9230,4595,41,1,2657.03,18.61,2638.42,883.42
9231,4595,60,4,5461.59,11.03,21835.33,4551.33
9232,4595,103,3,5536.18,7.18,16601.36,3413.36
9233,4596,30,3,5234.76,19.7,15684.58,2637.58
9234,4596,43,1,2515.73,3.82,2511.91,451.91
9235,4597,140,4,5410.03,16.24,21623.88,3975.88
9236,4598,128,2,2167.32,12.97,4321.67,1365.67
9237,4598,125,2,2559.2,6.89,5111.51,1143.51
9238,4599,8,4,907.81,18.85,3612.39,804.39
9239,4599,178,2,244.03,2.42,485.64,175.64
9240,4599,179,3,4824.55,1.49,14472.16,4836.16
9241,4600,156,1,6188.4,3.49,6184.91,1982.91
9242,4601,47,3,5349.54,10.46,16038.16,4050.16
9243,4601,25,2,1979.19,13.68,3944.7,1324.7
9244,4601,49,3,5840.98,18.17,17504.77,3095.77
9245,4602,177,1,2260.51,1.13,2259.38,558.38
9246,4602,43,1,2515.73,18.75,2496.98,436.98
9247,4603,173,2,1527.03,10.23,3043.83,569.83
9248,4603,156,4,6188.4,4.52,24749.08,7941.08
9249,4604,64,3,7118.68,14.52,21341.52,6728.52
9250,4604,140,1,5410.03,12.4,5397.63,985.63
9251,4605,185,1,3574.96,0.18,3574.78,484.78
9252,4606,101,2,7616.13,9.31,15222.95,5330.95
9253,4607,123,1,3078.2,10.36,3067.84,831.84
9254,4607,178,1,244.03,18.81,225.22,70.22
9255,4608,139,2,1210.99,4.28,2417.7,639.7
9256,4608,48,4,3393.83,1.28,13574.04,2650.04
9257,4609,78,4,1600.82,5.29,6397.99,1677.99
9258,4609,91,3,4930.64,8.96,14782.96,3163.96
9259,4609,18,1,6294.01,17.81,6276.2,1313.2
9260,4610,110,4,1172.22,6.2,4682.68,1254.68
9261,4610,122,3,7212.86,8.89,21629.69,7505.69
9262,4611,153,1,3013.31,3.52,3009.79,458.79
9263,4611,34,1,5835.24,13.59,5821.65,1150.65
9264,4611,156,4,6188.4,11.35,24742.25,7934.25
9265,4612,3,1,7696.6,13.34,7683.26,2689.26
9266,4612,86,4,1091.11,16.38,4348.06,1320.06
9267,4613,148,2,2839.22,8.89,5669.55,2007.55
9268,4613,66,3,4903.31,16.96,14692.97,2956.97
9269,4614,49,2,5840.98,5.49,11676.47,2070.47
9270,4614,36,2,5135.84,0.65,10271.03,2211.03
9271,4614,150,1,6284.22,2.73,6281.49,1733.49
9272,4615,149,3,2606.01,3.89,7814.14,854.14
9273,4615,192,3,6331.66,19.66,18975.32,4368.32
9274,4615,39,2,552.25,11.43,1093.07,205.07
9275,4616,34,1,5835.24,1.23,5834.01,1163.01
9276,4616,11,1,4727.45,8.84,4718.61,1561.61
9277,4616,187,3,504.48,12.48,1500.96,540.96
9278,4617,45,2,4565.43,2.81,9128.05,1190.05
9279,4617,25,1,1979.19,0.12,1979.07,669.07
9280,4617,180,4,3738.11,0.62,14951.82,3583.82
9281,4618,160,1,2514.92,1.47,2513.45,545.45
9282,4618,156,2,6188.4,15.89,12360.91,3956.91
9283,4619,143,4,1084.42,9.27,4328.41,1288.41
9284,4619,121,3,2267.36,14.92,6787.16,1495.16
9285,4619,156,2,6188.4,18.28,12358.52,3954.52
9286,4620,38,1,5028.62,18.7,5009.92,1677.92
9287,4620,125,2,2559.2,1.47,5116.93,1148.93
9288,4621,35,4,2598.33,12.07,10381.25,3189.25
9289,4621,15,4,5784.26,14.81,23122.23,5706.23
9290,4621,101,3,7616.13,3.55,22844.84,8006.84
9291,4622,78,3,1600.82,13.23,4789.23,1249.23
9292,4623,174,3,1465.47,10.26,4386.15,501.15
9293,4624,25,1,1979.19,1.71,1977.48,667.48
9294,4625,187,2,504.48,6.27,1002.69,362.69
9295,4625,71,3,2797.48,8.16,8384.28,2717.28
9296,4626,80,2,4102.63,2.4,8202.86,1516.86
9297,4626,138,1,5451.69,17.47,5434.22,1807.22
9298,4627,20,2,303.07,8.4,597.74,125.74
9299,4627,61,2,2566.03,12.45,5119.61,1893.61
9300,4628,111,1,2962.45,17.1,2945.35,646.35
9301,4628,99,4,3956.07,19.5,15804.78,5516.78
9302,4629,74,1,2434.43,15.16,2419.27,663.27
9303,4630,160,4,2514.92,2.05,10057.63,2185.63
9304,4630,155,1,4794.0,10.81,4783.19,1539.19
9305,4631,82,2,852.5,9.8,1695.2,451.2
9306,4632,92,2,1142.9,9.87,2275.93,227.93
9307,4633,163,2,2701.47,19.37,5383.57,793.57
9308,4633,62,2,2352.48,0.71,4704.25,440.25
9309,4634,64,2,7118.68,16.79,14220.57,4478.57
9310,4634,45,1,4565.43,12.84,4552.59,583.59
9311,4635,117,1,2834.64,15.99,2818.65,758.65
9312,4635,55,1,6404.04,9.5,6394.54,2248.54
9313,4635,100,1,4359.62,15.96,4343.66,856.66
9314,4636,104,4,1652.43,17.96,6591.76,1303.76
9315,4636,151,4,2964.55,15.74,11842.46,1138.46
9316,4636,135,1,4537.82,7.62,4530.2,434.2
9317,4637,25,3,1979.19,1.28,5936.29,2006.29
9318,4637,45,4,4565.43,13.28,18248.44,2372.44
9319,4638,11,1,4727.45,8.9,4718.55,1561.55
9320,4638,29,2,6088.79,9.04,12168.54,4242.54
9321,4639,22,3,4915.03,2.47,14742.62,2781.62
9322,4640,167,1,6421.3,12.13,6409.17,1747.17
9323,4640,40,4,5316.39,4.38,21261.18,6369.18
9324,4641,53,3,1531.38,19.27,4574.87,1637.87
9325,4641,142,3,5775.74,2.89,17324.33,3140.33
9326,4642,189,1,4900.58,16.49,4884.09,694.09
9327,4642,72,1,5828.14,6.48,5821.66,1417.66
9328,4643,29,2,6088.79,0.35,12177.23,4251.23
9329,4643,189,4,4900.58,10.25,19592.07,2832.07
9330,4643,64,4,7118.68,0.25,28474.47,8990.47
9331,4644,174,4,1465.47,9.68,5852.2,672.2
9332,4644,177,3,2260.51,10.53,6771.0,1668.0
9333,4644,156,2,6188.4,15.19,12361.61,3957.61
9334,4645,143,1,1084.42,19.45,1064.97,304.97
9335,4645,92,2,1142.9,4.3,2281.5,233.5
9336,4646,145,1,792.87,11.82,781.05,222.05
9337,4646,171,2,7270.84,8.4,14533.28,5167.28
9338,4646,69,2,1797.42,2.35,3592.49,884.49
9339,4647,35,4,2598.33,1.33,10391.99,3199.99
9340,4647,188,1,5532.23,14.48,5517.75,1826.75
9341,4647,39,4,552.25,9.74,2199.26,423.26
9342,4648,49,2,5840.98,19.53,11662.43,2056.43
9343,4648,161,4,2333.99,4.57,9331.39,2847.39
9344,4649,194,3,7044.36,19.91,21113.17,6221.17
9345,4649,170,4,250.43,15.43,986.29,182.29
9346,4650,23,3,2868.81,18.49,8587.94,2695.94
9347,4651,169,2,6981.12,9.72,13952.52,3972.52
9348,4651,69,2,1797.42,5.65,3589.19,881.19
9349,4652,19,4,5980.37,2.84,23918.64,7470.64
9350,4652,103,4,5536.18,5.19,22139.53,4555.53
9351,4653,79,4,789.02,0.56,3155.52,867.52
9352,4653,65,1,4404.24,4.59,4399.65,1354.65
9353,4653,103,4,5536.18,7.87,22136.85,4552.85
9354,4654,40,4,5316.39,2.87,21262.69,6370.69
9355,4654,31,2,5674.17,19.63,11328.71,2520.71
9356,4654,106,1,1926.7,12.02,1914.68,632.68
9357,4655,67,1,3825.3,8.05,3817.25,1170.25
9358,4655,110,3,1172.22,17.31,3499.35,928.35
9359,4655,94,1,5544.85,19.22,5525.63,560.63
9360,4656,175,2,4435.81,8.6,8863.02,1765.02
9361,4657,83,1,4426.65,6.71,4419.94,452.94
9362,4657,162,3,3776.05,4.19,11323.96,3766.96
9363,4658,108,1,1550.46,19.46,1531.0,333.0
9364,4658,71,4,2797.48,18.88,11171.04,3615.04
9365,4658,73,1,5457.97,7.51,5450.46,729.46
9366,4659,116,3,3021.59,11.9,9052.87,2791.87
9367,4660,92,4,1142.9,16.96,4554.64,458.64
9368,4660,37,2,1522.64,15.04,3030.24,834.24
9369,4660,17,1,1855.26,14.99,1840.27,409.27
9370,4661,190,1,3100.22,8.25,3091.97,922.97
9371,4662,96,4,2765.79,9.9,11053.26,2977.26
9372,4663,74,1,2434.43,12.66,2421.77,665.77
9373,4664,26,3,7539.95,15.12,22604.73,8234.73
9374,4664,165,3,3471.22,19.78,10393.88,2518.88
9375,4665,126,4,6579.87,5.17,26314.31,7874.31
9376,4665,161,2,2333.99,17.31,4650.67,1408.67
9377,4666,78,1,1600.82,11.4,1589.42,409.42
9378,4667,184,1,2633.24,17.15,2616.09,531.09
9379,4667,103,3,5536.18,5.82,16602.72,3414.72
9380,4668,20,4,303.07,1.01,1211.27,267.27
9381,4668,182,2,3177.71,3.04,6352.38,1006.38
9382,4668,85,4,4281.36,9.86,17115.58,4183.58
9383,4669,108,4,1550.46,2.69,6199.15,1407.15
9384,4670,184,1,2633.24,17.8,2615.44,530.44
9385,4670,169,1,6981.12,16.98,6964.14,1974.14
9386,4671,11,4,4727.45,7.21,18902.59,6274.59
9387,4671,143,4,1084.42,2.07,4335.61,1295.61
9388,4671,39,1,552.25,13.84,538.41,94.41
9389,4672,175,4,4435.81,10.77,17732.47,3536.47
9390,4673,71,1,2797.48,3.41,2794.07,905.07
9391,4673,131,4,572.86,8.57,2282.87,774.87
9392,4674,69,3,1797.42,18.54,5373.72,1311.72
9393,4674,138,4,5451.69,11.29,21795.47,7287.47
9394,4675,155,1,4794.0,5.08,4788.92,1544.92
9395,4676,105,2,4856.31,14.26,9698.36,1740.36
9396,4676,183,2,3649.52,6.35,7292.69,2318.69
9397,4676,163,4,2701.47,2.02,10803.86,1623.86
9398,4677,151,2,2964.55,18.48,5910.62,558.62
9399,4678,47,1,5349.54,3.01,5346.53,1350.53
9400,4678,150,3,6284.22,4.58,18848.08,5204.08
9401,4678,161,2,2333.99,14.39,4653.59,1411.59
9402,4679,109,4,3992.5,8.06,15961.94,4741.94
9403,4680,12,4,4572.81,11.23,18280.01,5900.01
9404,4680,106,1,1926.7,16.85,1909.85,627.85
9405,4680,1,2,6087.96,10.3,12165.62,4475.62
9406,4681,18,1,6294.01,16.68,6277.33,1314.33
9407,4681,163,2,2701.47,0.58,5402.36,812.36
9408,4682,97,1,6749.43,17.23,6732.2,2505.2
9409,4683,185,2,3574.96,9.27,7140.65,960.65
9410,4683,115,1,2618.2,12.91,2605.29,949.29
9411,4684,80,3,4102.63,2.73,12305.16,2276.16
9412,4685,105,3,4856.31,14.62,14554.31,2617.31
9413,4685,131,1,572.86,16.12,556.74,179.74
9414,4686,182,3,3177.71,18.57,9514.56,1495.56
9415,4687,98,1,3766.26,6.71,3759.55,1047.55
9416,4688,190,3,3100.22,16.63,9284.03,2777.03
9417,4688,99,3,3956.07,19.86,11848.35,4132.35
9418,4688,125,2,2559.2,16.3,5102.1,1134.1
9419,4689,33,2,4863.47,4.18,9722.76,1590.76
9420,4690,137,4,7130.26,18.91,28502.13,10550.13
9421,4690,130,1,7243.63,3.5,7240.13,2699.13
9422,4690,69,3,1797.42,15.11,5377.15,1315.15
9423,4691,191,4,933.8,6.58,3728.62,908.62
9424,4691,48,4,3393.83,6.93,13568.39,2644.39
9425,4691,126,1,6579.87,16.47,6563.4,1953.4
9426,4692,135,3,4537.82,5.68,13607.78,1319.78
9427,4693,160,1,2514.92,14.21,2500.71,532.71
9428,4694,181,1,3227.71,8.52,3219.19,658.19
9429,4695,106,2,1926.7,12.3,3841.1,1277.1
9430,4695,186,3,7914.83,14.56,23729.93,8876.93
9431,4695,164,4,3449.26,1.83,13795.21,3019.21
9432,4696,27,1,336.73,18.05,318.68,63.68
9433,4696,127,3,6494.51,12.55,19470.98,7164.98
9434,4697,38,1,5028.62,15.97,5012.65,1680.65
9435,4697,159,4,3489.26,18.57,13938.47,4582.47
9436,4697,200,4,4099.17,0.73,16395.95,3739.95
9437,4698,120,3,1361.78,8.94,4076.4,1355.4
9438,4698,93,3,278.24,7.71,827.01,143.01
9439,4699,148,3,2839.22,9.93,8507.73,3014.73
9440,4700,181,1,3227.71,14.73,3212.98,651.98
9441,4700,117,3,2834.64,12.39,8491.53,2311.53
9442,4701,188,1,5532.23,11.59,5520.64,1829.64
9443,4701,186,1,7914.83,11.73,7903.1,2952.1
9444,4701,198,1,2599.54,7.17,2592.37,674.37
9445,4702,33,4,4863.47,16.8,19437.08,3173.08
9446,4703,187,3,504.48,14.66,1498.78,538.78
9447,4704,94,2,5544.85,0.5,11089.2,1159.2
9448,4705,62,2,2352.48,0.02,4704.94,440.94
9449,4706,106,4,1926.7,18.5,7688.3,2560.3
9450,4706,160,4,2514.92,11.07,10048.61,2176.61
9451,4707,188,1,5532.23,8.5,5523.73,1832.73
9452,4707,15,1,5784.26,19.67,5764.59,1410.59
9453,4708,2,4,3361.74,13.12,13433.84,1473.84
9454,4709,188,4,5532.23,9.91,22119.01,7355.01
9455,4709,198,3,2599.54,7.03,7791.59,2037.59
9456,4709,162,4,3776.05,0.72,15103.48,5027.48
9457,4710,73,1,5457.97,8.78,5449.19,728.19
9458,4711,13,1,5553.96,4.66,5549.3,1279.3
9459,4711,88,4,5157.4,19.29,20610.31,2882.31
9460,4711,137,2,7130.26,13.05,14247.47,5271.47
9461,4712,79,3,789.02,4.89,2362.17,646.17
9462,4712,126,3,6579.87,1.18,19738.43,5908.43
9463,4712,143,3,1084.42,4.17,3249.09,969.09
9464,4713,48,4,3393.83,14.43,13560.89,2636.89
9465,4713,150,2,6284.22,5.04,12563.4,3467.4
9466,4713,17,3,1855.26,2.74,5563.04,1270.04
9467,4714,167,4,6421.3,7.07,25678.13,7030.13
9468,4715,55,2,6404.04,16.64,12791.44,4499.44
9469,4715,76,1,2598.97,15.02,2583.95,801.95
9470,4716,95,1,3093.45,5.52,3087.93,983.93
9471,4716,143,2,1084.42,9.12,2159.72,639.72
9472,4717,160,2,2514.92,0.74,5029.1,1093.1
9473,4718,38,2,5028.62,5.57,10051.67,3387.67
9474,4718,24,4,2037.73,9.47,8141.45,2157.45
9475,4718,181,2,3227.71,8.58,6446.84,1324.84
9476,4719,182,4,3177.71,15.87,12694.97,2002.97
9477,4720,27,3,336.73,2.64,1007.55,242.55
9478,4721,161,2,2333.99,16.39,4651.59,1409.59
9479,4721,61,4,2566.03,0.14,10263.98,3811.98
9480,4721,11,4,4727.45,3.8,18906.0,6278.0
9481,4722,94,1,5544.85,4.65,5540.2,575.2
9482,4722,62,4,2352.48,15.4,9394.52,866.52
9483,4723,50,3,5429.37,11.9,16276.21,5707.21
9484,4723,58,1,315.69,13.43,302.26,87.26
9485,4724,97,4,6749.43,6.03,26991.69,10083.69
9486,4724,185,4,3574.96,0.72,14299.12,1939.12
9487,4725,35,3,2598.33,8.27,7786.72,2392.72
9488,4726,18,4,6294.01,0.57,25175.47,5323.47
9489,4726,40,1,5316.39,15.52,5300.87,1577.87
9490,4727,68,2,2309.06,14.76,4603.36,785.36
9491,4727,21,3,6119.99,6.63,18353.34,3710.34
9492,4728,36,4,5135.84,14.29,20529.07,4409.07
9493,4729,111,3,2962.45,3.66,8883.69,1986.69
9494,4729,146,2,6386.06,17.43,12754.69,4366.69
9495,4730,47,1,5349.54,9.41,5340.13,1344.13
9496,4730,172,1,5175.17,5.87,5169.3,801.3
9497,4730,42,4,2717.08,10.16,10858.16,1558.16
9498,4731,164,3,3449.26,6.46,10341.32,2259.32
9499,4732,196,1,638.3,18.12,620.18,158.18
9500,4733,69,1,1797.42,17.95,1779.47,425.47
9501,4734,189,2,4900.58,14.69,9786.47,1406.47
9502,4735,11,1,4727.45,9.4,4718.05,1561.05
9503,4735,95,1,3093.45,10.66,3082.79,978.79
9504,4736,194,3,7044.36,5.18,21127.9,6235.9
9505,4736,16,3,1573.66,5.07,4715.91,980.91
9506,4737,24,2,2037.73,2.54,4072.92,1080.92
9507,4737,107,3,5511.95,11.66,16524.19,6084.19
9508,4737,40,4,5316.39,3.31,21262.25,6370.25
9509,4738,163,3,2701.47,17.47,8086.94,1201.94
9510,4738,57,2,2097.22,6.09,4188.35,1326.35
9511,4738,72,3,5828.14,3.67,17480.75,4268.75
9512,4739,82,2,852.5,14.56,1690.44,446.44
9513,4740,199,2,7009.81,3.15,14016.47,4306.47
9514,4740,114,1,4077.29,7.61,4069.68,1486.68
9515,4741,195,3,3047.63,2.44,9140.45,2741.45
9516,4742,186,4,7914.83,2.69,31656.63,11852.63
9517,4742,88,2,5157.4,10.06,10304.74,1440.74
9518,4743,90,3,4881.97,19.7,14626.21,3904.21
9519,4743,188,1,5532.23,4.39,5527.84,1836.84
9520,4744,176,3,3397.33,5.47,10186.52,3703.52
9521,4744,90,3,4881.97,4.23,14641.68,3919.68
9522,4745,32,1,5678.29,4.46,5673.83,1206.83
9523,4746,54,2,6094.37,14.73,12174.01,4530.01
9524,4746,48,1,3393.83,17.1,3376.73,645.73
9525,4746,26,4,7539.95,8.39,30151.41,10991.41
9526,4747,195,4,3047.63,4.14,12186.38,3654.38
9527,4748,8,2,907.81,15.87,1799.75,395.75
9528,4748,133,2,1476.81,4.37,2949.25,275.25
9529,4748,112,3,650.07,18.64,1931.57,662.57
9530,4749,25,1,1979.19,19.85,1959.34,649.34
9531,4749,73,4,5457.97,1.51,21830.37,2946.37
9532,4749,66,3,4903.31,0.74,14709.19,2973.19
9533,4750,14,1,488.44,10.84,477.6,59.6
9534,4750,106,3,1926.7,10.38,5769.72,1923.72
9535,4750,81,2,5497.32,12.44,10982.2,1308.2
9536,4751,40,2,5316.39,17.52,10615.26,3169.26
9537,4751,62,2,2352.48,7.7,4697.26,433.26
9538,4752,90,3,4881.97,11.35,14634.56,3912.56
9539,4752,93,2,278.24,0.3,556.18,100.18
9540,4752,143,3,1084.42,1.03,3252.23,972.23
9541,4753,95,4,3093.45,12.02,12361.78,3945.78
9542,4754,165,1,3471.22,17.38,3453.84,828.84
9543,4754,43,4,2515.73,12.12,10050.8,1810.8
9544,4754,54,2,6094.37,0.8,12187.94,4543.94
9545,4755,107,2,5511.95,9.04,11014.86,4054.86
9546,4755,35,3,2598.33,15.78,7779.21,2385.21
9547,4756,35,1,2598.33,0.25,2598.08,800.08
9548,4757,122,3,7212.86,18.74,21619.84,7495.84
9549,4758,34,2,5835.24,9.58,11660.9,2318.9
9550,4759,83,2,4426.65,17.64,8835.66,901.66
9551,4759,86,4,1091.11,10.1,4354.34,1326.34
9552,4759,124,2,4391.54,5.46,8777.62,1737.62
9553,4760,139,4,1210.99,18.21,4825.75,1269.75
9554,4761,113,4,5653.4,18.17,22595.43,3883.43
9555,4761,124,2,4391.54,8.85,8774.23,1734.23
9556,4762,37,1,1522.64,4.06,1518.58,420.58
9557,4762,32,3,5678.29,13.69,17021.18,3620.18
9558,4763,23,2,2868.81,3.86,5733.76,1805.76
9559,4764,38,2,5028.62,3.94,10053.3,3389.3
9560,4764,157,4,1186.69,18.71,4728.05,1128.05
9561,4764,57,3,2097.22,0.97,6290.69,1997.69
9562,4765,160,3,2514.92,13.52,7531.24,1627.24
9563,4766,19,3,5980.37,10.78,17930.33,5594.33
9564,4766,126,4,6579.87,18.65,26300.83,7860.83
9565,4767,188,3,5532.23,2.43,16594.26,5521.26
9566,4767,98,1,3766.26,10.83,3755.43,1043.43
9567,4767,135,1,4537.82,11.72,4526.1,430.1
9568,4768,113,4,5653.4,5.7,22607.9,3895.9
9569,4769,122,3,7212.86,19.02,21619.56,7495.56
9570,4770,86,2,1091.11,12.01,2170.21,656.21
9571,4771,196,3,638.3,6.43,1908.47,522.47
9572,4772,8,2,907.81,1.02,1814.6,410.6
9573,4773,52,4,448.48,17.38,1776.54,152.54
9574,4773,45,4,4565.43,19.26,18242.46,2366.46
9575,4774,64,2,7118.68,17.67,14219.69,4477.69
9576,4775,87,2,3417.67,12.59,6822.75,926.75
9577,4775,51,2,5007.82,10.22,10005.42,3301.42
9578,4775,189,4,4900.58,9.31,19593.01,2833.01
9579,4776,99,1,3956.07,5.84,3950.23,1378.23
9580,4776,136,2,3836.46,4.83,7668.09,730.09
9581,4776,141,1,3818.5,18.65,3799.85,448.85
9582,4777,2,4,3361.74,18.73,13428.23,1468.23
9583,4777,152,3,1890.92,14.29,5658.47,1815.47
9584,4778,137,1,7130.26,13.49,7116.77,2628.77
9585,4779,165,3,3471.22,1.44,10412.22,2537.22
9586,4779,22,1,4915.03,17.72,4897.31,910.31
9587,4779,145,4,792.87,8.96,3162.52,926.52
9588,4780,115,3,2618.2,7.82,7846.78,2878.78
9589,4781,100,2,4359.62,10.77,8708.47,1734.47
9590,4781,100,1,4359.62,1.22,4358.4,871.4
9591,4781,117,1,2834.64,3.44,2831.2,771.2
9592,4782,66,1,4903.31,9.42,4893.89,981.89
9593,4782,82,2,852.5,4.4,1700.6,456.6
9594,4782,105,2,4856.31,9.65,9702.97,1744.97
9595,4783,73,1,5457.97,10.44,5447.53,726.53
9596,4784,107,2,5511.95,4.75,11019.15,4059.15
9597,4784,137,2,7130.26,2.2,14258.32,5282.32
9598,4785,13,1,5553.96,4.69,5549.27,1279.27
9599,4785,175,3,4435.81,12.84,13294.59,2647.59
9600,4785,190,3,3100.22,2.38,9298.28,2791.28
9601,4786,23,2,2868.81,1.05,5736.57,1808.57
9602,4786,94,2,5544.85,18.76,11070.94,1140.94
9603,4787,51,3,5007.82,12.28,15011.18,4955.18
9604,4788,94,4,5544.85,12.93,22166.47,2306.47
9605,4789,51,2,5007.82,16.53,9999.11,3295.11
9606,4789,62,1,2352.48,18.8,2333.68,201.68
9607,4789,128,2,2167.32,12.53,4322.11,1366.11
9608,4790,105,3,4856.31,2.95,14565.98,2628.98
9609,4790,200,4,4099.17,2.02,16394.66,3738.66
9610,4790,91,4,4930.64,12.2,19710.36,4218.36
9611,4791,32,2,5678.29,3.78,11352.8,2418.8
9612,4791,31,4,5674.17,19.59,22677.09,5061.09
9613,4791,14,2,488.44,13.58,963.3,127.3
9614,4792,62,1,2352.48,19.7,2332.78,200.78
9615,4792,6,2,3476.76,14.54,6938.98,744.98
9616,4793,131,1,572.86,16.16,556.7,179.7
9617,4794,106,1,1926.7,9.33,1917.37,635.37
9618,4794,26,2,7539.95,16.53,15063.37,5483.37
9619,4795,64,2,7118.68,2.64,14234.72,4492.72
9620,4795,96,3,2765.79,2.75,8294.62,2237.62
9621,4795,188,2,5532.23,13.39,11051.07,3669.07
9622,4796,175,4,4435.81,10.34,17732.9,3536.9
9623,4796,46,1,7321.91,14.58,7307.33,2699.33
9624,4797,107,3,5511.95,13.03,16522.82,6082.82
9625,4797,6,4,3476.76,8.48,13898.56,1510.56
9626,4798,31,4,5674.17,4.37,22692.31,5076.31
9627,4798,174,2,1465.47,1.28,2929.66,339.66
9628,4799,97,1,6749.43,2.44,6746.99,2519.99
9629,4800,12,4,4572.81,19.17,18272.07,5892.07
9630,4801,48,1,3393.83,0.5,3393.33,662.33
9631,4801,194,1,7044.36,13.85,7030.51,2066.51
9632,4801,65,3,4404.24,2.49,13210.23,4075.23
9633,4802,79,4,789.02,6.65,3149.43,861.43
9634,4802,1,2,6087.96,4.36,12171.56,4481.56
9635,4802,121,2,2267.36,16.08,4518.64,990.64
9636,4803,44,2,2260.37,14.24,4506.5,492.5
9637,4804,7,3,5629.83,4.07,16885.42,2779.42
9638,4804,38,3,5028.62,13.86,15072.0,5076.0
9639,4805,32,2,5678.29,16.2,11340.38,2406.38
9640,4806,24,2,2037.73,2.42,4073.04,1081.04
9641,4806,195,3,3047.63,19.93,9122.96,2723.96
9642,4806,148,2,2839.22,17.22,5661.22,1999.22
9643,4807,121,1,2267.36,4.08,2263.28,499.28
9644,4807,104,1,1652.43,17.49,1634.94,312.94
9645,4807,7,3,5629.83,15.4,16874.09,2768.09
9646,4808,27,2,336.73,17.74,655.72,145.72
9647,4809,99,1,3956.07,1.0,3955.07,1383.07
9648,4810,2,4,3361.74,13.8,13433.16,1473.16
9649,4810,36,4,5135.84,9.43,20533.93,4413.93
9650,4810,181,4,3227.71,8.78,12902.06,2658.06
9651,4811,147,2,1363.26,2.1,2724.42,962.42
9652,4811,185,2,3574.96,13.91,7136.01,956.01
9653,4812,94,3,5544.85,8.83,16625.72,1730.72
9654,4813,88,4,5157.4,6.0,20623.6,2895.6
9655,4813,22,4,4915.03,8.85,19651.27,3703.27
9656,4813,105,3,4856.31,10.43,14558.5,2621.5
9657,4814,61,2,2566.03,3.02,5129.04,1903.04
9658,4814,101,4,7616.13,4.65,30459.87,10675.87
9659,4815,26,3,7539.95,18.41,22601.44,8231.44
9660,4815,108,1,1550.46,11.73,1538.73,340.73
9661,4815,166,2,1355.22,7.76,2702.68,332.68
9662,4816,154,2,4728.41,8.61,9448.21,2874.21
9663,4817,132,2,198.54,5.03,392.05,88.05
9664,4817,89,2,454.52,1.41,907.63,335.63
9665,4818,29,1,6088.79,1.35,6087.44,2124.44
9666,4818,158,4,6464.49,4.77,25853.19,5937.19
9667,4818,161,2,2333.99,5.69,4662.29,1420.29
9668,4819,169,2,6981.12,6.83,13955.41,3975.41
9669,4819,150,4,6284.22,15.34,25121.54,6929.54
9670,4820,158,1,6464.49,3.8,6460.69,1481.69
9671,4821,115,2,2618.2,16.78,5219.62,1907.62
9672,4821,139,3,1210.99,12.89,3620.08,953.08
9673,4821,10,4,1249.33,4.84,4992.48,700.48
9674,4822,22,1,4915.03,18.22,4896.81,909.81
9675,4823,91,4,4930.64,14.01,19708.55,4216.55
9676,4823,159,4,3489.26,14.15,13942.89,4586.89
9677,4823,141,4,3818.5,1.22,15272.78,1868.78
9678,4824,178,3,244.03,18.48,713.61,248.61
9679,4824,35,4,2598.33,0.79,10392.53,3200.53
9680,4824,185,3,3574.96,7.49,10717.39,1447.39
9681,4825,41,1,2657.03,17.73,2639.3,884.3
9682,4825,185,3,3574.96,13.9,10710.98,1440.98
9683,4825,141,1,3818.5,11.08,3807.42,456.42
9684,4826,81,2,5497.32,16.84,10977.8,1303.8
9685,4827,139,4,1210.99,9.78,4834.18,1278.18
9686,4828,42,3,2717.08,18.48,8132.76,1157.76
9687,4829,20,1,303.07,7.4,295.67,59.67
9688,4829,158,1,6464.49,2.99,6461.5,1482.5
9689,4829,15,4,5784.26,3.87,23133.17,5717.17
9690,4830,14,4,488.44,12.91,1940.85,268.85
9691,4831,128,2,2167.32,5.17,4329.47,1373.47
9692,4832,4,4,4963.98,9.41,19846.51,1862.51
9693,4832,117,1,2834.64,8.64,2826.0,766.0
9694,4833,92,2,1142.9,8.7,2277.1,229.1
9695,4834,86,4,1091.11,18.91,4345.53,1317.53
9696,4834,105,1,4856.31,2.22,4854.09,875.09
9697,4835,10,3,1249.33,8.39,3739.6,520.6
9698,4836,89,2,454.52,0.97,908.07,336.07
9699,4836,6,4,3476.76,15.96,13891.08,1503.08
9700,4837,153,2,3013.31,10.62,6016.0,914.0
9701,4837,170,4,250.43,17.16,984.56,180.56
9702,4837,93,2,278.24,4.54,551.94,95.94
9703,4838,74,2,2434.43,3.9,4864.96,1352.96
9704,4839,34,2,5835.24,13.77,11656.71,2314.71
9705,4839,4,1,4963.98,14.88,4949.1,453.1
9706,4839,102,2,6271.36,9.74,12532.98,3226.98
9707,4840,32,4,5678.29,10.44,22702.72,4834.72
9708,4840,63,2,5551.59,11.68,11091.5,3573.5
9709,4840,187,3,504.48,15.38,1498.06,538.06
9710,4841,86,4,1091.11,13.9,4350.54,1322.54
9711,4841,144,3,4410.54,1.11,13230.51,2970.51
9712,4841,130,3,7243.63,15.08,21715.81,8092.81
9713,4842,136,4,3836.46,15.66,15330.18,1454.18
9714,4842,158,1,6464.49,11.35,6453.14,1474.14
9715,4842,141,4,3818.5,4.38,15269.62,1865.62
9716,4843,84,1,1792.84,11.34,1781.5,572.5
9717,4844,107,2,5511.95,3.78,11020.12,4060.12
9718,4844,70,1,5087.1,13.5,5073.6,1567.6
9719,4844,192,2,6331.66,18.88,12644.44,2906.44
9720,4845,140,2,5410.03,4.86,10815.2,1991.2
9721,4845,115,4,2618.2,4.09,10468.71,3844.71
9722,4845,84,1,1792.84,6.53,1786.31,577.31
9723,4846,157,3,1186.69,11.37,3548.7,848.7
9724,4847,133,1,1476.81,6.47,1470.34,133.34
9725,4847,18,3,6294.01,6.84,18875.19,3986.19
9726,4848,78,2,1600.82,16.91,3184.73,824.73
9727,4848,119,2,2869.36,1.05,5737.67,1253.67
9728,4849,76,4,2598.97,0.76,10395.12,3267.12
9729,4849,123,1,3078.2,5.87,3072.33,836.33
9730,4850,12,3,4572.81,18.54,13699.89,4414.89
9731,4850,157,1,1186.69,12.08,1174.61,274.61
9732,4850,162,3,3776.05,8.86,11319.29,3762.29
9733,4851,169,4,6981.12,9.77,27914.71,7954.71
9734,4851,62,1,2352.48,18.6,2333.88,201.88
9735,4851,11,1,4727.45,4.87,4722.58,1565.58
9736,4852,111,1,2962.45,18.33,2944.12,645.12
9737,4852,151,1,2964.55,14.75,2949.8,273.8
9738,4853,6,3,3476.76,9.1,10421.18,1130.18
9739,4853,173,4,1527.03,4.33,6103.79,1155.79
9740,4854,188,2,5532.23,9.76,11054.7,3672.7
9741,4855,109,2,3992.5,16.41,7968.59,2358.59
9742,4856,95,4,3093.45,10.41,12363.39,3947.39
9743,4856,145,1,792.87,4.98,787.89,228.89
9744,4857,30,2,5234.76,16.49,10453.03,1755.03
9745,4858,158,1,6464.49,11.1,6453.39,1474.39
9746,4858,8,4,907.81,0.29,3630.95,822.95
9747,4859,177,3,2260.51,19.68,6761.85,1658.85
9748,4860,23,4,2868.81,11.15,11464.09,3608.09
9749,4860,170,3,250.43,7.01,744.28,141.28
9750,4861,100,1,4359.62,12.52,4347.1,860.1
9751,4861,90,2,4881.97,14.6,9749.34,2601.34
9752,4861,94,2,5544.85,5.88,11083.82,1153.82
9753,4862,47,2,5349.54,0.83,10698.25,2706.25
9754,4862,197,1,4180.68,9.42,4171.26,545.26
9755,4862,60,3,5461.59,7.08,16377.69,3414.69
9756,4863,151,1,2964.55,16.76,2947.79,271.79
9757,4864,100,4,4359.62,16.6,17421.88,3473.88
9758,4865,64,2,7118.68,12.3,14225.06,4483.06
9759,4865,187,1,504.48,8.81,495.67,175.67
9760,4866,168,2,360.61,9.62,711.6,81.6
9761,4867,116,2,3021.59,9.63,6033.55,1859.55
9762,4868,188,2,5532.23,18.22,11046.24,3664.24
9763,4869,109,1,3992.5,18.7,3973.8,1168.8
9764,4869,98,1,3766.26,3.86,3762.4,1050.4
9765,4869,49,3,5840.98,10.51,17512.43,3103.43
9766,4870,25,1,1979.19,15.56,1963.63,653.63
9767,4870,165,3,3471.22,0.25,10413.41,2538.41
9768,4870,165,2,3471.22,7.33,6935.11,1685.11
9769,4871,181,2,3227.71,17.62,6437.8,1315.8
9770,4872,87,4,3417.67,12.37,13658.31,1866.31
9771,4872,80,3,4102.63,5.94,12301.95,2272.95
9772,4872,118,4,5356.59,12.09,21414.27,5738.27
9773,4873,88,2,5157.4,3.25,10311.55,1447.55
9774,4874,22,1,4915.03,0.26,4914.77,927.77
9775,4874,112,3,650.07,6.82,1943.39,674.39
9776,4874,95,2,3093.45,0.19,6186.71,1978.71
9777,4875,7,4,5629.83,10.75,22508.57,3700.57
9778,4876,167,2,6421.3,3.77,12838.83,3514.83
9779,4876,35,1,2598.33,12.84,2585.49,787.49
9780,4877,120,1,1361.78,5.23,1356.55,449.55
9781,4877,76,3,2598.97,0.97,7795.94,2449.94
9782,4878,124,2,4391.54,5.91,8777.17,1737.17
9783,4878,158,2,6464.49,2.82,12926.16,2968.16
9784,4879,136,3,3836.46,17.9,11491.48,1084.48
9785,4880,114,3,4077.29,2.9,12228.97,4479.97
9786,4880,58,2,315.69,7.66,623.72,193.72
9787,4880,170,4,250.43,6.13,995.59,191.59
9788,4881,151,1,2964.55,14.77,2949.78,273.78
9789,4882,145,4,792.87,8.71,3162.77,926.77
9790,4883,55,3,6404.04,9.86,19202.26,6764.26
9791,4883,121,4,2267.36,2.72,9066.72,2010.72
9792,4883,153,2,3013.31,9.14,6017.48,915.48
9793,4884,50,3,5429.37,11.13,16276.98,5707.98
9794,4884,65,1,4404.24,9.85,4394.39,1349.39
9795,4884,129,1,1819.36,2.39,1816.97,570.97
9796,4885,120,4,1361.78,6.96,5440.16,1812.16
9797,4886,9,2,3616.76,12.89,7220.63,2438.63
9798,4886,162,1,3776.05,7.15,3768.9,1249.9
9799,4887,80,1,4102.63,13.39,4089.24,746.24
9800,4887,107,1,5511.95,2.31,5509.64,2029.64
9801,4888,145,1,792.87,19.23,773.64,214.64
9802,4889,180,4,3738.11,14.59,14937.85,3569.85
9803,4890,104,3,1652.43,19.24,4938.05,972.05
9804,4890,74,1,2434.43,11.17,2423.26,667.26
9805,4891,3,2,7696.6,16.05,15377.15,5389.15
9806,4891,147,2,1363.26,0.54,2725.98,963.98
9807,4892,5,3,1844.85,11.15,5523.4,1932.4
9808,4892,105,1,4856.31,14.26,4842.05,863.05
9809,4892,41,1,2657.03,16.24,2640.79,885.79
9810,4893,141,3,3818.5,4.41,11451.09,1398.09
9811,4894,196,4,638.3,4.61,2548.59,700.59
9812,4894,51,4,5007.82,8.41,20022.87,6614.87
9813,4895,90,2,4881.97,16.45,9747.49,2599.49
9814,4895,88,3,5157.4,9.47,15462.73,2166.73
9815,4895,181,2,3227.71,15.79,6439.63,1317.63
9816,4896,84,4,1792.84,7.08,7164.28,2328.28
9817,4896,136,2,3836.46,7.25,7665.67,727.67
9818,4897,178,3,244.03,1.44,730.65,265.65
9819,4897,8,4,907.81,12.8,3618.44,810.44
9820,4898,64,2,7118.68,11.42,14225.94,4483.94
9821,4898,177,1,2260.51,3.72,2256.79,555.79
9822,4899,48,1,3393.83,15.45,3378.38,647.38
9823,4900,116,1,3021.59,13.15,3008.44,921.44
9824,4900,167,2,6421.3,10.51,12832.09,3508.09
9825,4900,156,4,6188.4,15.91,24737.69,7929.69
9826,4901,189,4,4900.58,0.61,19601.71,2841.71
9827,4901,36,1,5135.84,8.47,5127.37,1097.37
9828,4901,8,3,907.81,2.18,2721.25,615.25
9829,4902,195,4,3047.63,9.48,12181.04,3649.04
9830,4902,87,2,3417.67,17.88,6817.46,921.46
9831,4903,50,4,5429.37,9.41,21708.07,7616.07
9832,4903,188,3,5532.23,2.91,16593.78,5520.78
9833,4904,183,4,3649.52,3.21,14594.87,4646.87
9834,4904,185,1,3574.96,16.27,3558.69,468.69
9835,4905,58,4,315.69,12.04,1250.72,390.72
9836,4905,190,3,3100.22,19.1,9281.56,2774.56
9837,4905,55,1,6404.04,15.17,6388.87,2242.87
9838,4906,155,1,4794.0,11.63,4782.37,1538.37
9839,4906,14,1,488.44,18.19,470.25,52.25
9840,4907,180,2,3738.11,14.28,7461.94,1777.94
9841,4907,164,2,3449.26,9.92,6888.6,1500.6
9842,4908,65,1,4404.24,18.34,4385.9,1340.9
9843,4909,57,4,2097.22,15.46,8373.42,2649.42
9844,4910,21,1,6119.99,7.84,6112.15,1231.15
9845,4910,126,4,6579.87,13.04,26306.44,7866.44
9846,4911,153,2,3013.31,13.56,6013.06,911.06
9847,4911,58,4,315.69,13.12,1249.64,389.64
9848,4911,63,4,5551.59,14.24,22192.12,7156.12
9849,4912,136,4,3836.46,2.95,15342.89,1466.89
9850,4912,19,1,5980.37,1.51,5978.86,1866.86
9851,4913,90,3,4881.97,5.43,14640.48,3918.48
9852,4913,125,3,2559.2,5.73,7671.87,1719.87
9853,4913,6,2,3476.76,17.92,6935.6,741.6
9854,4914,25,4,1979.19,16.32,7900.44,2660.44
9855,4914,154,1,4728.41,15.92,4712.49,1425.49
9856,4915,47,2,5349.54,2.85,10696.23,2704.23
9857,4915,61,4,2566.03,4.97,10259.15,3807.15
9858,4915,7,3,5629.83,15.19,16874.3,2768.3
9859,4916,13,4,5553.96,3.33,22212.51,5132.51
9860,4916,155,2,4794.0,2.44,9585.56,3097.56
9861,4916,94,3,5544.85,3.46,16631.09,1736.09
9862,4917,134,4,3568.12,2.84,14269.64,1641.64
9863,4918,100,2,4359.62,11.62,8707.62,1733.62
9864,4918,138,4,5451.69,5.64,21801.12,7293.12
9865,4919,187,3,504.48,11.71,1501.73,541.73
9866,4920,66,2,4903.31,7.72,9798.9,1974.9
9867,4921,105,2,4856.31,17.53,9695.09,1737.09
9868,4922,144,2,4410.54,0.13,8820.95,1980.95
9869,4922,5,3,1844.85,19.92,5514.63,1923.63
9870,4923,157,4,1186.69,0.22,4746.54,1146.54
9871,4923,164,4,3449.26,9.81,13787.23,3011.23
9872,4923,142,4,5775.74,19.77,23083.19,4171.19
9873,4924,104,1,1652.43,15.79,1636.64,314.64
9874,4924,87,4,3417.67,16.64,13654.04,1862.04
9875,4925,118,1,5356.59,8.17,5348.42,1429.42
9876,4926,45,4,4565.43,6.07,18255.65,2379.65
9877,4927,20,3,303.07,17.73,891.48,183.48
9878,4928,12,2,4572.81,0.25,9145.37,2955.37
9879,4929,125,4,2559.2,19.15,10217.65,2281.65
9880,4929,90,1,4881.97,13.82,4868.15,1294.15
9881,4930,178,3,244.03,9.27,722.82,257.82
9882,4930,190,4,3100.22,14.94,12385.94,3709.94
9883,4931,179,4,4824.55,8.16,19290.04,6442.04
9884,4931,141,4,3818.5,2.39,15271.61,1867.61
9885,4931,2,3,3361.74,19.18,10066.04,1096.04
9886,4932,128,4,2167.32,9.64,8659.64,2747.64
9887,4932,65,1,4404.24,5.05,4399.19,1354.19
9888,4933,102,2,6271.36,6.98,12535.74,3229.74
9889,4934,171,1,7270.84,1.74,7269.1,2586.1
9890,4934,110,3,1172.22,19.41,3497.25,926.25
9891,4934,46,2,7321.91,9.1,14634.72,5418.72
9892,4935,49,4,5840.98,2.88,23361.04,4149.04
9893,4935,3,3,7696.6,8.67,23081.13,8099.13
9894,4935,156,2,6188.4,18.02,12358.78,3954.78
9895,4936,87,1,3417.67,3.02,3414.65,466.65
9896,4936,144,4,4410.54,19.22,17622.94,3942.94
9897,4936,173,4,1527.03,4.04,6104.08,1156.08
9898,4937,68,1,2309.06,4.57,2304.49,395.49
9899,4938,50,4,5429.37,10.48,21707.0,7615.0
9900,4939,77,1,5661.33,3.53,5657.8,1377.8
9901,4940,19,1,5980.37,7.7,5972.67,1860.67
9902,4941,107,3,5511.95,3.5,16532.35,6092.35
9903,4942,80,4,4102.63,8.31,16402.21,3030.21
9904,4942,88,3,5157.4,11.68,15460.52,2164.52
9905,4942,123,2,3078.2,10.15,6146.25,1674.25
9906,4943,133,1,1476.81,1.5,1475.31,138.31
9907,4944,24,2,2037.73,5.29,4070.17,1078.17
9908,4945,109,4,3992.5,9.64,15960.36,4740.36
9909,4945,26,4,7539.95,15.21,30144.59,10984.59
9910,4946,52,2,448.48,10.34,886.62,74.62
9911,4946,53,1,1531.38,0.91,1530.47,551.47
9912,4947,78,4,1600.82,8.0,6395.28,1675.28
9913,4947,23,1,2868.81,9.39,2859.42,895.42
9914,4947,166,3,1355.22,4.93,4060.73,505.73
9915,4948,21,3,6119.99,18.07,18341.9,3698.9
9916,4948,124,3,4391.54,9.6,13165.02,2605.02
9917,4949,142,1,5775.74,3.51,5772.23,1044.23
9918,4949,15,2,5784.26,6.62,11561.9,2853.9
9919,4949,19,2,5980.37,0.02,11960.72,3736.72
9920,4950,92,3,1142.9,6.24,3422.46,350.46
9921,4950,128,1,2167.32,0.21,2167.11,689.11
9922,4951,141,4,3818.5,0.87,15273.13,1869.13
9923,4951,34,1,5835.24,19.69,5815.55,1144.55
9924,4951,50,3,5429.37,1.99,16286.12,5717.12
9925,4952,101,2,7616.13,10.78,15221.48,5329.48
9926,4953,3,2,7696.6,1.07,15392.13,5404.13
9927,4954,193,2,5092.0,17.3,10166.7,1060.7
9928,4954,143,1,1084.42,0.91,1083.51,323.51
9929,4955,10,4,1249.33,3.85,4993.47,701.47
9930,4955,169,3,6981.12,1.71,20941.65,5971.65
9931,4956,140,3,5410.03,16.22,16213.87,2977.87
9932,4957,68,4,2309.06,5.63,9230.61,1594.61
9933,4957,186,3,7914.83,9.91,23734.58,8881.58
9934,4958,170,1,250.43,15.41,235.02,34.02
9935,4959,124,4,4391.54,14.09,17552.07,3472.07
9936,4959,89,2,454.52,10.58,898.46,326.46
9937,4960,97,2,6749.43,13.99,13484.87,5030.87
9938,4960,89,1,454.52,9.32,445.2,159.2
9939,4961,61,1,2566.03,10.88,2555.15,942.15
9940,4961,46,4,7321.91,10.37,29277.27,10845.27
9941,4962,166,3,1355.22,8.25,4057.41,502.41
9942,4962,146,4,6386.06,17.73,25526.51,8750.51
9943,4962,52,4,448.48,13.76,1780.16,156.16
9944,4963,93,4,278.24,10.69,1102.27,190.27
9945,4963,188,3,5532.23,14.78,16581.91,5508.91
9946,4963,105,4,4856.31,6.98,19418.26,3502.26
9947,4964,56,3,4864.07,10.51,14581.7,2779.7
9948,4964,97,3,6749.43,19.99,20228.3,7547.3
9949,4965,7,1,5629.83,1.03,5628.8,926.8
9950,4965,167,1,6421.3,10.11,6411.19,1749.19
9951,4965,36,4,5135.84,18.46,20524.9,4404.9
9952,4966,41,2,2657.03,16.22,5297.84,1787.84
9953,4967,62,3,2352.48,11.56,7045.88,649.88
9954,4967,163,4,2701.47,15.44,10790.44,1610.44
9955,4967,179,2,4824.55,6.93,9642.17,3218.17
9956,4968,186,4,7914.83,4.89,31654.43,11850.43
9957,4969,47,4,5349.54,7.93,21390.23,5406.23
9958,4969,112,4,650.07,0.72,2599.56,907.56
9959,4969,2,1,3361.74,17.5,3344.24,354.24
9960,4970,158,2,6464.49,17.43,12911.55,2953.55
9961,4970,25,1,1979.19,12.18,1967.01,657.01
9962,4970,112,1,650.07,15.74,634.33,211.33
9963,4971,61,2,2566.03,4.9,5127.16,1901.16
9964,4971,111,4,2962.45,13.86,11835.94,2639.94
9965,4971,179,3,4824.55,13.74,14459.91,4823.91
9966,4972,21,4,6119.99,4.28,24475.68,4951.68
9967,4973,6,2,3476.76,17.43,6936.09,742.09
9968,4974,101,2,7616.13,19.09,15213.17,5321.17
9969,4975,174,1,1465.47,12.37,1453.1,158.1
9970,4975,141,2,3818.5,13.2,7623.8,921.8
9971,4975,72,1,5828.14,12.12,5816.02,1412.02
9972,4976,63,3,5551.59,5.81,16648.96,5371.96
9973,4976,64,2,7118.68,7.67,14229.69,4487.69
9974,4977,36,3,5135.84,3.04,15404.48,3314.48
9975,4977,191,4,933.8,19.56,3715.64,895.64
9976,4978,152,1,1890.92,17.37,1873.55,592.55
9977,4979,170,4,250.43,8.46,993.26,189.26
9978,4980,160,1,2514.92,3.49,2511.43,543.43
9979,4980,7,1,5629.83,3.7,5626.13,924.13
9980,4980,121,1,2267.36,12.65,2254.71,490.71
9981,4981,187,4,504.48,0.43,2017.49,737.49
9982,4981,200,2,4099.17,1.43,8196.91,1868.91
9983,4981,172,2,5175.17,13.81,10336.53,1600.53
9984,4982,41,2,2657.03,11.77,5302.29,1792.29
9985,4983,141,3,3818.5,6.87,11448.63,1395.63
9986,4984,168,4,360.61,7.03,1435.41,175.41
9987,4984,175,3,4435.81,3.16,13304.27,2657.27
9988,4984,175,3,4435.81,11.22,13296.21,2649.21
9989,4985,6,4,3476.76,9.14,13897.9,1509.9
9990,4985,37,2,1522.64,17.34,3027.94,831.94
9991,4986,181,1,3227.71,11.59,3216.12,655.12
9992,4986,27,2,336.73,6.18,667.28,157.28
9993,4987,59,1,1997.79,14.05,1983.74,301.74
9994,4987,59,2,1997.79,11.56,3984.02,620.02
9995,4988,49,2,5840.98,16.26,11665.7,2059.7
9996,4989,158,1,6464.49,2.36,6462.13,1483.13
9997,4990,130,3,7243.63,13.04,21717.85,8094.85
9998,4991,163,4,2701.47,5.99,10799.89,1619.89
9999,4992,64,1,7118.68,15.3,7103.38,2232.38
10000,4993,152,1,1890.92,13.05,1877.87,596.87
10001,4993,73,4,5457.97,11.18,21820.7,2936.7
10002,4993,161,1,2333.99,7.68,2326.31,705.31
10003,4994,29,4,6088.79,16.83,24338.33,8486.33
10004,4995,125,2,2559.2,4.24,5114.16,1146.16
10005,4995,112,4,650.07,9.92,2590.36,898.36
10006,4996,164,2,3449.26,10.96,6887.56,1499.56
10007,4996,153,4,3013.31,14.15,12039.09,1835.09
10008,4997,187,3,504.48,12.94,1500.5,540.5
10009,4998,5,2,1844.85,2.17,3687.53,1293.53
10010,4998,155,2,4794.0,17.68,9570.32,3082.32
10011,4998,52,4,448.48,11.53,1782.39,158.39
10012,4999,96,2,2765.79,19.38,5512.2,1474.2
10013,4999,175,1,4435.81,6.59,4429.22,880.22
10014,4999,6,4,3476.76,4.48,13902.56,1514.56
10015,5000,102,4,6271.36,6.34,25079.1,6467.1
